-- Generated by Craft v2.6.2966 on Mar 13, 2017, 10:18:02 PM.

--
-- Disable foreign key checks and autocommit.
--

SET FOREIGN_KEY_CHECKS = 0;
SET SQL_MODE = "NO_AUTO_VALUE_ON_ZERO";
SET AUTOCOMMIT = 0;
SET NAMES utf8;


DROP TABLE IF EXISTS `craft_assetfiles`;


--
-- Schema for table `craft_assetfiles`
--
CREATE TABLE `craft_assetfiles` (
  `id` int(11) NOT NULL,
  `sourceId` int(11) DEFAULT NULL,
  `folderId` int(11) NOT NULL,
  `filename` varchar(255) COLLATE utf8_unicode_ci NOT NULL,
  `kind` varchar(50) COLLATE utf8_unicode_ci NOT NULL DEFAULT 'unknown',
  `width` int(11) unsigned DEFAULT NULL,
  `height` int(11) unsigned DEFAULT NULL,
  `size` bigint(20) unsigned DEFAULT NULL,
  `dateModified` datetime DEFAULT NULL,
  `dateCreated` datetime NOT NULL,
  `dateUpdated` datetime NOT NULL,
  `uid` char(36) COLLATE utf8_unicode_ci NOT NULL DEFAULT '0',
  PRIMARY KEY (`id`),
  UNIQUE KEY `craft_assetfiles_filename_folderId_unq_idx` (`filename`,`folderId`),
  KEY `craft_assetfiles_sourceId_fk` (`sourceId`),
  KEY `craft_assetfiles_folderId_fk` (`folderId`)
) ENGINE=InnoDB DEFAULT CHARSET=utf8 COLLATE=utf8_unicode_ci;

--
-- Data for table `craft_assetfiles`
--

INSERT INTO `craft_assetfiles` (`id`, `sourceId`, `folderId`, `filename`, `kind`, `width`, `height`, `size`, `dateModified`, `dateCreated`, `dateUpdated`, `uid`) VALUES
 ('38', '1', '1', 'member.png', 'image', '1817', '1214', '659040', '2017-03-05 00:11:09', '2017-03-05 00:11:12', '2017-03-05 00:11:12', 'd3fa4d26-8ff7-4ddf-8716-550e97dfc2ba'),
 ('44', '2', '2', 'Screen-Shot-2017-03-04-at-5.44.26-PM.png', 'image', '1309', '921', '2242035', '2017-03-05 02:10:47', '2017-03-05 02:10:47', '2017-03-05 02:10:47', '9e553099-4a9b-46ca-8f1a-3beb907e576a'),
 ('45', '2', '2', 'Screen-Shot-2017-03-04-at-6.11.07-PM.png', 'image', '676', '389', '284662', '2017-03-05 02:11:19', '2017-03-05 02:11:19', '2017-03-05 02:11:19', 'b95dc0fa-c2b2-488a-8544-9471a278c3c7'),
 ('49', '3', '3', 'about-2.jpg', 'image', '1920', '1061', '348878', '2017-03-05 02:56:35', '2017-03-05 02:56:38', '2017-03-05 02:56:38', '6d6ca912-e251-4dcf-a897-050afdc0a4c2'),
 ('51', '3', '3', 'about.jpg', 'image', '1920', '1061', '337526', '2017-03-05 02:56:43', '2017-03-05 02:56:46', '2017-03-05 02:56:46', '9e3750e1-44b5-4b8a-aa67-2be8d853b839'),
 ('59', '4', '4', 'tw.svg', 'image', '33', '33', '782', '2017-03-05 03:37:27', '2017-03-05 03:37:29', '2017-03-05 03:37:29', 'fabe6f7a-383c-4f7f-8c6f-86a81dd63f61'),
 ('61', '4', '4', 'ig.svg', 'image', '33', '33', '1077', '2017-03-05 03:38:02', '2017-03-05 03:38:04', '2017-03-05 03:38:04', '292b6a1b-efec-418a-a75b-da4a5b394428'),
 ('64', '4', '4', 'fb.svg', 'image', '33', '33', '518', '2017-03-05 03:38:27', '2017-03-05 03:38:29', '2017-03-05 03:38:29', '7fbbbe22-85f7-4de1-8fdb-2c8302413adf'),
 ('80', '5', '5', 'event-slide-1.png', 'image', '752', '502', '622383', '2017-03-05 17:38:22', '2017-03-05 17:38:24', '2017-03-05 17:38:24', 'a87c6674-24da-43d9-9802-8e665b9350fc'),
 ('83', '5', '5', 'event-slide-2.png', 'image', '752', '502', '650573', '2017-03-05 17:38:42', '2017-03-05 17:38:44', '2017-03-05 17:38:44', '648d05da-bae9-41d7-828e-54f5bfae30b8'),
 ('86', '5', '5', 'event-slide-3.png', 'image', '752', '502', '783976', '2017-03-05 17:39:01', '2017-03-05 17:39:04', '2017-03-05 17:39:04', 'd57033a9-e4b9-45f1-8bfc-b276a1e517c3');



DROP TABLE IF EXISTS `craft_assetfolders`;


--
-- Schema for table `craft_assetfolders`
--
CREATE TABLE `craft_assetfolders` (
  `id` int(11) NOT NULL AUTO_INCREMENT,
  `parentId` int(11) DEFAULT NULL,
  `sourceId` int(11) DEFAULT NULL,
  `name` varchar(255) COLLATE utf8_unicode_ci NOT NULL,
  `path` varchar(255) COLLATE utf8_unicode_ci DEFAULT NULL,
  `dateCreated` datetime NOT NULL,
  `dateUpdated` datetime NOT NULL,
  `uid` char(36) COLLATE utf8_unicode_ci NOT NULL DEFAULT '0',
  PRIMARY KEY (`id`),
  UNIQUE KEY `craft_assetfolders_name_parentId_sourceId_unq_idx` (`name`,`parentId`,`sourceId`),
  KEY `craft_assetfolders_parentId_fk` (`parentId`),
  KEY `craft_assetfolders_sourceId_fk` (`sourceId`)
) ENGINE=InnoDB AUTO_INCREMENT=6 DEFAULT CHARSET=utf8 COLLATE=utf8_unicode_ci;

--
-- Data for table `craft_assetfolders`
--

INSERT INTO `craft_assetfolders` (`id`, `parentId`, `sourceId`, `name`, `path`, `dateCreated`, `dateUpdated`, `uid`) VALUES
 ('1', NULL, '1', 'Family', '', '2017-03-05 00:06:00', '2017-03-05 00:06:00', '70f785ef-2394-4e87-9293-08a6092ae2b2'),
 ('2', NULL, '2', 'Press Media', '', '2017-03-05 01:42:19', '2017-03-05 01:49:02', '77b6689b-c66c-417b-bc8a-c7eb6856ceb9'),
 ('3', NULL, '3', 'About Us Slides', '', '2017-03-05 02:54:38', '2017-03-05 02:54:38', '44570319-5072-4744-a4d2-751e9722e074'),
 ('4', NULL, '4', 'social icons', '', '2017-03-05 03:33:35', '2017-03-05 03:33:35', '387b706f-3552-4123-a858-aa55e6479d4f'),
 ('5', NULL, '5', 'events slides', '', '2017-03-05 17:34:29', '2017-03-05 17:34:29', '0bcf9998-922f-4533-93d5-71697159e130');



DROP TABLE IF EXISTS `craft_assetindexdata`;


--
-- Schema for table `craft_assetindexdata`
--
CREATE TABLE `craft_assetindexdata` (
  `id` int(11) NOT NULL AUTO_INCREMENT,
  `sessionId` varchar(36) COLLATE utf8_unicode_ci NOT NULL DEFAULT '',
  `sourceId` int(10) NOT NULL,
  `offset` int(10) NOT NULL,
  `uri` varchar(255) COLLATE utf8_unicode_ci DEFAULT NULL,
  `size` varchar(255) COLLATE utf8_unicode_ci DEFAULT NULL,
  `recordId` int(10) DEFAULT NULL,
  `dateCreated` datetime NOT NULL,
  `dateUpdated` datetime NOT NULL,
  `uid` char(36) COLLATE utf8_unicode_ci NOT NULL DEFAULT '0',
  PRIMARY KEY (`id`),
  UNIQUE KEY `craft_assetindexdata_sessionId_sourceId_offset_unq_idx` (`sessionId`,`sourceId`,`offset`),
  KEY `craft_assetindexdata_sourceId_fk` (`sourceId`)
) ENGINE=InnoDB DEFAULT CHARSET=utf8 COLLATE=utf8_unicode_ci;

DROP TABLE IF EXISTS `craft_assetsources`;


--
-- Schema for table `craft_assetsources`
--
CREATE TABLE `craft_assetsources` (
  `id` int(11) NOT NULL AUTO_INCREMENT,
  `name` varchar(255) COLLATE utf8_unicode_ci NOT NULL,
  `handle` varchar(255) COLLATE utf8_unicode_ci NOT NULL,
  `type` varchar(150) COLLATE utf8_unicode_ci NOT NULL,
  `settings` text COLLATE utf8_unicode_ci,
  `sortOrder` smallint(6) unsigned DEFAULT NULL,
  `fieldLayoutId` int(10) DEFAULT NULL,
  `dateCreated` datetime NOT NULL,
  `dateUpdated` datetime NOT NULL,
  `uid` char(36) COLLATE utf8_unicode_ci NOT NULL DEFAULT '0',
  PRIMARY KEY (`id`),
  UNIQUE KEY `craft_assetsources_name_unq_idx` (`name`),
  UNIQUE KEY `craft_assetsources_handle_unq_idx` (`handle`),
  KEY `craft_assetsources_fieldLayoutId_fk` (`fieldLayoutId`)
) ENGINE=InnoDB AUTO_INCREMENT=6 DEFAULT CHARSET=utf8 COLLATE=utf8_unicode_ci;

--
-- Data for table `craft_assetsources`
--

INSERT INTO `craft_assetsources` (`id`, `name`, `handle`, `type`, `settings`, `sortOrder`, `fieldLayoutId`, `dateCreated`, `dateUpdated`, `uid`) VALUES
 ('1', 'Family', 'family', 'Local', '{\"path\":\"img\\/family\\/\",\"publicURLs\":\"1\",\"url\":\"\\/img\\/family\\/\"}', '1', '101', '2017-03-05 00:06:00', '2017-03-05 00:10:55', '84973015-c3fc-4396-8040-7cff213ef1f3'),
 ('2', 'Press Media', 'pressMedia', 'Local', '{\"path\":\"img\\/media\\/\",\"publicURLs\":\"1\",\"url\":\"\\/img\\/media\\/\"}', '2', '108', '2017-03-05 01:42:19', '2017-03-05 01:49:02', '14948550-0811-4756-9e6a-489210f3251b'),
 ('3', 'About Us Slides', 'aboutUsSlides', 'Local', '{\"path\":\"img\\/about-slides\\/\",\"publicURLs\":\"1\",\"url\":\"\\/img\\/about-slides\\/\"}', '3', '111', '2017-03-05 02:54:38', '2017-03-05 02:54:38', '8507c448-4cd7-42a1-a5fe-e7dfd6c4cb6f'),
 ('4', 'social icons', 'socialIcons', 'Local', '{\"path\":\"img\\/social\\/\",\"publicURLs\":\"1\",\"url\":\"\\/img\\/social\\/\"}', '4', '118', '2017-03-05 03:33:35', '2017-03-05 03:33:35', '1b1835d6-3aaa-43f5-918c-7d66985b5cbb'),
 ('5', 'events slides', 'eventsSlides', 'Local', '{\"path\":\"img\\/events-slides\\/\",\"publicURLs\":\"1\",\"url\":\"\\/img\\/events-slides\\/\"}', '5', '137', '2017-03-05 17:34:29', '2017-03-05 17:34:29', '153e1d84-f88f-4c41-a6ae-d1c95493c50c');



DROP TABLE IF EXISTS `craft_assettransformindex`;


--
-- Schema for table `craft_assettransformindex`
--
CREATE TABLE `craft_assettransformindex` (
  `id` int(11) NOT NULL AUTO_INCREMENT,
  `fileId` int(11) NOT NULL,
  `filename` varchar(255) COLLATE utf8_unicode_ci DEFAULT NULL,
  `format` varchar(255) COLLATE utf8_unicode_ci DEFAULT NULL,
  `location` varchar(255) COLLATE utf8_unicode_ci NOT NULL,
  `sourceId` int(11) DEFAULT NULL,
  `fileExists` tinyint(1) DEFAULT NULL,
  `inProgress` tinyint(1) DEFAULT NULL,
  `dateIndexed` datetime DEFAULT NULL,
  `dateCreated` datetime NOT NULL,
  `dateUpdated` datetime NOT NULL,
  `uid` char(36) COLLATE utf8_unicode_ci NOT NULL DEFAULT '0',
  PRIMARY KEY (`id`),
  KEY `craft_assettransformindex_sourceId_fileId_location_idx` (`sourceId`,`fileId`,`location`)
) ENGINE=InnoDB AUTO_INCREMENT=7 DEFAULT CHARSET=utf8 COLLATE=utf8_unicode_ci;

DROP TABLE IF EXISTS `craft_assettransforms`;


--
-- Schema for table `craft_assettransforms`
--
CREATE TABLE `craft_assettransforms` (
  `id` int(11) NOT NULL AUTO_INCREMENT,
  `name` varchar(255) COLLATE utf8_unicode_ci NOT NULL,
  `handle` varchar(255) COLLATE utf8_unicode_ci NOT NULL,
  `mode` enum('stretch','fit','crop') COLLATE utf8_unicode_ci NOT NULL DEFAULT 'crop',
  `position` enum('top-left','top-center','top-right','center-left','center-center','center-right','bottom-left','bottom-center','bottom-right') COLLATE utf8_unicode_ci NOT NULL DEFAULT 'center-center',
  `height` int(10) DEFAULT NULL,
  `width` int(10) DEFAULT NULL,
  `format` varchar(255) COLLATE utf8_unicode_ci DEFAULT NULL,
  `quality` int(10) DEFAULT NULL,
  `dimensionChangeTime` datetime DEFAULT NULL,
  `dateCreated` datetime NOT NULL,
  `dateUpdated` datetime NOT NULL,
  `uid` char(36) COLLATE utf8_unicode_ci NOT NULL DEFAULT '0',
  PRIMARY KEY (`id`),
  UNIQUE KEY `craft_assettransforms_name_unq_idx` (`name`),
  UNIQUE KEY `craft_assettransforms_handle_unq_idx` (`handle`)
) ENGINE=InnoDB AUTO_INCREMENT=2 DEFAULT CHARSET=utf8 COLLATE=utf8_unicode_ci;

--
-- Data for table `craft_assettransforms`
--

INSERT INTO `craft_assettransforms` (`id`, `name`, `handle`, `mode`, `position`, `height`, `width`, `format`, `quality`, `dimensionChangeTime`, `dateCreated`, `dateUpdated`, `uid`) VALUES
 ('1', 'thumb', 'thumb', 'crop', 'center-center', '300', '300', 'jpg', '82', '2017-03-05 02:14:24', '2017-03-05 02:13:45', '2017-03-05 02:14:24', 'a569b226-8250-4354-9ecc-fdd07fe67877');



DROP TABLE IF EXISTS `craft_categories`;


--
-- Schema for table `craft_categories`
--
CREATE TABLE `craft_categories` (
  `id` int(11) NOT NULL,
  `groupId` int(11) NOT NULL,
  `dateCreated` datetime NOT NULL,
  `dateUpdated` datetime NOT NULL,
  `uid` char(36) COLLATE utf8_unicode_ci NOT NULL DEFAULT '0',
  PRIMARY KEY (`id`),
  KEY `craft_categories_groupId_fk` (`groupId`)
) ENGINE=InnoDB DEFAULT CHARSET=utf8 COLLATE=utf8_unicode_ci;

DROP TABLE IF EXISTS `craft_categorygroups`;


--
-- Schema for table `craft_categorygroups`
--
CREATE TABLE `craft_categorygroups` (
  `id` int(11) NOT NULL AUTO_INCREMENT,
  `structureId` int(11) NOT NULL,
  `fieldLayoutId` int(11) DEFAULT NULL,
  `name` varchar(255) COLLATE utf8_unicode_ci NOT NULL,
  `handle` varchar(255) COLLATE utf8_unicode_ci NOT NULL,
  `hasUrls` tinyint(1) unsigned NOT NULL DEFAULT '1',
  `template` varchar(500) COLLATE utf8_unicode_ci DEFAULT NULL,
  `dateCreated` datetime NOT NULL,
  `dateUpdated` datetime NOT NULL,
  `uid` char(36) COLLATE utf8_unicode_ci NOT NULL DEFAULT '0',
  PRIMARY KEY (`id`),
  UNIQUE KEY `craft_categorygroups_name_unq_idx` (`name`),
  UNIQUE KEY `craft_categorygroups_handle_unq_idx` (`handle`),
  KEY `craft_categorygroups_structureId_fk` (`structureId`),
  KEY `craft_categorygroups_fieldLayoutId_fk` (`fieldLayoutId`)
) ENGINE=InnoDB DEFAULT CHARSET=utf8 COLLATE=utf8_unicode_ci;

DROP TABLE IF EXISTS `craft_categorygroups_i18n`;


--
-- Schema for table `craft_categorygroups_i18n`
--
CREATE TABLE `craft_categorygroups_i18n` (
  `id` int(11) NOT NULL AUTO_INCREMENT,
  `groupId` int(11) NOT NULL,
  `locale` char(12) COLLATE utf8_unicode_ci NOT NULL,
  `urlFormat` text COLLATE utf8_unicode_ci,
  `nestedUrlFormat` text COLLATE utf8_unicode_ci,
  `dateCreated` datetime NOT NULL,
  `dateUpdated` datetime NOT NULL,
  `uid` char(36) COLLATE utf8_unicode_ci NOT NULL DEFAULT '0',
  PRIMARY KEY (`id`),
  UNIQUE KEY `craft_categorygroups_i18n_groupId_locale_unq_idx` (`groupId`,`locale`),
  KEY `craft_categorygroups_i18n_locale_fk` (`locale`)
) ENGINE=InnoDB DEFAULT CHARSET=utf8 COLLATE=utf8_unicode_ci;

DROP TABLE IF EXISTS `craft_content`;


--
-- Schema for table `craft_content`
--
CREATE TABLE `craft_content` (
  `id` int(11) NOT NULL AUTO_INCREMENT,
  `elementId` int(11) NOT NULL,
  `locale` char(12) COLLATE utf8_unicode_ci NOT NULL,
  `title` varchar(255) COLLATE utf8_unicode_ci DEFAULT NULL,
  `field_body` text COLLATE utf8_unicode_ci,
  `field_price` text COLLATE utf8_unicode_ci,
  `field_linkUrl` text COLLATE utf8_unicode_ci,
  `field_navigationLinks` text COLLATE utf8_unicode_ci,
  `field_line1` text COLLATE utf8_unicode_ci,
  `field_line2` text COLLATE utf8_unicode_ci,
  `field_line3Bottom` text COLLATE utf8_unicode_ci,
  `field_pressLinkUrl` text COLLATE utf8_unicode_ci,
  `field_pressLinkText` text COLLATE utf8_unicode_ci,
  `dateCreated` datetime NOT NULL,
  `dateUpdated` datetime NOT NULL,
  `uid` char(36) COLLATE utf8_unicode_ci NOT NULL DEFAULT '0',
  PRIMARY KEY (`id`),
  UNIQUE KEY `craft_content_elementId_locale_unq_idx` (`elementId`,`locale`),
  KEY `craft_content_title_idx` (`title`),
  KEY `craft_content_locale_fk` (`locale`)
) ENGINE=InnoDB AUTO_INCREMENT=67 DEFAULT CHARSET=utf8 COLLATE=utf8_unicode_ci;

--
-- Data for table `craft_content`
--

INSERT INTO `craft_content` (`id`, `elementId`, `locale`, `title`, `field_body`, `field_price`, `field_linkUrl`, `field_navigationLinks`, `field_line1`, `field_line2`, `field_line3Bottom`, `field_pressLinkUrl`, `field_pressLinkText`, `dateCreated`, `dateUpdated`, `uid`) VALUES
 ('1', '1', 'en_us', NULL, NULL, NULL, NULL, NULL, NULL, NULL, NULL, NULL, NULL, '2017-03-04 21:05:16', '2017-03-04 21:05:16', '65e5452c-62f9-4793-bb49-09733d771218'),
 ('2', '2', 'en_us', 'MBAR Seattle', '<p>Body</p>', NULL, NULL, NULL, NULL, NULL, NULL, NULL, NULL, '2017-03-04 21:05:19', '2017-03-11 01:19:40', '342b50a8-6775-4dd9-bf1e-00998ec7efc6'),
 ('3', '3', 'en_us', 'We just installed Craft!', '<p>Craft is the CMS that’s powering Localhost. It’s beautiful, powerful, flexible, and easy-to-use, and it’s made by Pixel &amp; Tonic. We can’t wait to dive in and see what it’s capable of!</p>\n<!--pagebreak-->\n<p>This is even more captivating content, which you couldn’t see on the News index page because it was entered after a Page Break, and the News index template only likes to show the content on the first page.</p>\n<p>Craft: a nice alternative to Word, if you’re making a website.</p>', NULL, NULL, NULL, NULL, NULL, NULL, NULL, NULL, '2017-03-04 21:05:20', '2017-03-04 21:10:42', '9ed71456-f5aa-4510-8dcd-bd2175c3b343'),
 ('5', '15', 'en_us', 'breakfast', NULL, NULL, NULL, NULL, NULL, NULL, NULL, NULL, NULL, '2017-03-04 22:47:17', '2017-03-04 23:41:34', '5687348c-c305-46cc-9555-d16b4fdd2eff'),
 ('6', '16', 'en_us', 'lunch', NULL, NULL, NULL, NULL, NULL, NULL, NULL, NULL, NULL, '2017-03-04 22:47:24', '2017-03-04 23:42:15', '9d0e9f73-d3dd-4a77-adb3-d83c00cab447'),
 ('7', '17', 'en_us', 'happy hour', NULL, NULL, NULL, NULL, NULL, NULL, NULL, NULL, NULL, '2017-03-04 22:47:32', '2017-03-04 23:51:17', '9aed0f5c-735b-4e1f-9e92-eb3fdb231095'),
 ('8', '18', 'en_us', 'dinner', NULL, NULL, NULL, NULL, NULL, NULL, NULL, NULL, NULL, '2017-03-04 22:47:40', '2017-03-04 23:52:03', 'f0ab247d-642c-4af1-a5aa-e62f02fbb236'),
 ('9', '23', 'en_us', 'lamb ribs', NULL, '5', NULL, NULL, NULL, NULL, NULL, NULL, NULL, '2017-03-04 23:37:12', '2017-03-04 23:40:25', 'a281e133-c610-4efc-8cc8-6ced94a45acb'),
 ('10', '24', 'en_us', 'chicken wings', NULL, '10', NULL, NULL, NULL, NULL, NULL, NULL, NULL, '2017-03-04 23:40:34', '2017-03-04 23:40:34', '0fd15476-c892-4bcc-9825-de620cff0d1c'),
 ('13', '38', 'en_us', 'Member', NULL, NULL, NULL, NULL, NULL, NULL, NULL, NULL, NULL, '2017-03-05 00:11:12', '2017-03-05 00:11:12', 'bb64fe5c-ef1e-4643-a446-b8df07cf1ea5'),
 ('19', '44', 'en_us', 'Screen Shot 2017 03 04 At 5 44 26 Pm', NULL, NULL, NULL, NULL, NULL, NULL, NULL, NULL, NULL, '2017-03-05 02:10:47', '2017-03-05 02:10:47', 'f9af1160-1412-46e8-8906-3392c47cd42f'),
 ('20', '45', 'en_us', 'Screen Shot 2017 03 04 At 6 11 07 Pm', NULL, NULL, NULL, NULL, NULL, NULL, NULL, NULL, NULL, '2017-03-05 02:11:19', '2017-03-05 02:11:19', '2f3af452-5fc1-465d-87a1-4306ef320576'),
 ('23', '49', 'en_us', 'About 2', NULL, NULL, NULL, NULL, NULL, NULL, NULL, NULL, NULL, '2017-03-05 02:56:37', '2017-03-05 02:56:38', 'f9c544e5-50c5-4c72-bee2-818217e628c1'),
 ('25', '51', 'en_us', 'About', NULL, NULL, NULL, NULL, NULL, NULL, NULL, NULL, NULL, '2017-03-05 02:56:46', '2017-03-05 02:56:46', 'e62e37d6-374b-4afa-8d0c-2804cfa8edfb'),
 ('29', '55', 'en_us', 'slide 1', '<p>slide 1 first First paragraph Lorem ipsum dolor sit amet, consectetuer adipiscing elit, sed diam nonummy nibh euismod tincidunt ut laoreet dolore magna aliquam erat volutpat. Ut wisi enim ad minim veniam, quisaliquam erat volutpatLorem ipsum dolor sit amet, consectetuer adipiscing elit ipsum dolor sit amet.</p>', NULL, NULL, NULL, NULL, NULL, NULL, NULL, NULL, '2017-03-05 03:11:52', '2017-03-05 03:11:52', '8ca6b792-22d1-43ae-9a44-4b58ee443591'),
 ('30', '56', 'en_us', 'slide 2', '<p>slide two first First paragraph Lorem ipsum dolor sit amet, consectetuer adipiscing elit, sed diam nonummy nibh euismod tincidunt ut laoreet dolore magna aliquam erat volutpat. Ut wisi enim ad minim veniam, quisaliquam erat volutpatLorem ipsum dolor sit amet, consectetuer adipiscing elit ipsum dolor sit amet.</p>', NULL, NULL, NULL, NULL, NULL, NULL, NULL, NULL, '2017-03-05 03:12:12', '2017-03-05 03:12:12', '7051573b-b994-43ba-b8fb-1c94a77e67dd'),
 ('31', '57', 'en_us', 'twitter', NULL, NULL, 'http://twitter.com/mbar', NULL, NULL, NULL, NULL, NULL, NULL, '2017-03-05 03:32:34', '2017-03-05 03:37:44', '96098c09-dafc-4285-8700-2a69cec5fec5'),
 ('33', '59', 'en_us', 'Tw', NULL, NULL, NULL, NULL, NULL, NULL, NULL, NULL, NULL, '2017-03-05 03:37:29', '2017-03-05 03:37:29', '4234cdbd-f887-4231-a034-f26fc071948b'),
 ('35', '61', 'en_us', 'Ig', NULL, NULL, NULL, NULL, NULL, NULL, NULL, NULL, NULL, '2017-03-05 03:38:04', '2017-03-05 03:38:04', 'df17dd96-81c9-408e-8b40-b0b19c6a8e1f'),
 ('36', '62', 'en_us', 'instagram', NULL, NULL, 'http://instagram.com/mbar', NULL, NULL, NULL, NULL, NULL, NULL, '2017-03-05 03:38:13', '2017-03-05 03:48:29', '57f83fef-0b5c-4f04-b3a6-ac7323e681f8'),
 ('38', '64', 'en_us', 'Fb', NULL, NULL, NULL, NULL, NULL, NULL, NULL, NULL, NULL, '2017-03-05 03:38:29', '2017-03-05 03:38:29', 'b3cf67f1-cd1a-49e7-b5a4-d179dcea9f4a'),
 ('39', '65', 'en_us', 'facebook', NULL, NULL, 'http://facebook.com/mbar', NULL, NULL, NULL, NULL, NULL, NULL, '2017-03-05 03:38:38', '2017-03-05 03:48:38', 'e017df21-45f3-4a4f-b0ca-825c36c0a1c4'),
 ('46', '72', 'en_us', 'about', NULL, NULL, NULL, NULL, NULL, NULL, NULL, NULL, NULL, '2017-03-05 04:11:57', '2017-03-05 04:11:57', '053c9862-7b1f-4781-889f-7e24019976eb'),
 ('47', '73', 'en_us', 'menu', NULL, NULL, NULL, NULL, NULL, NULL, NULL, NULL, NULL, '2017-03-05 04:12:04', '2017-03-05 04:12:04', '4a2c4e5e-168c-445b-9cf5-ed0185f74515'),
 ('48', '74', 'en_us', 'find us', NULL, NULL, NULL, NULL, NULL, NULL, NULL, NULL, NULL, '2017-03-05 04:12:12', '2017-03-05 04:12:12', '93d81fb5-3b85-4d05-8c84-7c2c22a1a99b'),
 ('49', '75', 'en_us', 'media', NULL, NULL, NULL, NULL, NULL, NULL, NULL, NULL, NULL, '2017-03-05 04:12:19', '2017-03-05 04:12:19', '7debcffa-9827-4b13-a6e7-f97974a81d94'),
 ('50', '76', 'en_us', 'events booking', NULL, NULL, NULL, NULL, NULL, NULL, NULL, NULL, NULL, '2017-03-05 04:12:28', '2017-03-05 04:12:28', '8533e0f2-1d03-4d22-9cee-d7b57dea2f87'),
 ('51', '77', 'en_us', 'our family', NULL, NULL, NULL, NULL, NULL, NULL, NULL, NULL, NULL, '2017-03-05 04:12:48', '2017-03-05 04:12:48', '65a00168-53b0-421b-8b7b-1c5fe9e052ab'),
 ('52', '78', 'en_us', 'schedule items', NULL, NULL, NULL, NULL, 'tuesday/wednesday 4-9   thursday 4-11   friday 4-11   saturday 5-11   sunday 5-9', 'Happy Hour 4-6 (on patio weather permitting)', '400 Fairview Ave N, Seattle, WA 98109', NULL, NULL, '2017-03-05 17:24:01', '2017-03-05 17:24:01', '51ba37e9-f958-44d2-8117-194fa2b4b29b'),
 ('54', '80', 'en_us', 'Event Slide 1', NULL, NULL, NULL, NULL, NULL, NULL, NULL, NULL, NULL, '2017-03-05 17:38:24', '2017-03-05 17:38:24', 'ac66eb5b-dba2-4ce2-a555-cbb49b1d0405'),
 ('55', '81', 'en_us', 'slide 1', NULL, NULL, NULL, NULL, NULL, NULL, NULL, NULL, NULL, '2017-03-05 17:38:30', '2017-03-05 17:38:30', '56b2f5f7-fb82-4059-ae47-14b4170b067a'),
 ('57', '83', 'en_us', 'Event Slide 2', NULL, NULL, NULL, NULL, NULL, NULL, NULL, NULL, NULL, '2017-03-05 17:38:44', '2017-03-05 17:38:44', '722da735-ca67-4456-807b-374d74610644'),
 ('58', '84', 'en_us', 'slide 2', NULL, NULL, NULL, NULL, NULL, NULL, NULL, NULL, NULL, '2017-03-05 17:38:47', '2017-03-05 17:38:47', '802985ea-f6d5-4e35-8635-d5e21e01929f'),
 ('60', '86', 'en_us', 'Event Slide 3', NULL, NULL, NULL, NULL, NULL, NULL, NULL, NULL, NULL, '2017-03-05 17:39:03', '2017-03-05 17:39:04', 'ceccb8e8-f909-439b-a252-4f1a7a830b2c'),
 ('61', '87', 'en_us', 'slide 3', NULL, NULL, NULL, NULL, NULL, NULL, NULL, NULL, NULL, '2017-03-05 17:39:07', '2017-03-05 17:39:07', '3140d15d-8a46-4914-ad11-7e13682c6133'),
 ('62', '88', 'en_us', 'wassef', '<p>racha</p>', NULL, NULL, NULL, NULL, NULL, NULL, NULL, NULL, '2017-03-05 17:58:56', '2017-03-05 17:58:56', '8f6aa590-5b66-4b59-9c50-2644aa6698e0'),
 ('63', '89', 'en_us', 'racha', '<p>haroun</p>', NULL, NULL, NULL, NULL, NULL, NULL, NULL, NULL, '2017-03-05 17:59:09', '2017-03-05 17:59:09', '13647960-d34b-4d99-83f4-c5e4d5a0208c'),
 ('64', '90', 'en_us', 'new york times', '<p>heres an article</p>', NULL, NULL, NULL, NULL, NULL, NULL, 'http://nyt.com', 'new york times', '2017-03-05 18:02:52', '2017-03-05 18:15:21', '49ef7fd1-2427-4f0d-aa5f-4d6d24e8395e'),
 ('65', '91', 'en_us', 'seattle metro', '<p>seattle metro look</p>', NULL, NULL, NULL, NULL, NULL, NULL, 'http://seattlemetro.com', 'seattle metro', '2017-03-05 18:03:14', '2017-03-05 18:15:12', '931a1946-bd85-46bc-acd0-a40d4979fdaa'),
 ('66', '92', 'en_us', 'new pasta', '<p>yum</p>', NULL, NULL, NULL, NULL, NULL, NULL, NULL, NULL, '2017-03-13 22:13:23', '2017-03-13 22:14:31', '02ca2dce-e107-4d7b-a201-292b070cfe91');



DROP TABLE IF EXISTS `craft_deprecationerrors`;


--
-- Schema for table `craft_deprecationerrors`
--
CREATE TABLE `craft_deprecationerrors` (
  `id` int(11) NOT NULL AUTO_INCREMENT,
  `key` varchar(255) COLLATE utf8_unicode_ci NOT NULL,
  `fingerprint` varchar(255) COLLATE utf8_unicode_ci NOT NULL,
  `lastOccurrence` datetime NOT NULL,
  `file` varchar(255) COLLATE utf8_unicode_ci NOT NULL,
  `line` smallint(6) unsigned NOT NULL,
  `class` varchar(255) COLLATE utf8_unicode_ci DEFAULT NULL,
  `method` varchar(255) COLLATE utf8_unicode_ci DEFAULT NULL,
  `template` varchar(255) COLLATE utf8_unicode_ci DEFAULT NULL,
  `templateLine` smallint(6) unsigned DEFAULT NULL,
  `message` varchar(255) COLLATE utf8_unicode_ci DEFAULT NULL,
  `traces` text COLLATE utf8_unicode_ci,
  `dateCreated` datetime NOT NULL,
  `dateUpdated` datetime NOT NULL,
  `uid` char(36) COLLATE utf8_unicode_ci NOT NULL DEFAULT '0',
  PRIMARY KEY (`id`),
  UNIQUE KEY `craft_deprecationerrors_key_fingerprint_unq_idx` (`key`,`fingerprint`)
) ENGINE=InnoDB DEFAULT CHARSET=utf8 COLLATE=utf8_unicode_ci;

DROP TABLE IF EXISTS `craft_elementindexsettings`;


--
-- Schema for table `craft_elementindexsettings`
--
CREATE TABLE `craft_elementindexsettings` (
  `id` int(11) NOT NULL AUTO_INCREMENT,
  `type` varchar(150) COLLATE utf8_unicode_ci NOT NULL,
  `settings` text COLLATE utf8_unicode_ci,
  `dateCreated` datetime NOT NULL,
  `dateUpdated` datetime NOT NULL,
  `uid` char(36) COLLATE utf8_unicode_ci NOT NULL DEFAULT '0',
  PRIMARY KEY (`id`),
  UNIQUE KEY `craft_elementindexsettings_type_unq_idx` (`type`)
) ENGINE=InnoDB AUTO_INCREMENT=2 DEFAULT CHARSET=utf8 COLLATE=utf8_unicode_ci;

--
-- Data for table `craft_elementindexsettings`
--

INSERT INTO `craft_elementindexsettings` (`id`, `type`, `settings`, `dateCreated`, `dateUpdated`, `uid`) VALUES
 ('1', 'Entry', '{\"sourceOrder\":[[\"key\",\"*\"],[\"key\",\"singles\"],[\"heading\",\"Channels\"],[\"key\",\"section:2\"],[\"key\",\"section:6\"],[\"key\",\"section:5\"],[\"key\",\"section:7\"],[\"heading\",\"STRUCTUREs\"],[\"key\",\"section:4\"],[\"key\",\"section:9\"],[\"key\",\"section:10\"],[\"key\",\"section:12\"],[\"key\",\"section:13\"],[\"key\",\"section:14\"]],\"sources\":{\"section:6\":{\"tableAttributes\":{\"1\":\"postDate\",\"2\":\"expiryDate\",\"3\":\"link\"}},\"*\":{\"tableAttributes\":{\"1\":\"section\",\"2\":\"postDate\",\"3\":\"expiryDate\",\"4\":\"link\"}},\"singles\":{\"tableAttributes\":{\"1\":\"link\"}},\"section:9\":{\"tableAttributes\":{\"1\":\"postDate\",\"2\":\"expiryDate\",\"3\":\"link\"}},\"section:10\":{\"tableAttributes\":{\"1\":\"postDate\",\"2\":\"expiryDate\",\"3\":\"link\"}},\"section:12\":{\"tableAttributes\":{\"1\":\"postDate\",\"2\":\"expiryDate\",\"3\":\"link\"}}}}', '2017-03-04 22:19:23', '2017-03-05 17:33:48', 'f8c4a52c-45fc-4afa-8ef0-b0ae721aa1ae');



DROP TABLE IF EXISTS `craft_elements`;


--
-- Schema for table `craft_elements`
--
CREATE TABLE `craft_elements` (
  `id` int(11) NOT NULL AUTO_INCREMENT,
  `type` varchar(150) COLLATE utf8_unicode_ci NOT NULL,
  `enabled` tinyint(1) unsigned NOT NULL DEFAULT '1',
  `archived` tinyint(1) unsigned NOT NULL DEFAULT '0',
  `dateCreated` datetime NOT NULL,
  `dateUpdated` datetime NOT NULL,
  `uid` char(36) COLLATE utf8_unicode_ci NOT NULL DEFAULT '0',
  PRIMARY KEY (`id`),
  KEY `craft_elements_type_idx` (`type`),
  KEY `craft_elements_enabled_idx` (`enabled`),
  KEY `craft_elements_archived_dateCreated_idx` (`archived`,`dateCreated`)
) ENGINE=InnoDB AUTO_INCREMENT=93 DEFAULT CHARSET=utf8 COLLATE=utf8_unicode_ci;

--
-- Data for table `craft_elements`
--

INSERT INTO `craft_elements` (`id`, `type`, `enabled`, `archived`, `dateCreated`, `dateUpdated`, `uid`) VALUES
 ('1', 'User', '1', '0', '2017-03-04 21:05:16', '2017-03-04 21:05:16', 'a589ce0b-3552-43b4-9f69-169fb4d83827'),
 ('2', 'Entry', '1', '0', '2017-03-04 21:05:19', '2017-03-11 01:19:40', '25b6f35f-8734-4663-baaf-5e1ac980fae3'),
 ('3', 'Entry', '1', '0', '2017-03-04 21:05:20', '2017-03-04 21:10:42', 'ba7db5a8-b201-4604-910c-731ea24b878d'),
 ('4', 'MatrixBlock', '1', '0', '2017-03-04 21:25:30', '2017-03-11 01:19:40', 'cfd4b5df-6563-4f58-92e1-a754152afead'),
 ('5', 'MatrixBlock', '1', '0', '2017-03-04 21:25:30', '2017-03-11 01:19:41', 'd57b4b8b-c511-41ed-81b2-332330258b3d'),
 ('6', 'MatrixBlock', '1', '0', '2017-03-04 21:25:30', '2017-03-11 01:19:41', '40072b04-d57f-40cf-9015-58320119ce32'),
 ('7', 'MatrixBlock', '1', '0', '2017-03-04 21:25:30', '2017-03-11 01:19:41', 'e6ea44c9-a1c6-4f78-8a85-33a28234c9b0'),
 ('8', 'MatrixBlock', '1', '0', '2017-03-04 21:25:30', '2017-03-11 01:19:41', '6c74671c-fdca-4d58-81fe-0f654c3e219f'),
 ('9', 'MatrixBlock', '1', '0', '2017-03-04 21:45:03', '2017-03-11 01:19:41', '10730fa9-2775-489f-ba5c-c1c09d70a589'),
 ('10', 'MatrixBlock', '1', '0', '2017-03-04 21:53:20', '2017-03-11 01:19:41', '87c6eb68-292d-4b44-8aef-acffd755dc04'),
 ('15', 'Entry', '1', '0', '2017-03-04 22:47:17', '2017-03-04 23:41:34', '99bfa1c8-cc1a-4c57-8cee-06378f68b2c0'),
 ('16', 'Entry', '1', '0', '2017-03-04 22:47:24', '2017-03-04 23:42:15', 'eab466d8-86c0-48d2-a5dd-cf41f5368578'),
 ('17', 'Entry', '1', '0', '2017-03-04 22:47:32', '2017-03-04 23:51:17', 'eb62a8bd-93f5-4a54-9a20-0c368960ee8b'),
 ('18', 'Entry', '1', '0', '2017-03-04 22:47:40', '2017-03-04 23:52:03', '4f64ad8e-9473-4016-88f7-26cddf885cdf'),
 ('19', 'MatrixBlock', '1', '0', '2017-03-04 23:11:10', '2017-03-04 23:41:34', 'e754e10f-a162-4243-9d63-59a0bd63ab9b'),
 ('20', 'MatrixBlock', '1', '0', '2017-03-04 23:11:10', '2017-03-04 23:41:34', '958bab29-616c-47fb-b287-a6b8329c0eec'),
 ('21', 'MatrixBlock', '1', '0', '2017-03-04 23:11:10', '2017-03-04 23:41:34', '718e2c57-bf59-4c64-b9c5-fb67076470bf'),
 ('23', 'Entry', '1', '0', '2017-03-04 23:37:12', '2017-03-04 23:40:25', '0c7f51e2-ea6a-48cb-ae47-ab783a584405'),
 ('24', 'Entry', '1', '0', '2017-03-04 23:40:34', '2017-03-04 23:40:34', '59128f38-6fe1-49a6-9b3b-3cf972562a96'),
 ('25', 'MatrixBlock', '1', '0', '2017-03-04 23:42:15', '2017-03-04 23:42:15', 'f3383808-a6c0-43c4-b563-bded0aa2d848'),
 ('26', 'MatrixBlock', '1', '0', '2017-03-04 23:42:15', '2017-03-04 23:42:15', 'b07e02f4-5319-4af4-a681-455b318b9bc6'),
 ('27', 'MatrixBlock', '1', '0', '2017-03-04 23:42:15', '2017-03-04 23:42:15', '862ee00a-e849-4478-821f-0da34b31599e'),
 ('28', 'MatrixBlock', '1', '0', '2017-03-04 23:42:15', '2017-03-04 23:42:15', 'c855cdc2-bf18-4caf-8750-bf4427c6ebf5'),
 ('29', 'MatrixBlock', '1', '0', '2017-03-04 23:51:17', '2017-03-04 23:51:17', '515e6b58-277b-46e2-9f9f-514102884c08'),
 ('30', 'MatrixBlock', '1', '0', '2017-03-04 23:51:17', '2017-03-04 23:51:17', '9221a64c-a8b9-4774-9b76-1a6c93b882e7'),
 ('31', 'MatrixBlock', '1', '0', '2017-03-04 23:51:17', '2017-03-04 23:51:17', '159ea4b7-7d0a-45ee-a5b2-c036c9518ca5'),
 ('32', 'MatrixBlock', '1', '0', '2017-03-04 23:52:03', '2017-03-04 23:52:03', 'ebf1891f-639a-4458-b87e-ec136edfcad7'),
 ('33', 'MatrixBlock', '1', '0', '2017-03-04 23:52:03', '2017-03-04 23:52:03', '1f7720e7-ec2b-451a-9add-a98731a15309'),
 ('34', 'MatrixBlock', '1', '0', '2017-03-04 23:52:03', '2017-03-04 23:52:03', 'a093ac8c-309b-46af-a3f3-64fc59e48c3c'),
 ('35', 'MatrixBlock', '1', '0', '2017-03-04 23:52:03', '2017-03-04 23:52:03', 'c228cbef-aca6-4c81-b403-2281ee1eeaae'),
 ('38', 'Asset', '1', '0', '2017-03-05 00:11:12', '2017-03-05 00:11:12', '209531fa-5970-4885-ae7a-cf6358d4e017'),
 ('44', 'Asset', '1', '0', '2017-03-05 02:10:47', '2017-03-05 02:10:47', 'a0745dc0-2301-45b5-8b82-3bcec050d1c8'),
 ('45', 'Asset', '1', '0', '2017-03-05 02:11:19', '2017-03-05 02:11:19', '0db2911f-e2c8-45e3-b34a-bfe87867d809'),
 ('46', 'MatrixBlock', '1', '0', '2017-03-05 02:41:21', '2017-03-11 01:19:41', '003a6566-2355-445e-bc5b-3ae6a1d900da'),
 ('49', 'Asset', '1', '0', '2017-03-05 02:56:37', '2017-03-05 02:56:38', '42d2fcaa-4986-48fb-849d-60647c20bee5'),
 ('51', 'Asset', '1', '0', '2017-03-05 02:56:46', '2017-03-05 02:56:46', '2e7e2d8c-0ec2-4caa-9235-92b9d5c164bd'),
 ('55', 'Entry', '1', '0', '2017-03-05 03:11:52', '2017-03-05 03:11:52', 'c3bcec8b-b331-47cb-9ab2-93bf285ac4e4'),
 ('56', 'Entry', '1', '0', '2017-03-05 03:12:12', '2017-03-05 03:12:12', '0a82b471-f51a-4d86-a81c-7d2b039336ba'),
 ('57', 'Entry', '1', '0', '2017-03-05 03:32:34', '2017-03-05 03:37:44', 'c5ffe9c6-ce83-4e7a-b965-604571efb994'),
 ('59', 'Asset', '1', '0', '2017-03-05 03:37:29', '2017-03-05 03:37:29', '38db9ff5-a9d5-4cc5-906c-ea305f2ffb98'),
 ('61', 'Asset', '1', '0', '2017-03-05 03:38:04', '2017-03-05 03:38:04', 'ee4da896-d540-47cc-94ab-0d451a04262a'),
 ('62', 'Entry', '1', '0', '2017-03-05 03:38:13', '2017-03-05 03:48:29', '0199392e-ad22-419b-be0b-158f1f7b6bf6'),
 ('64', 'Asset', '1', '0', '2017-03-05 03:38:29', '2017-03-05 03:38:29', 'eead4c8f-4d57-497b-843c-52fbffac76d7'),
 ('65', 'Entry', '1', '0', '2017-03-05 03:38:38', '2017-03-05 03:48:38', 'c80d482d-e9be-49bb-b958-59498da99285'),
 ('72', 'Entry', '1', '0', '2017-03-05 04:11:57', '2017-03-05 04:11:57', 'b0e3809a-a8f7-468c-84e4-983bd46ed05c'),
 ('73', 'Entry', '1', '0', '2017-03-05 04:12:04', '2017-03-05 04:12:04', 'ecfdf0e1-65a7-4a71-bd3b-cba43a40e056'),
 ('74', 'Entry', '1', '0', '2017-03-05 04:12:12', '2017-03-05 04:12:12', '6f6e79f5-8510-4596-9148-3e62fd00ebb3'),
 ('75', 'Entry', '1', '0', '2017-03-05 04:12:19', '2017-03-05 04:12:19', 'f181c615-c6e9-4140-ac13-9af0125207ef'),
 ('76', 'Entry', '1', '0', '2017-03-05 04:12:28', '2017-03-05 04:12:28', '0f28a8ed-2298-41ac-b25e-844aef26cae1'),
 ('77', 'Entry', '1', '0', '2017-03-05 04:12:48', '2017-03-05 04:12:48', '567a551f-9dbe-4d66-89a2-fd8338653e74'),
 ('78', 'Entry', '1', '0', '2017-03-05 17:24:01', '2017-03-05 17:24:01', '3b813d1c-fbd8-431e-bef1-687ec6ec1879'),
 ('80', 'Asset', '1', '0', '2017-03-05 17:38:24', '2017-03-05 17:38:24', '20d6102b-85ae-4804-bb1b-ae983523a24a'),
 ('81', 'Entry', '1', '0', '2017-03-05 17:38:30', '2017-03-05 17:38:30', '7247dab2-599f-4ce5-bae9-cd0f1ca7771a'),
 ('83', 'Asset', '1', '0', '2017-03-05 17:38:44', '2017-03-05 17:38:44', '1adcca66-53ef-41af-8be0-9f6249afd938'),
 ('84', 'Entry', '1', '0', '2017-03-05 17:38:47', '2017-03-05 17:38:47', 'a4b1354b-dee2-40a6-97cc-2c1bd1c58c74'),
 ('86', 'Asset', '1', '0', '2017-03-05 17:39:03', '2017-03-05 17:39:04', '2f879939-b8aa-4266-a1f0-38b0f8d79a97'),
 ('87', 'Entry', '1', '0', '2017-03-05 17:39:07', '2017-03-05 17:39:07', '82cc8d82-e7bc-48b8-b528-7c2f1bc38cb4'),
 ('88', 'Entry', '1', '0', '2017-03-05 17:58:56', '2017-03-05 17:58:56', '6db201f3-83e0-4ce1-982d-b8bf3cd788dd'),
 ('89', 'Entry', '1', '0', '2017-03-05 17:59:09', '2017-03-05 17:59:09', '1ecd419f-2e0c-41fa-8432-c0277f044c75'),
 ('90', 'Entry', '1', '0', '2017-03-05 18:02:52', '2017-03-05 18:15:21', '58dbfcae-ee3b-4a88-a9a0-332fc613027a'),
 ('91', 'Entry', '1', '0', '2017-03-05 18:03:14', '2017-03-05 18:15:12', 'b37a5185-3ae2-4c40-915b-fc6347d91342'),
 ('92', 'Entry', '1', '0', '2017-03-13 22:13:23', '2017-03-13 22:14:31', '739c1444-cc03-47da-8624-20b02a583927');



DROP TABLE IF EXISTS `craft_elements_i18n`;


--
-- Schema for table `craft_elements_i18n`
--
CREATE TABLE `craft_elements_i18n` (
  `id` int(11) NOT NULL AUTO_INCREMENT,
  `elementId` int(11) NOT NULL,
  `locale` char(12) COLLATE utf8_unicode_ci NOT NULL,
  `slug` varchar(255) COLLATE utf8_unicode_ci DEFAULT NULL,
  `uri` varchar(255) COLLATE utf8_unicode_ci DEFAULT NULL,
  `enabled` tinyint(1) unsigned NOT NULL DEFAULT '1',
  `dateCreated` datetime NOT NULL,
  `dateUpdated` datetime NOT NULL,
  `uid` char(36) COLLATE utf8_unicode_ci NOT NULL DEFAULT '0',
  PRIMARY KEY (`id`),
  UNIQUE KEY `craft_elements_i18n_elementId_locale_unq_idx` (`elementId`,`locale`),
  UNIQUE KEY `craft_elements_i18n_uri_locale_unq_idx` (`uri`,`locale`),
  KEY `craft_elements_i18n_slug_locale_idx` (`slug`,`locale`),
  KEY `craft_elements_i18n_enabled_idx` (`enabled`),
  KEY `craft_elements_i18n_locale_fk` (`locale`)
) ENGINE=InnoDB AUTO_INCREMENT=93 DEFAULT CHARSET=utf8 COLLATE=utf8_unicode_ci;

--
-- Data for table `craft_elements_i18n`
--

INSERT INTO `craft_elements_i18n` (`id`, `elementId`, `locale`, `slug`, `uri`, `enabled`, `dateCreated`, `dateUpdated`, `uid`) VALUES
 ('1', '1', 'en_us', '', NULL, '1', '2017-03-04 21:05:16', '2017-03-04 21:05:16', '307f4d56-a16a-4b14-a8ae-3285f44db087'),
 ('2', '2', 'en_us', 'homepage', '__home__', '1', '2017-03-04 21:05:19', '2017-03-11 01:19:40', 'cbbe6048-f850-4670-92a0-f4addeae9a6b'),
 ('3', '3', 'en_us', 'we-just-installed-craft', 'news/2017/we-just-installed-craft', '1', '2017-03-04 21:05:20', '2017-03-04 21:10:43', '4ce3ceb6-394e-4dd1-86d7-aa40b3b6f7a1'),
 ('4', '4', 'en_us', '', NULL, '1', '2017-03-04 21:25:30', '2017-03-11 01:19:40', '4f1631cd-3a19-4d5a-97d2-5cb3e7e376dc'),
 ('5', '5', 'en_us', '', NULL, '1', '2017-03-04 21:25:30', '2017-03-11 01:19:41', '4911a7c1-75b9-4136-a70d-f982aeff5c91'),
 ('6', '6', 'en_us', '', NULL, '1', '2017-03-04 21:25:30', '2017-03-11 01:19:41', '17af9a37-dde4-434f-bf9a-86cc50e5c41f'),
 ('7', '7', 'en_us', '', NULL, '1', '2017-03-04 21:25:30', '2017-03-11 01:19:41', '9f8c241b-c771-4e5a-b93b-d2c64bba0998'),
 ('8', '8', 'en_us', '', NULL, '1', '2017-03-04 21:25:30', '2017-03-11 01:19:41', '448cb977-c211-4505-baa7-dbe0bd4f429d'),
 ('9', '9', 'en_us', '', NULL, '1', '2017-03-04 21:45:03', '2017-03-11 01:19:41', '8b55f06b-8fee-47f8-9680-06219961b022'),
 ('10', '10', 'en_us', '', NULL, '1', '2017-03-04 21:53:20', '2017-03-11 01:19:41', 'e3e6c2ab-d361-444e-8400-97d1a7e6245d'),
 ('15', '15', 'en_us', 'breakfast', NULL, '1', '2017-03-04 22:47:17', '2017-03-04 23:41:34', '43d25646-bfdd-4eea-953e-622405793caa'),
 ('16', '16', 'en_us', 'lunch', NULL, '1', '2017-03-04 22:47:24', '2017-03-04 23:42:15', '62baee50-a05f-4e14-894d-d2799f1bf883'),
 ('17', '17', 'en_us', 'happy-hour', NULL, '1', '2017-03-04 22:47:32', '2017-03-04 23:51:17', '73e21ea7-af4a-45e0-bce4-06be77157be9'),
 ('18', '18', 'en_us', 'dinner', NULL, '1', '2017-03-04 22:47:40', '2017-03-05 03:07:00', '5153ec80-8f5d-46bf-a516-c6b6313d6ee3'),
 ('19', '19', 'en_us', '', NULL, '1', '2017-03-04 23:11:10', '2017-03-04 23:41:34', '12b6ea8e-c255-4355-b983-90ae32138a04'),
 ('20', '20', 'en_us', '', NULL, '1', '2017-03-04 23:11:10', '2017-03-04 23:41:34', '040dbc7c-4f21-41c9-9c12-1ddd25ff9d12'),
 ('21', '21', 'en_us', '', NULL, '1', '2017-03-04 23:11:10', '2017-03-04 23:41:34', 'a373cdfb-f2cc-4d06-b3ec-71fde4dfae8d'),
 ('23', '23', 'en_us', 'tabouleh', NULL, '1', '2017-03-04 23:37:12', '2017-03-04 23:40:25', '07800915-9e75-4687-8ded-139e0cfc622e'),
 ('24', '24', 'en_us', 'chicken-wings', NULL, '1', '2017-03-04 23:40:34', '2017-03-04 23:40:34', '3f1670df-18df-4633-8898-35fe43553b3a'),
 ('25', '25', 'en_us', '', NULL, '1', '2017-03-04 23:42:15', '2017-03-04 23:42:15', 'f25c6efc-3b92-4fba-a8db-b8de04eddd70'),
 ('26', '26', 'en_us', '', NULL, '1', '2017-03-04 23:42:15', '2017-03-04 23:42:15', '01d306e2-3ddd-4b53-bd58-db29564deeba'),
 ('27', '27', 'en_us', '', NULL, '1', '2017-03-04 23:42:15', '2017-03-04 23:42:15', 'bfe46ef1-89d5-47c4-a28c-4abf3e9f53a6'),
 ('28', '28', 'en_us', '', NULL, '1', '2017-03-04 23:42:15', '2017-03-04 23:42:15', 'ecf19fda-38a6-4644-a940-17a8d938b88c'),
 ('29', '29', 'en_us', '', NULL, '1', '2017-03-04 23:51:17', '2017-03-04 23:51:17', 'b5efcfb6-ca74-4fa3-b6e1-78144e217341'),
 ('30', '30', 'en_us', '', NULL, '1', '2017-03-04 23:51:17', '2017-03-04 23:51:17', 'bce08a48-582d-484a-98a1-244a8b9a156d'),
 ('31', '31', 'en_us', '', NULL, '1', '2017-03-04 23:51:17', '2017-03-04 23:51:17', '52b9002c-5124-4fbe-88e7-bd11cf624e08'),
 ('32', '32', 'en_us', '', NULL, '1', '2017-03-04 23:52:03', '2017-03-04 23:52:03', '2a899504-79f3-4ed5-9fb0-12b5995eaa6e'),
 ('33', '33', 'en_us', '', NULL, '1', '2017-03-04 23:52:03', '2017-03-04 23:52:03', '6e0a7d4a-e544-42bb-8e07-b87c51755369'),
 ('34', '34', 'en_us', '', NULL, '1', '2017-03-04 23:52:03', '2017-03-04 23:52:03', 'df8999da-78e5-4658-a5bd-ea2070f00d67'),
 ('35', '35', 'en_us', '', NULL, '1', '2017-03-04 23:52:03', '2017-03-04 23:52:03', '8df3db6c-0aa2-47e7-aa79-3bf468cfc6aa'),
 ('38', '38', 'en_us', 'member', NULL, '1', '2017-03-05 00:11:12', '2017-03-05 00:11:12', '562d133f-bc95-4601-9aee-41a3d86adab9'),
 ('44', '44', 'en_us', 'screen-shot-2017-03-04-at-5-44-26-pm', NULL, '1', '2017-03-05 02:10:47', '2017-03-05 02:10:47', '1aeab56a-76ea-4770-b4dc-dc0985f181dd'),
 ('45', '45', 'en_us', 'screen-shot-2017-03-04-at-6-11-07-pm', NULL, '1', '2017-03-05 02:11:19', '2017-03-05 02:11:19', '769b7339-0753-4da3-904c-45047f8c6439'),
 ('46', '46', 'en_us', '', NULL, '1', '2017-03-05 02:41:21', '2017-03-11 01:19:41', 'e18861af-e6c5-4fdd-aed8-16f9f7edeaf3'),
 ('49', '49', 'en_us', 'about-2', NULL, '1', '2017-03-05 02:56:37', '2017-03-05 02:56:38', '9cadabf5-bb04-40e2-a439-f02bdb8e244a'),
 ('51', '51', 'en_us', 'about', NULL, '1', '2017-03-05 02:56:46', '2017-03-05 02:56:46', '1688a201-3ca0-4056-8e22-ea462363cfff'),
 ('55', '55', 'en_us', 'slide-1', NULL, '1', '2017-03-05 03:11:52', '2017-03-05 03:11:52', 'bb8b117d-2e22-4d15-aae7-74a54f778cbf'),
 ('56', '56', 'en_us', 'slide-2', NULL, '1', '2017-03-05 03:12:12', '2017-03-05 03:21:33', 'ff0b08cd-3293-4239-bf80-426031c84a14'),
 ('57', '57', 'en_us', 'twitter', NULL, '1', '2017-03-05 03:32:34', '2017-03-05 03:52:42', 'fd914a42-c606-4dce-a06e-62aef7dbd379'),
 ('59', '59', 'en_us', 'tw', NULL, '1', '2017-03-05 03:37:29', '2017-03-05 03:37:29', '4ed00ea4-1dd6-4f27-a281-211e67a2a192'),
 ('61', '61', 'en_us', 'ig', NULL, '1', '2017-03-05 03:38:04', '2017-03-05 03:38:04', 'e785a375-5063-4cd1-926e-4376f9a8f0b9'),
 ('62', '62', 'en_us', 'instagram', NULL, '1', '2017-03-05 03:38:13', '2017-03-05 03:48:29', '91c92170-3bd1-4cdb-b474-38f3903ec29d'),
 ('64', '64', 'en_us', 'fb', NULL, '1', '2017-03-05 03:38:29', '2017-03-05 03:38:29', 'ea7ae1ef-8da4-4241-bdaf-e91d428077ae'),
 ('65', '65', 'en_us', 'facebook', NULL, '1', '2017-03-05 03:38:38', '2017-03-05 03:48:38', '60d2315d-e0c3-4a46-8688-e6e91990019c'),
 ('72', '72', 'en_us', 'about', NULL, '1', '2017-03-05 04:11:57', '2017-03-05 04:11:57', '9fb0f5d4-c3ec-4f94-8617-759e4724b9cb'),
 ('73', '73', 'en_us', 'menu', NULL, '1', '2017-03-05 04:12:04', '2017-03-05 04:12:53', '6fbb0e72-a123-4883-ad58-d3af362a0b29'),
 ('74', '74', 'en_us', 'find-us', NULL, '1', '2017-03-05 04:12:12', '2017-03-05 04:12:12', '4625f2b4-36a0-451a-9333-8949b9cf2fbe'),
 ('75', '75', 'en_us', 'media', NULL, '1', '2017-03-05 04:12:19', '2017-03-05 04:12:19', '8db6349c-a123-4bb4-b733-2a5c294d8a55'),
 ('76', '76', 'en_us', 'events-booking', NULL, '1', '2017-03-05 04:12:28', '2017-03-05 04:12:28', '1dcc5093-c704-466f-9eb1-d9f910c0b712'),
 ('77', '77', 'en_us', 'our-family', NULL, '1', '2017-03-05 04:12:48', '2017-03-05 04:12:48', 'b6ebfc91-ce03-42cc-bf63-902586669246'),
 ('78', '78', 'en_us', 'schedule-items', NULL, '1', '2017-03-05 17:24:01', '2017-03-05 17:24:01', 'b3b3e517-1a11-40ff-a0c6-9dae75fad7f3'),
 ('80', '80', 'en_us', 'event-slide-1', NULL, '1', '2017-03-05 17:38:24', '2017-03-05 17:38:24', '5939c288-f23e-4318-b563-aa1d43b722cb'),
 ('81', '81', 'en_us', 'slide-1', NULL, '1', '2017-03-05 17:38:30', '2017-03-05 17:38:30', '6183a5ed-a661-4ad5-b6f1-2d1487e152ce'),
 ('83', '83', 'en_us', 'event-slide-2', NULL, '1', '2017-03-05 17:38:44', '2017-03-05 17:38:44', '42dc527a-4eff-44e7-adcb-185e0f271840'),
 ('84', '84', 'en_us', 'slide-2', NULL, '1', '2017-03-05 17:38:47', '2017-03-05 17:38:47', 'd83316b8-16d2-4435-9ff0-9d62c63122c2'),
 ('86', '86', 'en_us', 'event-slide-3', NULL, '1', '2017-03-05 17:39:03', '2017-03-05 17:39:04', 'fcb96840-5e2a-43b8-92e9-8b7920311e8e'),
 ('87', '87', 'en_us', 'slide-3', NULL, '1', '2017-03-05 17:39:07', '2017-03-05 17:39:07', 'f6ced266-a3fa-463a-bf7b-df63553122f1'),
 ('88', '88', 'en_us', 'wassef', NULL, '1', '2017-03-05 17:58:56', '2017-03-05 17:58:56', '0c8b227c-2235-4f50-9fec-f232a1f497b5'),
 ('89', '89', 'en_us', 'racha', NULL, '1', '2017-03-05 17:59:09', '2017-03-05 17:59:09', '0059a477-29b7-401e-ab8c-699721ecb12d'),
 ('90', '90', 'en_us', 'new-york-times', NULL, '1', '2017-03-05 18:02:52', '2017-03-05 18:15:21', 'bd50287b-93ca-4c1a-b2af-2d327ba8bf6e'),
 ('91', '91', 'en_us', 'seattle-metro', NULL, '1', '2017-03-05 18:03:14', '2017-03-05 18:15:12', '0df947fd-cdb0-4f43-9926-8db31864491c'),
 ('92', '92', 'en_us', 'new-pasta', NULL, '1', '2017-03-13 22:13:23', '2017-03-13 22:14:31', '2d871dca-88d8-4be4-b971-83f753ce8128');



DROP TABLE IF EXISTS `craft_emailmessages`;


--
-- Schema for table `craft_emailmessages`
--
CREATE TABLE `craft_emailmessages` (
  `id` int(11) NOT NULL AUTO_INCREMENT,
  `key` char(150) COLLATE utf8_unicode_ci NOT NULL,
  `locale` char(12) COLLATE utf8_unicode_ci NOT NULL,
  `subject` varchar(1000) COLLATE utf8_unicode_ci NOT NULL,
  `body` text COLLATE utf8_unicode_ci NOT NULL,
  `dateCreated` datetime NOT NULL,
  `dateUpdated` datetime NOT NULL,
  `uid` char(36) COLLATE utf8_unicode_ci NOT NULL DEFAULT '0',
  PRIMARY KEY (`id`),
  UNIQUE KEY `craft_emailmessages_key_locale_unq_idx` (`key`,`locale`),
  KEY `craft_emailmessages_locale_fk` (`locale`)
) ENGINE=InnoDB DEFAULT CHARSET=utf8 COLLATE=utf8_unicode_ci;

DROP TABLE IF EXISTS `craft_entries`;


--
-- Schema for table `craft_entries`
--
CREATE TABLE `craft_entries` (
  `id` int(11) NOT NULL,
  `sectionId` int(11) NOT NULL,
  `typeId` int(11) DEFAULT NULL,
  `authorId` int(11) DEFAULT NULL,
  `postDate` datetime DEFAULT NULL,
  `expiryDate` datetime DEFAULT NULL,
  `dateCreated` datetime NOT NULL,
  `dateUpdated` datetime NOT NULL,
  `uid` char(36) COLLATE utf8_unicode_ci NOT NULL DEFAULT '0',
  PRIMARY KEY (`id`),
  KEY `craft_entries_sectionId_idx` (`sectionId`),
  KEY `craft_entries_typeId_idx` (`typeId`),
  KEY `craft_entries_postDate_idx` (`postDate`),
  KEY `craft_entries_expiryDate_idx` (`expiryDate`),
  KEY `craft_entries_authorId_fk` (`authorId`)
) ENGINE=InnoDB DEFAULT CHARSET=utf8 COLLATE=utf8_unicode_ci;

--
-- Data for table `craft_entries`
--

INSERT INTO `craft_entries` (`id`, `sectionId`, `typeId`, `authorId`, `postDate`, `expiryDate`, `dateCreated`, `dateUpdated`, `uid`) VALUES
 ('2', '1', NULL, NULL, '2017-03-04 21:05:19', NULL, '2017-03-04 21:05:19', '2017-03-11 01:19:41', '40d7949c-9cd7-4eef-80d4-bdc12693447d'),
 ('3', '2', '2', '1', '2017-03-04 21:05:00', NULL, '2017-03-04 21:05:20', '2017-03-04 21:10:43', '0627106f-62d3-40cf-a056-7d0404368f34'),
 ('15', '4', '4', '1', '2017-03-04 22:47:00', NULL, '2017-03-04 22:47:17', '2017-03-04 23:41:34', '62ffcd13-1c67-4829-b17a-82c4943ccb3d'),
 ('16', '4', '4', '1', '2017-03-04 22:47:00', NULL, '2017-03-04 22:47:24', '2017-03-04 23:42:15', '3fd6a977-5f69-4bcf-8768-ea3ac04a1abe'),
 ('17', '4', '4', '1', '2017-03-04 22:47:00', NULL, '2017-03-04 22:47:32', '2017-03-04 23:51:17', '811d3382-d97e-4749-8a09-ab8a5c49a2b0'),
 ('18', '4', '4', '1', '2017-03-04 22:47:00', NULL, '2017-03-04 22:47:40', '2017-03-04 23:52:03', '5f0527e2-6807-4900-a136-c920ba263ecc'),
 ('23', '5', '5', '1', '2017-03-04 23:37:00', NULL, '2017-03-04 23:37:12', '2017-03-04 23:40:25', '23db5a10-d558-4da8-943e-b74b466d21c8'),
 ('24', '5', '5', '1', '2017-03-04 23:40:34', NULL, '2017-03-04 23:40:34', '2017-03-04 23:40:34', '8128d37e-4918-491d-b94f-843f98430a82'),
 ('55', '9', '9', '1', '2017-03-05 03:11:52', NULL, '2017-03-05 03:11:52', '2017-03-05 03:11:52', '38dc67c6-7f3a-4709-9925-5200bf8f03a2'),
 ('56', '9', '9', '1', '2017-03-05 03:12:12', NULL, '2017-03-05 03:12:13', '2017-03-05 03:12:13', '67cdf7ee-a505-4dfc-86f4-faa656af9aa1'),
 ('57', '10', '10', '1', '2017-03-05 03:32:00', NULL, '2017-03-05 03:32:34', '2017-03-05 03:37:44', '5970ed37-9a87-430e-b9c7-d97cbdabfd0f'),
 ('62', '10', '10', '1', '2017-03-05 03:38:00', NULL, '2017-03-05 03:38:13', '2017-03-05 03:48:29', '9dbd5be9-c974-4664-a995-ff97b9311ab6'),
 ('65', '10', '10', '1', '2017-03-05 03:38:00', NULL, '2017-03-05 03:38:38', '2017-03-05 03:48:38', '9efe82f3-c9c6-4063-8d0c-b99b30a8fc7a'),
 ('72', '12', '12', '1', '2017-03-05 04:11:57', NULL, '2017-03-05 04:11:57', '2017-03-05 04:11:57', '501188b3-b97b-4dbb-ae6d-9ac033dae164'),
 ('73', '12', '12', '1', '2017-03-05 04:12:04', NULL, '2017-03-05 04:12:04', '2017-03-05 04:12:04', 'fe5e8972-db8b-496b-9976-6c365aacf5c2'),
 ('74', '12', '12', '1', '2017-03-05 04:12:12', NULL, '2017-03-05 04:12:12', '2017-03-05 04:12:12', '7584ab62-bcb8-4361-b893-d6e82ca456a8'),
 ('75', '12', '12', '1', '2017-03-05 04:12:19', NULL, '2017-03-05 04:12:19', '2017-03-05 04:12:19', '2ca305bf-31aa-430b-ac0e-512dff161057'),
 ('76', '12', '12', '1', '2017-03-05 04:12:28', NULL, '2017-03-05 04:12:28', '2017-03-05 04:12:28', '39cb26e7-879d-448a-a0fd-5c6209d33a4e'),
 ('77', '12', '12', '1', '2017-03-05 04:12:48', NULL, '2017-03-05 04:12:48', '2017-03-05 04:12:48', '9e58c68e-f3e8-4b88-b012-1ad08415978f'),
 ('78', '13', '13', '1', '2017-03-05 17:24:01', NULL, '2017-03-05 17:24:01', '2017-03-05 17:24:01', '3d28029c-388e-485d-a4cf-6536d09406f4'),
 ('81', '14', '14', '1', '2017-03-05 17:38:30', NULL, '2017-03-05 17:38:30', '2017-03-05 17:38:30', '20966c77-b20e-4cb2-89c3-4e476192044f'),
 ('84', '14', '14', '1', '2017-03-05 17:38:47', NULL, '2017-03-05 17:38:47', '2017-03-05 17:38:47', '94971719-2fce-48ae-8e17-3a6d825b6727'),
 ('87', '14', '14', '1', '2017-03-05 17:39:07', NULL, '2017-03-05 17:39:07', '2017-03-05 17:39:07', '362d89f3-c1bb-4cd4-bea2-56205cdba28d'),
 ('88', '15', '15', '1', '2017-03-05 17:58:56', NULL, '2017-03-05 17:58:56', '2017-03-05 17:58:56', 'f3e14d4a-cf03-4c73-a100-ffd22b29ad22'),
 ('89', '15', '15', '1', '2017-03-05 17:59:09', NULL, '2017-03-05 17:59:09', '2017-03-05 17:59:09', '5d4d8246-a68f-4632-8809-b5853f8fab71'),
 ('90', '16', '16', '1', '2017-03-05 18:02:00', NULL, '2017-03-05 18:02:52', '2017-03-05 18:15:21', '6a214573-3cf7-4fda-8c4c-208b7aa0b64a'),
 ('91', '16', '16', '1', '2017-03-05 18:03:00', NULL, '2017-03-05 18:03:14', '2017-03-05 18:15:12', 'd7d2fbcb-2c05-4e4f-83c0-410c6e5eb1a7'),
 ('92', '17', '17', '1', '2017-03-13 00:00:00', '2017-03-15 18:30:00', '2017-03-13 22:13:23', '2017-03-13 22:14:31', 'acf00194-cd81-4709-a3d8-8eb360bcba4d');



DROP TABLE IF EXISTS `craft_entrydrafts`;


--
-- Schema for table `craft_entrydrafts`
--
CREATE TABLE `craft_entrydrafts` (
  `id` int(11) NOT NULL AUTO_INCREMENT,
  `entryId` int(11) NOT NULL,
  `sectionId` int(11) NOT NULL,
  `creatorId` int(11) NOT NULL,
  `locale` char(12) COLLATE utf8_unicode_ci NOT NULL,
  `name` varchar(255) COLLATE utf8_unicode_ci NOT NULL,
  `notes` tinytext COLLATE utf8_unicode_ci,
  `data` mediumtext COLLATE utf8_unicode_ci NOT NULL,
  `dateCreated` datetime NOT NULL,
  `dateUpdated` datetime NOT NULL,
  `uid` char(36) COLLATE utf8_unicode_ci NOT NULL DEFAULT '0',
  PRIMARY KEY (`id`),
  KEY `craft_entrydrafts_entryId_locale_idx` (`entryId`,`locale`),
  KEY `craft_entrydrafts_sectionId_fk` (`sectionId`),
  KEY `craft_entrydrafts_creatorId_fk` (`creatorId`),
  KEY `craft_entrydrafts_locale_fk` (`locale`)
) ENGINE=InnoDB DEFAULT CHARSET=utf8 COLLATE=utf8_unicode_ci;

DROP TABLE IF EXISTS `craft_entrytypes`;


--
-- Schema for table `craft_entrytypes`
--
CREATE TABLE `craft_entrytypes` (
  `id` int(11) NOT NULL AUTO_INCREMENT,
  `sectionId` int(11) NOT NULL,
  `fieldLayoutId` int(11) DEFAULT NULL,
  `name` varchar(255) COLLATE utf8_unicode_ci NOT NULL,
  `handle` varchar(255) COLLATE utf8_unicode_ci NOT NULL,
  `hasTitleField` tinyint(1) unsigned NOT NULL DEFAULT '1',
  `titleLabel` varchar(255) COLLATE utf8_unicode_ci DEFAULT 'Title',
  `titleFormat` varchar(255) COLLATE utf8_unicode_ci DEFAULT NULL,
  `sortOrder` smallint(6) unsigned DEFAULT NULL,
  `dateCreated` datetime NOT NULL,
  `dateUpdated` datetime NOT NULL,
  `uid` char(36) COLLATE utf8_unicode_ci NOT NULL DEFAULT '0',
  PRIMARY KEY (`id`),
  UNIQUE KEY `craft_entrytypes_name_sectionId_unq_idx` (`name`,`sectionId`),
  UNIQUE KEY `craft_entrytypes_handle_sectionId_unq_idx` (`handle`,`sectionId`),
  KEY `craft_entrytypes_sectionId_fk` (`sectionId`),
  KEY `craft_entrytypes_fieldLayoutId_fk` (`fieldLayoutId`)
) ENGINE=InnoDB AUTO_INCREMENT=19 DEFAULT CHARSET=utf8 COLLATE=utf8_unicode_ci;

--
-- Data for table `craft_entrytypes`
--

INSERT INTO `craft_entrytypes` (`id`, `sectionId`, `fieldLayoutId`, `name`, `handle`, `hasTitleField`, `titleLabel`, `titleFormat`, `sortOrder`, `dateCreated`, `dateUpdated`, `uid`) VALUES
 ('1', '1', '12', 'Homepage', 'homepage', '1', 'Title', NULL, '1', '2017-03-04 21:05:19', '2017-03-04 21:17:15', 'a17cff1f-53d3-4538-a6ec-d15b53a4aba5'),
 ('2', '2', '5', 'News', 'news', '1', 'Title', NULL, '1', '2017-03-04 21:05:20', '2017-03-04 21:05:20', '1bd10a8e-25fc-4660-9314-28aa9fbb02cd'),
 ('4', '4', '98', 'Menus', 'menus', '1', 'Title', NULL, '1', '2017-03-04 22:42:42', '2017-03-04 23:09:36', '3c6040a4-a55e-4ffa-adf2-8e58c958e29b'),
 ('5', '5', '99', 'Menu Items', 'menuItems', '1', 'Title', NULL, '1', '2017-03-04 22:43:48', '2017-03-04 23:39:23', 'd77a5ff5-c4df-4df6-888e-c2a6a964357c'),
 ('9', '9', '114', 'About Us', 'aboutUs', '1', 'Title', NULL, '1', '2017-03-05 03:09:31', '2017-03-05 03:11:09', 'c5b7721f-11a6-4393-89ea-1da6641f5100'),
 ('10', '10', '117', 'social links', 'socialLinks', '1', 'Title', NULL, '1', '2017-03-05 03:26:27', '2017-03-05 03:28:26', '12ee790a-7854-404e-b061-da022ef8bc50'),
 ('12', '12', '152', 'top navigation', 'topNavigation', '1', 'Title', NULL, '1', '2017-03-05 04:11:08', '2017-03-11 01:04:24', '0fea86bc-6970-4625-81e3-9ae5b1b1cc9d'),
 ('13', '13', '126', 'schedule module', 'scheduleModule', '1', 'Title', NULL, '1', '2017-03-05 17:18:10', '2017-03-05 17:21:03', 'e72508b1-48c1-43b2-b140-12b0da43b0d3'),
 ('14', '14', '136', 'events booking slides', 'eventsBookingSlides', '1', 'Title', NULL, '1', '2017-03-05 17:31:55', '2017-03-05 17:32:34', 'a773809a-567c-42a6-8621-bb57b37cda61'),
 ('15', '15', '147', 'our family', 'ourFamily', '1', 'Title', NULL, '1', '2017-03-05 17:57:55', '2017-03-05 17:58:27', 'a0af1cb3-b42d-4121-9d22-53cfc19ee8a0'),
 ('16', '16', '150', 'Media', 'media', '1', 'Title', NULL, '1', '2017-03-05 18:01:51', '2017-03-05 18:08:57', '09fdaf4f-f25c-4d91-ac15-eb869fd39745'),
 ('17', '17', '153', 'timed announcements', 'timedAnnouncements', '1', 'Title', NULL, '1', '2017-03-11 01:03:48', '2017-03-11 01:07:16', '671716aa-f83f-4716-a7b0-a9dbcb619ff9');



DROP TABLE IF EXISTS `craft_entryversions`;


--
-- Schema for table `craft_entryversions`
--
CREATE TABLE `craft_entryversions` (
  `id` int(11) NOT NULL AUTO_INCREMENT,
  `entryId` int(11) NOT NULL,
  `sectionId` int(11) NOT NULL,
  `creatorId` int(11) DEFAULT NULL,
  `locale` char(12) COLLATE utf8_unicode_ci NOT NULL,
  `num` smallint(6) unsigned NOT NULL,
  `notes` tinytext COLLATE utf8_unicode_ci,
  `data` mediumtext COLLATE utf8_unicode_ci NOT NULL,
  `dateCreated` datetime NOT NULL,
  `dateUpdated` datetime NOT NULL,
  `uid` char(36) COLLATE utf8_unicode_ci NOT NULL DEFAULT '0',
  PRIMARY KEY (`id`),
  KEY `craft_entryversions_entryId_locale_idx` (`entryId`,`locale`),
  KEY `craft_entryversions_sectionId_fk` (`sectionId`),
  KEY `craft_entryversions_creatorId_fk` (`creatorId`),
  KEY `craft_entryversions_locale_fk` (`locale`)
) ENGINE=InnoDB AUTO_INCREMENT=97 DEFAULT CHARSET=utf8 COLLATE=utf8_unicode_ci;

--
-- Data for table `craft_entryversions`
--

INSERT INTO `craft_entryversions` (`id`, `entryId`, `sectionId`, `creatorId`, `locale`, `num`, `notes`, `data`, `dateCreated`, `dateUpdated`, `uid`) VALUES
 ('1', '2', '1', '1', 'en_us', '1', NULL, '{\"typeId\":\"1\",\"authorId\":null,\"title\":\"Homepage\",\"slug\":\"homepage\",\"postDate\":1488661519,\"expiryDate\":null,\"enabled\":1,\"parentId\":null,\"fields\":[]}', '2017-03-04 21:05:19', '2017-03-04 21:05:19', '03e99fd7-bbca-4feb-91a6-d8a052b3791d'),
 ('2', '2', '1', '1', 'en_us', '2', NULL, '{\"typeId\":null,\"authorId\":null,\"title\":\"Welcome to Localhost!\",\"slug\":\"homepage\",\"postDate\":1488661519,\"expiryDate\":null,\"enabled\":\"1\",\"parentId\":null,\"fields\":{\"1\":\"<p>It\\u2019s true, this site doesn\\u2019t have a whole lot of content yet, but don\\u2019t worry. Our web developers have just installed the CMS, and they\\u2019re setting things up for the content editors this very moment. Soon Localhost will be an oasis of fresh perspectives, sharp analyses, and astute opinions that will keep you coming back again and again.<\\/p>\"}}', '2017-03-04 21:05:20', '2017-03-04 21:05:20', '4b9432f7-8b51-41ff-a10a-a803f55e8e88'),
 ('3', '3', '2', '1', 'en_us', '1', NULL, '{\"typeId\":\"2\",\"authorId\":\"1\",\"title\":\"We just installed Craft!\",\"slug\":\"we-just-installed-craft\",\"postDate\":1488661520,\"expiryDate\":null,\"enabled\":1,\"parentId\":null,\"fields\":[]}', '2017-03-04 21:05:20', '2017-03-04 21:05:20', '5823d36e-2011-45e1-ad3b-de95b3abe18d'),
 ('4', '3', '2', '1', 'en_us', '2', '', '{\"typeId\":\"2\",\"authorId\":\"1\",\"title\":\"We just installed Craft!\",\"slug\":\"we-just-installed-craft\",\"postDate\":1488661500,\"expiryDate\":null,\"enabled\":1,\"parentId\":null,\"fields\":{\"1\":\"<p>Craft is the CMS that\\u2019s powering Localhost. It\\u2019s beautiful, powerful, flexible, and easy-to-use, and it\\u2019s made by Pixel & Tonic. We can\\u2019t wait to dive in and see what it\\u2019s capable of!<\\/p>\\r\\n<hr class=\\\"redactor_pagebreak\\\" style=\\\"display:none\\\" unselectable=\\\"on\\\" contenteditable=\\\"false\\\">\\r\\n<p>This is even more captivating content, which you couldn\\u2019t see on the News index page because it was entered after a Page Break, and the News index template only likes to show the content on the first page.<\\/p>\\r\\n<p>Craft: a nice alternative to Word, if you\\u2019re making a website.<\\/p>\",\"2\":\"\"}}', '2017-03-04 21:10:43', '2017-03-04 21:10:43', 'a234287c-4a1f-4b81-a070-4fa0540fb60d'),
 ('5', '2', '1', '1', 'en_us', '3', '', '{\"typeId\":null,\"authorId\":null,\"title\":\"MBAR Seattle\",\"slug\":\"homepage\",\"postDate\":1488661519,\"expiryDate\":null,\"enabled\":1,\"parentId\":null,\"fields\":{\"1\":\"<p>Body<\\/p>\"}}', '2017-03-04 21:11:45', '2017-03-04 21:11:45', 'b96651f7-d48b-452a-a7b8-d7ec10904993'),
 ('6', '2', '1', '1', 'en_us', '4', '', '{\"typeId\":null,\"authorId\":null,\"title\":\"MBAR Seattle\",\"slug\":\"homepage\",\"postDate\":1488661519,\"expiryDate\":null,\"enabled\":1,\"parentId\":null,\"fields\":{\"3\":{\"new1\":{\"type\":\"hero\",\"enabled\":\"1\",\"fields\":{\"nav\":\"nav\"}},\"new2\":{\"type\":\"instagramFeed\",\"enabled\":\"1\",\"fields\":{\"instagramUserId\":\"1234\"}},\"new3\":{\"type\":\"menu\",\"enabled\":\"1\",\"fields\":{\"menuCategory\":\"category\"}},\"new4\":{\"type\":\"ourFamily\",\"enabled\":\"1\",\"fields\":{\"familyTitle\":\"family\"}},\"new5\":{\"type\":\"media\",\"enabled\":\"1\",\"fields\":{\"mediaTitle\":\"media\"}}}}}', '2017-03-04 21:25:30', '2017-03-04 21:25:30', '9406c046-b85d-4e08-bd86-a9825c233a78'),
 ('7', '2', '1', '1', 'en_us', '5', '', '{\"typeId\":null,\"authorId\":null,\"title\":\"MBAR Seattle\",\"slug\":\"homepage\",\"postDate\":1488661519,\"expiryDate\":null,\"enabled\":1,\"parentId\":null,\"fields\":{\"3\":{\"4\":{\"type\":\"hero\",\"enabled\":\"1\",\"fields\":{\"nav\":\"nav\"}},\"5\":{\"type\":\"instagramFeed\",\"enabled\":\"1\",\"fields\":{\"instagramUserId\":\"1234\"}},\"6\":{\"type\":\"menu\",\"enabled\":\"1\",\"fields\":{\"menuCategory\":\"category\"}},\"new1\":{\"type\":\"findUs\",\"enabled\":\"1\",\"fields\":{\"youtubeUrl\":\"url\",\"googleMapsUrl\":\"url\"}},\"7\":{\"type\":\"ourFamily\",\"enabled\":\"1\",\"fields\":{\"familyTitle\":\"family\"}},\"8\":{\"type\":\"media\",\"enabled\":\"1\",\"fields\":{\"mediaTitle\":\"media\"}}}}}', '2017-03-04 21:45:03', '2017-03-04 21:45:03', '4fe69245-59a6-4988-838b-63f7bcd122dc'),
 ('8', '2', '1', '1', 'en_us', '6', '', '{\"typeId\":null,\"authorId\":null,\"title\":\"MBAR Seattle\",\"slug\":\"homepage\",\"postDate\":1488661519,\"expiryDate\":null,\"enabled\":1,\"parentId\":null,\"fields\":{\"3\":{\"4\":{\"type\":\"hero\",\"enabled\":\"1\",\"fields\":{\"nav\":\"nav\"}},\"5\":{\"type\":\"instagramFeed\",\"enabled\":\"1\",\"fields\":{\"instagramUserId\":\"1234\"}},\"6\":{\"type\":\"menu\",\"enabled\":\"1\",\"fields\":{\"menuCategory\":\"category\"}},\"9\":{\"type\":\"findUs\",\"enabled\":\"1\",\"fields\":{\"youtubeUrl\":\"url\",\"googleMapsUrl\":\"url\"}},\"new1\":{\"type\":\"eventsBooking\",\"enabled\":\"1\",\"fields\":{\"eventsBookingTitle\":\"events booking\"}},\"7\":{\"type\":\"ourFamily\",\"enabled\":\"1\",\"fields\":{\"familyTitle\":\"family\"}},\"8\":{\"type\":\"media\",\"enabled\":\"1\",\"fields\":{\"mediaTitle\":\"media\"}}}}}', '2017-03-04 21:53:20', '2017-03-04 21:53:20', 'a1dc72c1-cda0-4f87-ae45-0971439e23eb'),
 ('9', '2', '1', '1', 'en_us', '7', '', '{\"typeId\":null,\"authorId\":null,\"title\":\"MBAR Seattle\",\"slug\":\"homepage\",\"postDate\":1488661519,\"expiryDate\":null,\"enabled\":1,\"parentId\":null,\"fields\":{\"3\":{\"4\":{\"type\":\"hero\",\"enabled\":\"1\",\"fields\":{\"nav\":\"nav\"}},\"5\":{\"type\":\"instagramFeed\",\"enabled\":\"1\",\"fields\":{\"instagramUserId\":\"1234\"}},\"6\":{\"type\":\"menu\",\"enabled\":\"1\",\"fields\":{\"menuCategory\":\"category\"}},\"9\":{\"type\":\"findUs\",\"enabled\":\"1\",\"fields\":{\"youtubeUrl\":\"url\",\"googleMapsUrl\":\"url\"}},\"10\":{\"type\":\"eventsBooking\",\"enabled\":\"1\",\"fields\":{\"eventsBookingTitle\":\"events booking\"}},\"7\":{\"type\":\"ourFamily\",\"enabled\":\"1\",\"fields\":{\"familyTitle\":\"family\"}},\"8\":{\"type\":\"media\",\"enabled\":\"1\",\"fields\":{\"mediaTitle\":\"media\"}}}}}', '2017-03-04 21:55:23', '2017-03-04 21:55:23', '32ead137-aabc-48dd-ade9-89ef20d4fe96'),
 ('10', '2', '1', '1', 'en_us', '8', '', '{\"typeId\":null,\"authorId\":null,\"title\":\"MBAR Seattle\",\"slug\":\"homepage\",\"postDate\":1488661519,\"expiryDate\":null,\"enabled\":1,\"parentId\":null,\"fields\":{\"3\":{\"4\":{\"type\":\"hero\",\"enabled\":\"1\",\"fields\":{\"nav\":\"nav\"}},\"5\":{\"type\":\"instagramFeed\",\"enabled\":\"1\",\"fields\":{\"instagramUserId\":\"1234\"}},\"6\":{\"type\":\"menu\",\"enabled\":\"1\",\"fields\":{\"menuCategory\":\"category\"}},\"9\":{\"type\":\"findUs\",\"enabled\":\"1\",\"fields\":{\"youtubeUrl\":\"<iframe width=\\\"680\\\" height=\\\"381\\\" src=\\\"https:\\/\\/www.youtube.com\\/embed\\/lLeCB7Kn-VE\\\" frameborder=\\\"0\\\" allowfullscreen><\\/iframe>\",\"googleMapsUrl\":\"<iframe src=\\\"https:\\/\\/www.google.com\\/maps\\/embed?pb=!1m18!1m12!1m3!1d2689.184385013476!2d-122.33610738436896!3d47.622546979185586!2m3!1f0!2f0!3f0!3m2!1i1024!2i768!4f13.1!3m3!1m2!1s0x5490153730e9f873%3A0x325c1d7191a859d2!2sMBar!5e0!3m2!1sen!2sus!4v1488138274430\\\" width=\\\"680\\\" height=\\\"381\\\" frameborder=\\\"0\\\" style=\\\"border:0\\\" allowfullscreen><\\/iframe>\"}},\"10\":{\"type\":\"eventsBooking\",\"enabled\":\"1\",\"fields\":{\"eventsBookingTitle\":\"events booking\"}},\"7\":{\"type\":\"ourFamily\",\"enabled\":\"1\",\"fields\":{\"familyTitle\":\"family\"}},\"8\":{\"type\":\"media\",\"enabled\":\"1\",\"fields\":{\"mediaTitle\":\"media\"}}}}}', '2017-03-04 21:58:44', '2017-03-04 21:58:44', '494efd7f-3317-444b-b8bf-4a00d66d8571'),
 ('11', '2', '1', '1', 'en_us', '9', '', '{\"typeId\":null,\"authorId\":null,\"title\":\"MBAR Seattle\",\"slug\":\"homepage\",\"postDate\":1488661519,\"expiryDate\":null,\"enabled\":1,\"parentId\":null,\"fields\":{\"3\":{\"4\":{\"type\":\"hero\",\"enabled\":\"1\",\"fields\":{\"nav\":\"nav\"}},\"5\":{\"type\":\"instagramFeed\",\"enabled\":\"1\",\"fields\":{\"instagramUserId\":\"1234\"}},\"6\":{\"type\":\"menu\",\"enabled\":\"1\",\"fields\":{\"menuCategory\":\"category\"}},\"9\":{\"type\":\"findUs\",\"enabled\":\"1\",\"fields\":{\"youtubeUrl\":\"<iframe width=\\\"680\\\" height=\\\"381\\\" src=\\\"https:\\/\\/www.youtube.com\\/embed\\/lLeCB7Kn-VE\\\" frameborder=\\\"0\\\" allowfullscreen=\\\"\\\"><\\/iframe>\",\"googleMapsUrl\":\"<iframe src=\\\"https:\\/\\/www.google.com\\/maps\\/embed?pb=!1m18!1m12!1m3!1d2689.184385013476!2d-122.33610738436896!3d47.622546979185586!2m3!1f0!2f0!3f0!3m2!1i1024!2i768!4f13.1!3m3!1m2!1s0x5490153730e9f873%3A0x325c1d7191a859d2!2sMBar!5e0!3m2!1sen!2sus!4v1488138274430\\\" width=\\\"680\\\" height=\\\"381\\\" frameborder=\\\"0\\\" style=\\\"border:0\\\" allowfullscreen=\\\"\\\"><\\/iframe>\"}},\"10\":{\"type\":\"eventsBooking\",\"enabled\":\"1\",\"fields\":{\"eventsBookingTitle\":\"events booking\"}},\"7\":{\"type\":\"ourFamily\",\"enabled\":\"1\",\"fields\":{\"familyTitle\":\"family\"}},\"8\":{\"type\":\"media\",\"enabled\":\"1\",\"fields\":{\"mediaTitle\":\"media\"}}}}}', '2017-03-04 22:00:06', '2017-03-04 22:00:06', '9362a679-70d1-4ca2-87d0-71710cd4ea3e'),
 ('12', '2', '1', '1', 'en_us', '10', '', '{\"typeId\":null,\"authorId\":null,\"title\":\"MBAR Seattle\",\"slug\":\"homepage\",\"postDate\":1488661519,\"expiryDate\":null,\"enabled\":1,\"parentId\":null,\"fields\":{\"3\":{\"4\":{\"type\":\"hero\",\"enabled\":\"1\",\"fields\":{\"nav\":\"nav\"}},\"5\":{\"type\":\"instagramFeed\",\"enabled\":\"1\",\"fields\":{\"instagramUserId\":\"1234\"}},\"6\":{\"type\":\"menu\",\"enabled\":\"1\",\"fields\":{\"menuCategory\":\"category\"}},\"9\":{\"type\":\"findUs\",\"enabled\":\"1\",\"fields\":{\"youtubeUrl\":\"<iframe width=\\\"680\\\" height=\\\"381\\\" src=\\\"https:\\/\\/www.youtube.com\\/embed\\/lLeCB7Kn-VE\\\" frameborder=\\\"0\\\" allowfullscreen><\\/iframe>\",\"googleMapsUrl\":\"<iframe src=\\\"https:\\/\\/www.google.com\\/maps\\/embed?pb=!1m18!1m12!1m3!1d2689.184385013476!2d-122.33610738436896!3d47.622546979185586!2m3!1f0!2f0!3f0!3m2!1i1024!2i768!4f13.1!3m3!1m2!1s0x5490153730e9f873%3A0x325c1d7191a859d2!2sMBar!5e0!3m2!1sen!2sus!4v1488138274430\\\" width=\\\"680\\\" height=\\\"381\\\" frameborder=\\\"0\\\" style=\\\"border:0\\\" allowfullscreen><\\/iframe>\"}},\"10\":{\"type\":\"eventsBooking\",\"enabled\":\"1\",\"fields\":{\"eventsBookingTitle\":\"events booking\"}},\"7\":{\"type\":\"ourFamily\",\"enabled\":\"1\",\"fields\":{\"familyTitle\":\"family\"}},\"8\":{\"type\":\"media\",\"enabled\":\"1\",\"fields\":{\"mediaTitle\":\"media\"}}}}}', '2017-03-04 22:02:54', '2017-03-04 22:02:54', 'eb91df3a-4347-40da-9580-967feca62d22'),
 ('14', '15', '4', '1', 'en_us', '1', '', '{\"typeId\":null,\"authorId\":\"1\",\"title\":\"breakfast\",\"slug\":\"breakfast\",\"postDate\":1488667637,\"expiryDate\":null,\"enabled\":1,\"parentId\":null,\"fields\":[]}', '2017-03-04 22:47:17', '2017-03-04 22:47:17', '6a1a1203-0738-4d02-a451-828ca06b0427'),
 ('15', '16', '4', '1', 'en_us', '1', '', '{\"typeId\":null,\"authorId\":\"1\",\"title\":\"lunch\",\"slug\":\"lunch\",\"postDate\":1488667644,\"expiryDate\":null,\"enabled\":1,\"parentId\":null,\"fields\":[]}', '2017-03-04 22:47:24', '2017-03-04 22:47:24', '973df481-1b98-4b5b-bae7-0e0acfb420ec'),
 ('16', '17', '4', '1', 'en_us', '1', '', '{\"typeId\":null,\"authorId\":\"1\",\"title\":\"happy hour\",\"slug\":\"happy-hour\",\"postDate\":1488667652,\"expiryDate\":null,\"enabled\":1,\"parentId\":null,\"fields\":[]}', '2017-03-04 22:47:32', '2017-03-04 22:47:32', 'df48eca9-9050-46a9-b720-dbb61aa6b46d'),
 ('17', '18', '4', '1', 'en_us', '1', '', '{\"typeId\":null,\"authorId\":\"1\",\"title\":\"dinner\",\"slug\":\"dinner\",\"postDate\":1488667660,\"expiryDate\":null,\"enabled\":1,\"parentId\":null,\"fields\":[]}', '2017-03-04 22:47:40', '2017-03-04 22:47:40', '54b623d1-79bd-44a8-b875-52c88ad57fa9'),
 ('18', '15', '4', '1', 'en_us', '2', '', '{\"typeId\":\"4\",\"authorId\":\"1\",\"title\":\"breakfast\",\"slug\":\"breakfast\",\"postDate\":1488667620,\"expiryDate\":null,\"enabled\":1,\"parentId\":null,\"fields\":{\"17\":{\"new1\":{\"type\":\"menuGroupSet\",\"enabled\":\"1\",\"fields\":{\"menuGroupTitle\":\"appetizers\",\"menuGroupEntry\":\"\"}},\"new2\":{\"type\":\"menuGroupSet\",\"enabled\":\"1\",\"fields\":{\"menuGroupTitle\":\"mains\",\"menuGroupEntry\":\"\"}},\"new3\":{\"type\":\"menuGroupSet\",\"enabled\":\"1\",\"fields\":{\"menuGroupTitle\":\"desserts\",\"menuGroupEntry\":\"\"}}}}}', '2017-03-04 23:11:10', '2017-03-04 23:11:10', '87746f3a-a432-4802-97dc-e37638a81317'),
 ('19', '15', '4', '1', 'en_us', '3', '', '{\"typeId\":\"4\",\"authorId\":\"1\",\"title\":\"breakfast\",\"slug\":\"breakfast\",\"postDate\":1488667620,\"expiryDate\":null,\"enabled\":1,\"parentId\":null,\"fields\":{\"17\":{\"19\":{\"type\":\"menuGroupSet\",\"enabled\":\"1\",\"fields\":{\"menuGroupTitle\":\"appetizers\",\"menuGroupEntry\":\"\"}},\"20\":{\"type\":\"menuGroupSet\",\"enabled\":\"1\",\"fields\":{\"menuGroupTitle\":\"mains\",\"menuGroupEntry\":\"\"}},\"21\":{\"type\":\"menuGroupSet\",\"enabled\":\"1\",\"fields\":{\"menuGroupTitle\":\"desserts\",\"menuGroupEntry\":\"\"}}}}}', '2017-03-04 23:14:10', '2017-03-04 23:14:10', '5350f984-17f7-4034-b091-1d70d7a2bf1c'),
 ('20', '15', '4', '1', 'en_us', '4', '', '{\"typeId\":\"4\",\"authorId\":\"1\",\"title\":\"breakfast\",\"slug\":\"breakfast\",\"postDate\":1488667620,\"expiryDate\":null,\"enabled\":1,\"parentId\":null,\"fields\":{\"17\":{\"19\":{\"type\":\"menuGroupSet\",\"enabled\":\"1\",\"fields\":{\"menuGroupTitle\":\"appetizers\",\"menuGroupEntry\":\"\"}},\"20\":{\"type\":\"menuGroupSet\",\"enabled\":\"1\",\"fields\":{\"menuGroupTitle\":\"mains\",\"menuGroupEntry\":\"\"}},\"21\":{\"type\":\"menuGroupSet\",\"enabled\":\"1\",\"fields\":{\"menuGroupTitle\":\"desserts\",\"menuGroupEntry\":\"\"}},\"new1\":{\"type\":\"menuGroupSet\",\"enabled\":\"1\",\"fields\":{\"menuGroupTitle\":\"sdffsd\",\"menuGroupEntry\":\"\"}}}}}', '2017-03-04 23:29:49', '2017-03-04 23:29:49', '214ac4fc-3a61-45d2-ba40-38c754bf952a'),
 ('21', '15', '4', '1', 'en_us', '5', '', '{\"typeId\":\"4\",\"authorId\":\"1\",\"title\":\"breakfast\",\"slug\":\"breakfast\",\"postDate\":1488667620,\"expiryDate\":null,\"enabled\":1,\"parentId\":null,\"fields\":{\"17\":{\"19\":{\"type\":\"menuGroupSet\",\"enabled\":\"1\",\"fields\":{\"menuGroupTitle\":\"appetizers\",\"menuGroupEntry\":[\"18\",\"2\",\"17\"]}},\"20\":{\"type\":\"menuGroupSet\",\"enabled\":\"1\",\"fields\":{\"menuGroupTitle\":\"mains\",\"menuGroupEntry\":\"\"}},\"21\":{\"type\":\"menuGroupSet\",\"enabled\":\"1\",\"fields\":{\"menuGroupTitle\":\"desserts\",\"menuGroupEntry\":\"\"}},\"22\":{\"type\":\"menuGroupSet\",\"enabled\":\"1\",\"fields\":{\"menuGroupTitle\":\"sdffsd\",\"menuGroupEntry\":\"\"}}}}}', '2017-03-04 23:32:25', '2017-03-04 23:32:25', '44a03ec1-73dc-4b15-b9f2-e50bf5d3838b'),
 ('22', '23', '5', '1', 'en_us', '1', '', '{\"typeId\":null,\"authorId\":\"1\",\"title\":\"tabouleh\",\"slug\":\"tabouleh\",\"postDate\":1488670632,\"expiryDate\":null,\"enabled\":1,\"parentId\":null,\"fields\":[]}', '2017-03-04 23:37:12', '2017-03-04 23:37:12', 'b42e5158-043c-4deb-bcf8-0add31ea273c'),
 ('23', '23', '5', '1', 'en_us', '2', '', '{\"typeId\":\"5\",\"authorId\":\"1\",\"title\":\"lamb ribs\",\"slug\":\"tabouleh\",\"postDate\":1488670620,\"expiryDate\":null,\"enabled\":1,\"parentId\":null,\"fields\":{\"20\":\"5\"}}', '2017-03-04 23:40:25', '2017-03-04 23:40:25', '9ce87707-5953-4fe7-9188-6d67001af60c'),
 ('24', '24', '5', '1', 'en_us', '1', '', '{\"typeId\":null,\"authorId\":\"1\",\"title\":\"chicken wings\",\"slug\":\"chicken-wings\",\"postDate\":1488670834,\"expiryDate\":null,\"enabled\":1,\"parentId\":null,\"fields\":{\"20\":\"10\"}}', '2017-03-04 23:40:34', '2017-03-04 23:40:34', '6e25b134-08fa-475d-84bd-b8a3a510f46b'),
 ('25', '15', '4', '1', 'en_us', '6', '', '{\"typeId\":\"4\",\"authorId\":\"1\",\"title\":\"breakfast\",\"slug\":\"breakfast\",\"postDate\":1488667620,\"expiryDate\":null,\"enabled\":1,\"parentId\":null,\"fields\":{\"17\":{\"19\":{\"type\":\"menuGroupSet\",\"enabled\":\"1\",\"fields\":{\"menuGroupTitle\":\"appetizers\",\"menuGroupEntry\":[\"24\",\"23\"]}},\"20\":{\"type\":\"menuGroupSet\",\"enabled\":\"1\",\"fields\":{\"menuGroupTitle\":\"mains\",\"menuGroupEntry\":[\"24\",\"23\"]}},\"21\":{\"type\":\"menuGroupSet\",\"enabled\":\"1\",\"fields\":{\"menuGroupTitle\":\"desserts\",\"menuGroupEntry\":[\"24\",\"23\"]}}}}}', '2017-03-04 23:41:34', '2017-03-04 23:41:34', '3c237eae-17fa-4da8-a521-310f74d7c371'),
 ('26', '16', '4', '1', 'en_us', '2', '', '{\"typeId\":\"4\",\"authorId\":\"1\",\"title\":\"lunch\",\"slug\":\"lunch\",\"postDate\":1488667620,\"expiryDate\":null,\"enabled\":1,\"parentId\":null,\"fields\":{\"17\":{\"new1\":{\"type\":\"menuGroupSet\",\"enabled\":\"1\",\"fields\":{\"menuGroupTitle\":\"first\",\"menuGroupEntry\":[\"24\",\"23\"]}},\"new2\":{\"type\":\"menuGroupSet\",\"enabled\":\"1\",\"fields\":{\"menuGroupTitle\":\"second course\",\"menuGroupEntry\":[\"24\",\"23\"]}},\"new3\":{\"type\":\"menuGroupSet\",\"enabled\":\"1\",\"fields\":{\"menuGroupTitle\":\"third course\",\"menuGroupEntry\":[\"24\",\"23\"]}},\"new4\":{\"type\":\"menuGroupSet\",\"enabled\":\"1\",\"fields\":{\"menuGroupTitle\":\"dessert\",\"menuGroupEntry\":[\"24\",\"23\"]}}}}}', '2017-03-04 23:42:15', '2017-03-04 23:42:15', 'c5244c5d-ff93-4486-8e9c-14983424aad1'),
 ('27', '17', '4', '1', 'en_us', '2', '', '{\"typeId\":\"4\",\"authorId\":\"1\",\"title\":\"happy hour\",\"slug\":\"happy-hour\",\"postDate\":1488667620,\"expiryDate\":null,\"enabled\":1,\"parentId\":null,\"fields\":{\"17\":{\"new1\":{\"type\":\"menuGroupSet\",\"enabled\":\"1\",\"fields\":{\"menuGroupTitle\":\"first course\",\"menuGroupEntry\":[\"24\",\"23\"]}},\"new2\":{\"type\":\"menuGroupSet\",\"enabled\":\"1\",\"fields\":{\"menuGroupTitle\":\"second course\",\"menuGroupEntry\":[\"24\",\"23\"]}},\"new3\":{\"type\":\"menuGroupSet\",\"enabled\":\"1\",\"fields\":{\"menuGroupTitle\":\"third course\",\"menuGroupEntry\":[\"24\",\"23\"]}}}}}', '2017-03-04 23:51:17', '2017-03-04 23:51:17', 'a28e2717-133c-469a-ae5d-9506551ed7bb'),
 ('28', '18', '4', '1', 'en_us', '2', '', '{\"typeId\":\"4\",\"authorId\":\"1\",\"title\":\"dinner\",\"slug\":\"dinner\",\"postDate\":1488667620,\"expiryDate\":null,\"enabled\":1,\"parentId\":null,\"fields\":{\"17\":{\"new1\":{\"type\":\"menuGroupSet\",\"enabled\":\"1\",\"fields\":{\"menuGroupTitle\":\"apertifs\",\"menuGroupEntry\":[\"24\",\"23\"]}},\"new2\":{\"type\":\"menuGroupSet\",\"enabled\":\"1\",\"fields\":{\"menuGroupTitle\":\"delicates\",\"menuGroupEntry\":[\"24\",\"23\"]}},\"new3\":{\"type\":\"menuGroupSet\",\"enabled\":\"1\",\"fields\":{\"menuGroupTitle\":\"delicious items\",\"menuGroupEntry\":[\"24\",\"23\"]}},\"new4\":{\"type\":\"menuGroupSet\",\"enabled\":\"1\",\"fields\":{\"menuGroupTitle\":\"dessert\",\"menuGroupEntry\":[\"24\",\"23\"]}}}}}', '2017-03-04 23:52:03', '2017-03-04 23:52:03', '302fd37d-37a9-40d3-89b3-afb5cb1834c3'),
 ('29', '2', '1', '1', 'en_us', '11', '', '{\"typeId\":null,\"authorId\":null,\"title\":\"MBAR Seattle\",\"slug\":\"homepage\",\"postDate\":1488661519,\"expiryDate\":null,\"enabled\":1,\"parentId\":null,\"fields\":{\"3\":{\"5\":{\"type\":\"instagramFeed\",\"enabled\":\"1\",\"fields\":{\"instagramUserId\":\"1234\"}},\"4\":{\"type\":\"hero\",\"enabled\":\"1\",\"fields\":{\"nav\":\"nav\",\"contactInformation\":\"\"}},\"6\":{\"type\":\"menu\",\"enabled\":\"1\",\"fields\":{\"menuCategory\":\"category\"}},\"9\":{\"type\":\"findUs\",\"enabled\":\"1\",\"fields\":{\"youtubeUrl\":\"<iframe width=\\\"680\\\" height=\\\"381\\\" src=\\\"https:\\/\\/www.youtube.com\\/embed\\/lLeCB7Kn-VE\\\" frameborder=\\\"0\\\" allowfullscreen><\\/iframe>\",\"googleMapsUrl\":\"<iframe src=\\\"https:\\/\\/www.google.com\\/maps\\/embed?pb=!1m18!1m12!1m3!1d2689.184385013476!2d-122.33610738436896!3d47.622546979185586!2m3!1f0!2f0!3f0!3m2!1i1024!2i768!4f13.1!3m3!1m2!1s0x5490153730e9f873%3A0x325c1d7191a859d2!2sMBar!5e0!3m2!1sen!2sus!4v1488138274430\\\" width=\\\"680\\\" height=\\\"381\\\" frameborder=\\\"0\\\" style=\\\"border:0\\\" allowfullscreen><\\/iframe>\"}},\"10\":{\"type\":\"eventsBooking\",\"enabled\":\"1\",\"fields\":{\"eventsBookingTitle\":\"events booking\"}},\"7\":{\"type\":\"ourFamily\",\"enabled\":\"1\",\"fields\":{\"familyTitle\":\"family\"}},\"8\":{\"type\":\"media\",\"enabled\":\"1\",\"fields\":{\"mediaTitle\":\"media\"}}}}}', '2017-03-04 23:59:08', '2017-03-04 23:59:08', 'effeb871-7104-4f4c-beee-6a49be9b78e8'),
 ('30', '2', '1', '1', 'en_us', '12', '', '{\"typeId\":null,\"authorId\":null,\"title\":\"MBAR Seattle\",\"slug\":\"homepage\",\"postDate\":1488661519,\"expiryDate\":null,\"enabled\":1,\"parentId\":null,\"fields\":{\"3\":{\"4\":{\"type\":\"hero\",\"enabled\":\"1\",\"fields\":{\"nav\":\"nav\",\"contactInformation\":\"\"}},\"5\":{\"type\":\"instagramFeed\",\"enabled\":\"1\",\"fields\":{\"instagramUserId\":\"1234\"}},\"6\":{\"type\":\"menu\",\"enabled\":\"1\",\"fields\":{\"menuCategory\":\"category\"}},\"9\":{\"type\":\"findUs\",\"enabled\":\"1\",\"fields\":{\"youtubeUrl\":\"<iframe width=\\\"680\\\" height=\\\"381\\\" src=\\\"https:\\/\\/www.youtube.com\\/embed\\/lLeCB7Kn-VE\\\" frameborder=\\\"0\\\" allowfullscreen><\\/iframe>\",\"googleMapsUrl\":\"<iframe src=\\\"https:\\/\\/www.google.com\\/maps\\/embed?pb=!1m18!1m12!1m3!1d2689.184385013476!2d-122.33610738436896!3d47.622546979185586!2m3!1f0!2f0!3f0!3m2!1i1024!2i768!4f13.1!3m3!1m2!1s0x5490153730e9f873%3A0x325c1d7191a859d2!2sMBar!5e0!3m2!1sen!2sus!4v1488138274430\\\" width=\\\"680\\\" height=\\\"381\\\" frameborder=\\\"0\\\" style=\\\"border:0\\\" allowfullscreen><\\/iframe>\"}},\"10\":{\"type\":\"eventsBooking\",\"enabled\":\"1\",\"fields\":{\"eventsBookingTitle\":\"events booking\"}},\"7\":{\"type\":\"ourFamily\",\"enabled\":\"1\",\"fields\":{\"familyTitle\":\"family\"}},\"8\":{\"type\":\"media\",\"enabled\":\"1\",\"fields\":{\"mediaTitle\":\"media\"}}}}}', '2017-03-04 23:59:28', '2017-03-04 23:59:28', 'e7e6cac7-ad55-400e-9070-3b8b66b878c0'),
 ('44', '2', '1', '1', 'en_us', '13', '', '{\"typeId\":null,\"authorId\":null,\"title\":\"MBAR Seattle\",\"slug\":\"homepage\",\"postDate\":1488661519,\"expiryDate\":null,\"enabled\":1,\"parentId\":null,\"fields\":{\"3\":{\"4\":{\"type\":\"hero\",\"enabled\":\"1\",\"fields\":{\"nav\":\"nav\",\"contactInformation\":\"\"}},\"5\":{\"type\":\"instagramFeed\",\"enabled\":\"1\",\"fields\":{\"instagramUserId\":\"1234\"}},\"6\":{\"type\":\"menu\",\"enabled\":\"1\",\"fields\":{\"menuCategory\":\"category\"}},\"9\":{\"type\":\"findUs\",\"enabled\":\"1\",\"fields\":{\"youtubeUrl\":\"<iframe width=\\\"680\\\" height=\\\"381\\\" src=\\\"https:\\/\\/www.youtube.com\\/embed\\/lLeCB7Kn-VE\\\" frameborder=\\\"0\\\" allowfullscreen><\\/iframe>\",\"googleMapsUrl\":\"<iframe src=\\\"https:\\/\\/www.google.com\\/maps\\/embed?pb=!1m18!1m12!1m3!1d2689.184385013476!2d-122.33610738436896!3d47.622546979185586!2m3!1f0!2f0!3f0!3m2!1i1024!2i768!4f13.1!3m3!1m2!1s0x5490153730e9f873%3A0x325c1d7191a859d2!2sMBar!5e0!3m2!1sen!2sus!4v1488138274430\\\" width=\\\"680\\\" height=\\\"381\\\" frameborder=\\\"0\\\" style=\\\"border:0\\\" allowfullscreen><\\/iframe>\"}},\"10\":{\"type\":\"eventsBooking\",\"enabled\":\"1\",\"fields\":{\"eventsBookingTitle\":\"events booking\"}},\"7\":{\"type\":\"ourFamily\",\"enabled\":\"1\",\"fields\":{\"familyTitle\":\"family\"}},\"8\":{\"type\":\"media\",\"enabled\":\"1\",\"fields\":{\"mediaTitle\":\"media\"}},\"new1\":{\"type\":\"about\",\"enabled\":\"1\",\"fields\":{\"aboutUsTitle\":\"about us\"}}}}}', '2017-03-05 02:41:21', '2017-03-05 02:41:21', 'a55134df-4aba-48a0-87b7-b9e51455ac28'),
 ('56', '55', '9', '1', 'en_us', '1', '', '{\"typeId\":null,\"authorId\":\"1\",\"title\":\"slide 1\",\"slug\":\"slide-1\",\"postDate\":1488683512,\"expiryDate\":null,\"enabled\":1,\"parentId\":\"\",\"fields\":{\"1\":\"<p>slide 1 first First paragraph Lorem ipsum dolor sit amet, consectetuer adipiscing elit, sed diam nonummy nibh euismod tincidunt ut laoreet dolore magna aliquam erat volutpat. Ut wisi enim ad minim veniam, quisaliquam erat volutpatLorem ipsum dolor sit amet, consectetuer adipiscing elit ipsum dolor sit amet.<\\/p>\",\"21\":[\"51\"]}}', '2017-03-05 03:11:52', '2017-03-05 03:11:52', '7757f00e-de32-482a-a380-d308bb0b180c'),
 ('57', '56', '9', '1', 'en_us', '1', '', '{\"typeId\":null,\"authorId\":\"1\",\"title\":\"slide 2\",\"slug\":\"slide-2\",\"postDate\":1488683532,\"expiryDate\":null,\"enabled\":1,\"parentId\":\"\",\"fields\":{\"1\":\"<p>slide two first First paragraph Lorem ipsum dolor sit amet, consectetuer adipiscing elit, sed diam nonummy nibh euismod tincidunt ut laoreet dolore magna aliquam erat volutpat. Ut wisi enim ad minim veniam, quisaliquam erat volutpatLorem ipsum dolor sit amet, consectetuer adipiscing elit ipsum dolor sit amet.<\\/p>\",\"21\":[\"49\"]}}', '2017-03-05 03:12:13', '2017-03-05 03:12:13', '02fc3de6-9996-4d7d-a0dd-84bc465ddebd'),
 ('58', '57', '10', '1', 'en_us', '1', '', '{\"typeId\":null,\"authorId\":\"1\",\"title\":\"twitter\",\"slug\":\"twitter\",\"postDate\":1488684754,\"expiryDate\":null,\"enabled\":1,\"parentId\":\"\",\"fields\":{\"21\":\"\",\"22\":\"http:\\/\\/twitter.com\\/mbar\"}}', '2017-03-05 03:32:34', '2017-03-05 03:32:34', '044e1356-eed1-4c60-8c15-c28be8c60647'),
 ('59', '57', '10', '1', 'en_us', '2', '', '{\"typeId\":\"10\",\"authorId\":\"1\",\"title\":\"twitter\",\"slug\":\"twitter\",\"postDate\":1488684720,\"expiryDate\":null,\"enabled\":1,\"parentId\":\"\",\"fields\":{\"21\":[\"59\"],\"22\":\"http:\\/\\/twitter.com\\/mbar\"}}', '2017-03-05 03:37:44', '2017-03-05 03:37:44', 'ba414a97-4d88-47a1-afdf-a0ab61c697da'),
 ('60', '62', '10', '1', 'en_us', '1', '', '{\"typeId\":null,\"authorId\":\"1\",\"title\":\"instagram\",\"slug\":\"instagram\",\"postDate\":1488685093,\"expiryDate\":null,\"enabled\":1,\"parentId\":\"\",\"fields\":{\"21\":[\"61\"],\"22\":\"instagram.com\\/mbar\"}}', '2017-03-05 03:38:13', '2017-03-05 03:38:13', '1d089d5c-35af-44a8-aa1e-949aa4d97b5d'),
 ('61', '65', '10', '1', 'en_us', '1', '', '{\"typeId\":null,\"authorId\":\"1\",\"title\":\"facebook\",\"slug\":\"facebook\",\"postDate\":1488685118,\"expiryDate\":null,\"enabled\":1,\"parentId\":\"\",\"fields\":{\"21\":[\"64\"],\"22\":\"facebook.com\\/mbar\"}}', '2017-03-05 03:38:38', '2017-03-05 03:38:38', '5377e814-76c6-4bf1-b570-d6cec5a89837'),
 ('62', '62', '10', '1', 'en_us', '2', '', '{\"typeId\":\"10\",\"authorId\":\"1\",\"title\":\"instagram\",\"slug\":\"instagram\",\"postDate\":1488685080,\"expiryDate\":null,\"enabled\":1,\"parentId\":\"\",\"fields\":{\"21\":[\"61\"],\"22\":\"http:\\/\\/instagram.com\\/mbar\"}}', '2017-03-05 03:48:29', '2017-03-05 03:48:29', 'ccf61a2d-b5a2-44b6-8f85-3a3267c24dc3'),
 ('63', '65', '10', '1', 'en_us', '2', '', '{\"typeId\":\"10\",\"authorId\":\"1\",\"title\":\"facebook\",\"slug\":\"facebook\",\"postDate\":1488685080,\"expiryDate\":null,\"enabled\":1,\"parentId\":\"\",\"fields\":{\"21\":[\"64\"],\"22\":\"http:\\/\\/facebook.com\\/mbar\"}}', '2017-03-05 03:48:38', '2017-03-05 03:48:38', '0b2300a4-7640-4787-9b0e-5821ae1310dd'),
 ('70', '72', '12', '1', 'en_us', '1', '', '{\"typeId\":null,\"authorId\":\"1\",\"title\":\"about\",\"slug\":\"about\",\"postDate\":1488687117,\"expiryDate\":null,\"enabled\":1,\"parentId\":\"\",\"fields\":[]}', '2017-03-05 04:11:57', '2017-03-05 04:11:57', '55f718e7-5b32-44cc-9a86-8ea566ddd594'),
 ('71', '73', '12', '1', 'en_us', '1', '', '{\"typeId\":null,\"authorId\":\"1\",\"title\":\"menu\",\"slug\":\"menu\",\"postDate\":1488687124,\"expiryDate\":null,\"enabled\":1,\"parentId\":\"\",\"fields\":[]}', '2017-03-05 04:12:04', '2017-03-05 04:12:04', '8af25e06-bfc1-44dc-9e57-14f55495ab37'),
 ('72', '74', '12', '1', 'en_us', '1', '', '{\"typeId\":null,\"authorId\":\"1\",\"title\":\"find us\",\"slug\":\"find-us\",\"postDate\":1488687132,\"expiryDate\":null,\"enabled\":1,\"parentId\":\"\",\"fields\":[]}', '2017-03-05 04:12:12', '2017-03-05 04:12:12', '45528b3b-ee89-4f28-9a24-d4c354f82b1d'),
 ('73', '75', '12', '1', 'en_us', '1', '', '{\"typeId\":null,\"authorId\":\"1\",\"title\":\"media\",\"slug\":\"media\",\"postDate\":1488687139,\"expiryDate\":null,\"enabled\":1,\"parentId\":\"\",\"fields\":[]}', '2017-03-05 04:12:19', '2017-03-05 04:12:19', '511a2c3a-0708-4a6b-8fc2-090afc4cad6d'),
 ('74', '76', '12', '1', 'en_us', '1', '', '{\"typeId\":null,\"authorId\":\"1\",\"title\":\"events booking\",\"slug\":\"events-booking\",\"postDate\":1488687148,\"expiryDate\":null,\"enabled\":1,\"parentId\":\"\",\"fields\":[]}', '2017-03-05 04:12:28', '2017-03-05 04:12:28', '7e837229-d09c-4e94-babc-38d057d45a4d'),
 ('75', '77', '12', '1', 'en_us', '1', '', '{\"typeId\":null,\"authorId\":\"1\",\"title\":\"our family\",\"slug\":\"our-family\",\"postDate\":1488687168,\"expiryDate\":null,\"enabled\":1,\"parentId\":\"\",\"fields\":[]}', '2017-03-05 04:12:48', '2017-03-05 04:12:48', 'cdf4b906-ffd4-4beb-9380-7f741a801540'),
 ('76', '78', '13', '1', 'en_us', '1', '', '{\"typeId\":null,\"authorId\":\"1\",\"title\":\"schedule items\",\"slug\":\"schedule-items\",\"postDate\":1488734641,\"expiryDate\":null,\"enabled\":1,\"parentId\":null,\"fields\":{\"26\":\"tuesday\\/wednesday 4-9   thursday 4-11   friday 4-11   saturday 5-11   sunday 5-9\",\"27\":\"Happy Hour 4-6 (on patio weather permitting)\",\"28\":\"400 Fairview Ave N, Seattle, WA 98109\"}}', '2017-03-05 17:24:01', '2017-03-05 17:24:01', '8f70d4a4-9574-4aac-b55d-29fa15f58172'),
 ('77', '81', '14', '1', 'en_us', '1', '', '{\"typeId\":null,\"authorId\":\"1\",\"title\":\"slide 1\",\"slug\":\"slide-1\",\"postDate\":1488735510,\"expiryDate\":null,\"enabled\":1,\"parentId\":\"\",\"fields\":{\"21\":[\"80\"]}}', '2017-03-05 17:38:30', '2017-03-05 17:38:30', '55a26c47-9728-441a-8509-5d1bd91f4fd0'),
 ('78', '84', '14', '1', 'en_us', '1', '', '{\"typeId\":null,\"authorId\":\"1\",\"title\":\"slide 2\",\"slug\":\"slide-2\",\"postDate\":1488735527,\"expiryDate\":null,\"enabled\":1,\"parentId\":\"\",\"fields\":{\"21\":[\"83\"]}}', '2017-03-05 17:38:47', '2017-03-05 17:38:47', '129da0f2-1ee3-48bd-8318-9ba648e4b685'),
 ('79', '87', '14', '1', 'en_us', '1', '', '{\"typeId\":null,\"authorId\":\"1\",\"title\":\"slide 3\",\"slug\":\"slide-3\",\"postDate\":1488735547,\"expiryDate\":null,\"enabled\":1,\"parentId\":\"\",\"fields\":{\"21\":[\"86\"]}}', '2017-03-05 17:39:07', '2017-03-05 17:39:07', '0a964fd5-f88f-409d-946f-cb3e16980f06'),
 ('80', '2', '1', '1', 'en_us', '14', '', '{\"typeId\":null,\"authorId\":null,\"title\":\"MBAR Seattle\",\"slug\":\"homepage\",\"postDate\":1488661519,\"expiryDate\":null,\"enabled\":1,\"parentId\":null,\"fields\":{\"3\":{\"4\":{\"type\":\"hero\",\"enabled\":\"1\",\"fields\":{\"nav\":\"nav\",\"contactInformation\":\"\"}},\"5\":{\"type\":\"instagramFeed\",\"enabled\":\"1\",\"fields\":{\"instagramUserId\":\"1234\"}},\"6\":{\"type\":\"menu\",\"enabled\":\"1\",\"fields\":{\"menuCategory\":\"category\"}},\"9\":{\"type\":\"findUs\",\"enabled\":\"1\",\"fields\":{\"youtubeUrl\":\"<iframe width=\\\"680\\\" height=\\\"381\\\" src=\\\"https:\\/\\/www.youtube.com\\/embed\\/lLeCB7Kn-VE\\\" frameborder=\\\"0\\\" allowfullscreen><\\/iframe>\",\"googleMapsUrl\":\"<iframe src=\\\"https:\\/\\/www.google.com\\/maps\\/embed?pb=!1m18!1m12!1m3!1d2689.184385013476!2d-122.33610738436896!3d47.622546979185586!2m3!1f0!2f0!3f0!3m2!1i1024!2i768!4f13.1!3m3!1m2!1s0x5490153730e9f873%3A0x325c1d7191a859d2!2sMBar!5e0!3m2!1sen!2sus!4v1488138274430\\\" width=\\\"680\\\" height=\\\"381\\\" frameborder=\\\"0\\\" style=\\\"border:0\\\" allowfullscreen><\\/iframe>\"}},\"10\":{\"type\":\"eventsBooking\",\"enabled\":\"1\",\"fields\":{\"eventsBookingTitle\":\"events booking\",\"eventsbookingDescription\":\"Events Booking Lorem ipsum dolor sit amet, consectetuer adipiscing elit, sed diam nonummy nibh euismod tincidunt ut laoreet dolore magna aliquam erat volutpat. Ut wisi enim ad minim veniam, quisaliquam erat volutpatLorem ipsum dolor sit amet, consectetuer adipiscing elit.\"}},\"7\":{\"type\":\"ourFamily\",\"enabled\":\"1\",\"fields\":{\"familyTitle\":\"family\"}},\"8\":{\"type\":\"media\",\"enabled\":\"1\",\"fields\":{\"mediaTitle\":\"media\"}},\"46\":{\"type\":\"about\",\"enabled\":\"1\",\"fields\":{\"aboutUsTitle\":\"about us\"}}}}}', '2017-03-05 17:53:31', '2017-03-05 17:53:31', 'c0816478-344e-47c5-91f9-ac5082238486'),
 ('81', '88', '15', '1', 'en_us', '1', '', '{\"typeId\":null,\"authorId\":\"1\",\"title\":\"wassef\",\"slug\":\"wassef\",\"postDate\":1488736736,\"expiryDate\":null,\"enabled\":1,\"parentId\":\"\",\"fields\":{\"1\":\"<p>racha<\\/p>\",\"21\":[\"38\"]}}', '2017-03-05 17:58:56', '2017-03-05 17:58:56', '1c6e0191-49f2-41f4-87bb-b2f0ed9f1b06'),
 ('82', '89', '15', '1', 'en_us', '1', '', '{\"typeId\":null,\"authorId\":\"1\",\"title\":\"racha\",\"slug\":\"racha\",\"postDate\":1488736749,\"expiryDate\":null,\"enabled\":1,\"parentId\":\"\",\"fields\":{\"1\":\"<p>haroun<\\/p>\",\"21\":[\"38\"]}}', '2017-03-05 17:59:09', '2017-03-05 17:59:09', '69058254-dbfa-47bf-9f02-dec55131a503'),
 ('83', '90', '16', '1', 'en_us', '1', '', '{\"typeId\":null,\"authorId\":\"1\",\"title\":\"new york times\",\"slug\":\"new-york-times\",\"postDate\":1488736972,\"expiryDate\":null,\"enabled\":1,\"parentId\":\"\",\"fields\":{\"1\":\"<p>heres an article<\\/p>\",\"21\":[\"44\"],\"30\":\"http:\\/\\/nyt.com\"}}', '2017-03-05 18:02:52', '2017-03-05 18:02:52', 'd8effb11-8db8-48b5-a8e6-54de676b852b'),
 ('84', '91', '16', '1', 'en_us', '1', '', '{\"typeId\":null,\"authorId\":\"1\",\"title\":\"seattle metro\",\"slug\":\"seattle-metro\",\"postDate\":1488736994,\"expiryDate\":null,\"enabled\":1,\"parentId\":\"\",\"fields\":{\"1\":\"<p>seattle metro look<\\/p>\",\"21\":[\"44\"],\"30\":\"seattlemetro.com\"}}', '2017-03-05 18:03:14', '2017-03-05 18:03:14', '7c1b3bae-39a4-47f4-8c26-3546e8606624'),
 ('85', '91', '16', '1', 'en_us', '2', '', '{\"typeId\":\"16\",\"authorId\":\"1\",\"title\":\"seattle metro\",\"slug\":\"seattle-metro\",\"postDate\":1488736980,\"expiryDate\":null,\"enabled\":1,\"parentId\":\"\",\"fields\":{\"1\":\"<p>seattle metro look<\\/p>\",\"21\":[\"44\"],\"31\":\"seattle metro\",\"30\":\"http:\\/\\/seattlemetro.com\"}}', '2017-03-05 18:15:12', '2017-03-05 18:15:12', '99456565-657b-4b35-a610-1d03c3f77e98'),
 ('86', '90', '16', '1', 'en_us', '2', '', '{\"typeId\":\"16\",\"authorId\":\"1\",\"title\":\"new york times\",\"slug\":\"new-york-times\",\"postDate\":1488736920,\"expiryDate\":null,\"enabled\":1,\"parentId\":\"\",\"fields\":{\"1\":\"<p>heres an article<\\/p>\",\"21\":[\"44\"],\"31\":\"new york times\",\"30\":\"http:\\/\\/nyt.com\"}}', '2017-03-05 18:15:21', '2017-03-05 18:15:21', '1cd04fd8-1cde-4aea-88fa-3e4409fb80fa'),
 ('93', '2', '1', '1', 'en_us', '15', '', '{\"typeId\":null,\"authorId\":null,\"title\":\"MBAR Seattle\",\"slug\":\"homepage\",\"postDate\":1488661519,\"expiryDate\":null,\"enabled\":1,\"parentId\":null,\"fields\":{\"3\":{\"4\":{\"type\":\"hero\",\"enabled\":\"1\",\"fields\":{\"nav\":\"nav\",\"contactInformation\":\"\"}},\"5\":{\"type\":\"instagramFeed\",\"enabled\":\"1\",\"fields\":{\"instagramUserId\":\"1234\"}},\"6\":{\"type\":\"menu\",\"enabled\":\"1\",\"fields\":{\"menuCategory\":\"category\"}},\"9\":{\"type\":\"findUs\",\"enabled\":\"1\",\"fields\":{\"youtubeUrl\":\"<iframe width=\\\"680\\\" height=\\\"381\\\" src=\\\"https:\\/\\/www.youtube.com\\/embed\\/lLeCB7Kn-VE\\\" frameborder=\\\"0\\\" allowfullscreen><\\/iframe>\",\"googleMapsUrl\":\"<iframe src=\\\"https:\\/\\/www.google.com\\/maps\\/embed?pb=!1m18!1m12!1m3!1d2689.184385013476!2d-122.33610738436896!3d47.622546979185586!2m3!1f0!2f0!3f0!3m2!1i1024!2i768!4f13.1!3m3!1m2!1s0x5490153730e9f873%3A0x325c1d7191a859d2!2sMBar!5e0!3m2!1sen!2sus!4v1488138274430\\\" width=\\\"680\\\" height=\\\"381\\\" frameborder=\\\"0\\\" style=\\\"border:0; margin-top: -150px;\\\" allowfullscreen><\\/iframe>\"}},\"10\":{\"type\":\"eventsBooking\",\"enabled\":\"1\",\"fields\":{\"eventsBookingTitle\":\"events booking\",\"eventsbookingDescription\":\"Events Booking Lorem ipsum dolor sit amet, consectetuer adipiscing elit, sed diam nonummy nibh euismod tincidunt ut laoreet dolore magna aliquam erat volutpat. Ut wisi enim ad minim veniam, quisaliquam erat volutpatLorem ipsum dolor sit amet, consectetuer adipiscing elit.\"}},\"7\":{\"type\":\"ourFamily\",\"enabled\":\"1\",\"fields\":{\"familyTitle\":\"family\"}},\"8\":{\"type\":\"media\",\"enabled\":\"1\",\"fields\":{\"mediaTitle\":\"media\"}},\"46\":{\"type\":\"about\",\"enabled\":\"1\",\"fields\":{\"aboutUsTitle\":\"about us\"}}}}}', '2017-03-11 01:16:16', '2017-03-11 01:16:16', '7229f6ca-78c6-406f-92d5-f36567195048'),
 ('94', '2', '1', '1', 'en_us', '16', '', '{\"typeId\":null,\"authorId\":null,\"title\":\"MBAR Seattle\",\"slug\":\"homepage\",\"postDate\":1488661519,\"expiryDate\":null,\"enabled\":1,\"parentId\":null,\"fields\":{\"3\":{\"4\":{\"type\":\"hero\",\"enabled\":\"1\",\"fields\":{\"nav\":\"nav\",\"contactInformation\":\"\"}},\"5\":{\"type\":\"instagramFeed\",\"enabled\":\"1\",\"fields\":{\"instagramUserId\":\"1234\"}},\"6\":{\"type\":\"menu\",\"enabled\":\"1\",\"fields\":{\"menuCategory\":\"category\"}},\"9\":{\"type\":\"findUs\",\"enabled\":\"1\",\"fields\":{\"youtubeUrl\":\"<iframe width=\\\"680\\\" height=\\\"381\\\" src=\\\"https:\\/\\/www.youtube.com\\/embed\\/lLeCB7Kn-VE\\\" frameborder=\\\"0\\\" allowfullscreen><\\/iframe>\",\"googleMapsUrl\":\"<iframe id=\\\"map_canvas1\\\" src=\\\"https:\\/\\/www.google.com\\/maps\\/embed?pb=!1m18!1m12!1m3!1d2689.184385013476!2d-122.33610738436896!3d47.622546979185586!2m3!1f0!2f0!3f0!3m2!1i1024!2i768!4f13.1!3m3!1m2!1s0x5490153730e9f873%3A0x325c1d7191a859d2!2sMBar!5e0!3m2!1sen!2sus!4v1488138274430\\\" width=\\\"680\\\" height=\\\"381\\\" frameborder=\\\"0\\\" style=\\\"border:0; margin-top: -150px;\\\" allowfullscreen><\\/iframe>\"}},\"10\":{\"type\":\"eventsBooking\",\"enabled\":\"1\",\"fields\":{\"eventsBookingTitle\":\"events booking\",\"eventsbookingDescription\":\"Events Booking Lorem ipsum dolor sit amet, consectetuer adipiscing elit, sed diam nonummy nibh euismod tincidunt ut laoreet dolore magna aliquam erat volutpat. Ut wisi enim ad minim veniam, quisaliquam erat volutpatLorem ipsum dolor sit amet, consectetuer adipiscing elit.\"}},\"7\":{\"type\":\"ourFamily\",\"enabled\":\"1\",\"fields\":{\"familyTitle\":\"family\"}},\"8\":{\"type\":\"media\",\"enabled\":\"1\",\"fields\":{\"mediaTitle\":\"media\"}},\"46\":{\"type\":\"about\",\"enabled\":\"1\",\"fields\":{\"aboutUsTitle\":\"about us\"}}}}}', '2017-03-11 01:19:41', '2017-03-11 01:19:41', '600a0188-f722-4894-9b01-77d68b363cfc'),
 ('95', '92', '17', '1', 'en_us', '1', '', '{\"typeId\":null,\"authorId\":\"1\",\"title\":\"new pasta\",\"slug\":\"new-pasta\",\"postDate\":1489363200,\"expiryDate\":1489429800,\"enabled\":1,\"parentId\":null,\"fields\":{\"1\":\"<p>yum<\\/p>\"}}', '2017-03-13 22:13:23', '2017-03-13 22:13:23', '09a00dd4-da84-4237-b574-5b8b50709d9e'),
 ('96', '92', '17', '1', 'en_us', '2', '', '{\"typeId\":\"17\",\"authorId\":\"1\",\"title\":\"new pasta\",\"slug\":\"new-pasta\",\"postDate\":1489363200,\"expiryDate\":1489602600,\"enabled\":1,\"parentId\":null,\"fields\":{\"1\":\"<p>yum<\\/p>\"}}', '2017-03-13 22:14:31', '2017-03-13 22:14:31', '99119266-0f6d-44c7-ad98-177a2b83caa9');



DROP TABLE IF EXISTS `craft_fieldgroups`;


--
-- Schema for table `craft_fieldgroups`
--
CREATE TABLE `craft_fieldgroups` (
  `id` int(11) NOT NULL AUTO_INCREMENT,
  `name` varchar(255) COLLATE utf8_unicode_ci NOT NULL,
  `dateCreated` datetime NOT NULL,
  `dateUpdated` datetime NOT NULL,
  `uid` char(36) COLLATE utf8_unicode_ci NOT NULL DEFAULT '0',
  PRIMARY KEY (`id`),
  UNIQUE KEY `craft_fieldgroups_name_unq_idx` (`name`)
) ENGINE=InnoDB AUTO_INCREMENT=3 DEFAULT CHARSET=utf8 COLLATE=utf8_unicode_ci;

--
-- Data for table `craft_fieldgroups`
--

INSERT INTO `craft_fieldgroups` (`id`, `name`, `dateCreated`, `dateUpdated`, `uid`) VALUES
 ('1', 'Default', '2017-03-04 21:05:19', '2017-03-04 21:05:19', '182ae3f1-1ea2-4748-9101-c55b72b9034e'),
 ('2', 'Food Menu', '2017-03-04 22:23:57', '2017-03-04 22:23:57', 'fed57c03-58b7-435d-9f2a-eb3c3ebee0cd');



DROP TABLE IF EXISTS `craft_fieldlayoutfields`;


--
-- Schema for table `craft_fieldlayoutfields`
--
CREATE TABLE `craft_fieldlayoutfields` (
  `id` int(11) NOT NULL AUTO_INCREMENT,
  `layoutId` int(11) NOT NULL,
  `tabId` int(11) NOT NULL,
  `fieldId` int(11) NOT NULL,
  `required` tinyint(1) unsigned NOT NULL DEFAULT '0',
  `sortOrder` smallint(6) unsigned DEFAULT NULL,
  `dateCreated` datetime NOT NULL,
  `dateUpdated` datetime NOT NULL,
  `uid` char(36) COLLATE utf8_unicode_ci NOT NULL DEFAULT '0',
  PRIMARY KEY (`id`),
  UNIQUE KEY `craft_fieldlayoutfields_layoutId_fieldId_unq_idx` (`layoutId`,`fieldId`),
  KEY `craft_fieldlayoutfields_sortOrder_idx` (`sortOrder`),
  KEY `craft_fieldlayoutfields_tabId_fk` (`tabId`),
  KEY `craft_fieldlayoutfields_fieldId_fk` (`fieldId`)
) ENGINE=InnoDB AUTO_INCREMENT=162 DEFAULT CHARSET=utf8 COLLATE=utf8_unicode_ci;

--
-- Data for table `craft_fieldlayoutfields`
--

INSERT INTO `craft_fieldlayoutfields` (`id`, `layoutId`, `tabId`, `fieldId`, `required`, `sortOrder`, `dateCreated`, `dateUpdated`, `uid`) VALUES
 ('2', '5', '2', '1', '1', '1', '2017-03-04 21:05:20', '2017-03-04 21:05:20', '0a7e47c4-ac85-4012-86d7-b9a03cf78534'),
 ('3', '5', '2', '2', '0', '2', '2017-03-04 21:05:20', '2017-03-04 21:05:20', 'f28877e0-45c8-4519-80e6-aad7001d6bd4'),
 ('10', '12', '9', '3', '0', '1', '2017-03-04 21:17:15', '2017-03-04 21:17:15', '781eaafe-4bad-4b48-a07a-dfb147dc0880'),
 ('99', '91', '87', '15', '0', '1', '2017-03-04 22:26:35', '2017-03-04 22:26:35', '44bb0ee8-64b6-4df5-99e7-dcc37f7d42bc'),
 ('100', '91', '87', '16', '0', '2', '2017-03-04 22:26:35', '2017-03-04 22:26:35', '6f0d68b0-e0f6-4e18-8d25-476da8421602'),
 ('106', '97', '90', '18', '0', '1', '2017-03-04 23:08:46', '2017-03-04 23:08:46', 'd4f9eefe-bf2d-45c5-bca8-8912488e6a9c'),
 ('107', '97', '90', '19', '0', '2', '2017-03-04 23:08:46', '2017-03-04 23:08:46', '9c171ce7-d946-4ba6-a093-e9d011c0bd35'),
 ('108', '98', '91', '17', '0', '1', '2017-03-04 23:09:36', '2017-03-04 23:09:36', 'aab12215-713b-4503-96f3-c3bbe92ff06a'),
 ('109', '99', '92', '20', '0', '1', '2017-03-04 23:39:23', '2017-03-04 23:39:23', '1d561688-f35f-46ac-a70b-6a1d98ff50be'),
 ('118', '114', '97', '1', '0', '1', '2017-03-05 03:11:09', '2017-03-05 03:11:09', 'ee25890c-d48d-45ad-b951-561e006466d4'),
 ('119', '114', '97', '21', '0', '2', '2017-03-05 03:11:09', '2017-03-05 03:11:09', '2b040488-85f5-463a-b5cc-8a3dc6be145a'),
 ('121', '117', '99', '21', '0', '1', '2017-03-05 03:28:26', '2017-03-05 03:28:26', '1e5d8969-1576-4a86-9ab6-158d48f6a505'),
 ('122', '117', '99', '22', '0', '2', '2017-03-05 03:28:26', '2017-03-05 03:28:26', '8091a675-e05d-475b-a5d1-06d15435805a'),
 ('123', '121', '100', '24', '1', '1', '2017-03-05 03:59:30', '2017-03-05 03:59:30', '69c9db0a-aa84-4180-a1b7-65b24c08b265'),
 ('124', '121', '100', '25', '1', '2', '2017-03-05 03:59:30', '2017-03-05 03:59:30', '90d51bd3-f85d-433d-b703-153e07258021'),
 ('125', '126', '101', '26', '0', '1', '2017-03-05 17:21:03', '2017-03-05 17:21:03', '67196384-d14b-4b82-a511-b0cfcf0c61f5'),
 ('126', '126', '101', '27', '0', '2', '2017-03-05 17:21:03', '2017-03-05 17:21:03', '5fbd2200-c962-4f2d-8e1a-782a7d1bbcfc'),
 ('127', '126', '101', '28', '0', '3', '2017-03-05 17:21:03', '2017-03-05 17:21:03', '220c159d-8f68-4d93-be28-b371489e8771'),
 ('139', '136', '110', '21', '0', '1', '2017-03-05 17:32:34', '2017-03-05 17:32:34', '90ffcde8-6817-4b71-9635-f1fdef0445ab'),
 ('140', '138', '111', '4', '0', '1', '2017-03-05 17:52:52', '2017-03-05 17:52:52', 'd24ed4e5-f054-490a-a895-17a19af674b0'),
 ('141', '138', '111', '13', '0', '2', '2017-03-05 17:52:52', '2017-03-05 17:52:52', 'e902500e-49fc-480d-bd74-85515dd7c9f0'),
 ('142', '139', '112', '5', '0', '1', '2017-03-05 17:52:52', '2017-03-05 17:52:52', 'e56be56a-f7df-43ef-986a-f79d9d7bf798'),
 ('143', '140', '113', '6', '0', '1', '2017-03-05 17:52:52', '2017-03-05 17:52:52', '307d90aa-08fe-4741-97c1-01b9ee570b2c'),
 ('144', '141', '114', '7', '0', '1', '2017-03-05 17:52:52', '2017-03-05 17:52:52', 'ae874325-3d4a-48c5-9a9d-0cd648f631a2'),
 ('145', '142', '115', '8', '0', '1', '2017-03-05 17:52:52', '2017-03-05 17:52:52', '66089e5a-072f-44f2-83f0-12b20b2cbe34'),
 ('146', '143', '116', '9', '0', '1', '2017-03-05 17:52:52', '2017-03-05 17:52:52', '08c1c6c3-6b0d-442f-a043-e2a3114032e4'),
 ('147', '143', '116', '10', '0', '2', '2017-03-05 17:52:52', '2017-03-05 17:52:52', 'f5bae952-566c-4fbc-b134-ebd7ae31cb34'),
 ('148', '144', '117', '11', '0', '1', '2017-03-05 17:52:52', '2017-03-05 17:52:52', 'c080104b-fd46-4979-8f1a-39f2cae3c4a8'),
 ('149', '145', '118', '12', '0', '1', '2017-03-05 17:52:52', '2017-03-05 17:52:52', 'bc5da922-6d4b-46e8-9b15-0578b99f1416'),
 ('150', '145', '118', '29', '0', '2', '2017-03-05 17:52:52', '2017-03-05 17:52:52', '51a3907a-dc98-4cbb-af21-8d0813e6fe71'),
 ('151', '147', '119', '1', '0', '1', '2017-03-05 17:58:27', '2017-03-05 17:58:27', '3e855170-1749-4f33-994a-a43283a86384'),
 ('152', '147', '119', '21', '0', '2', '2017-03-05 17:58:27', '2017-03-05 17:58:27', 'c4f95b97-80fd-4b51-8e75-20ff0a2d9224'),
 ('156', '150', '121', '1', '0', '1', '2017-03-05 18:08:57', '2017-03-05 18:08:57', '732f5ce4-8d15-4974-ac63-ee15a2f22a69'),
 ('157', '150', '121', '21', '0', '2', '2017-03-05 18:08:57', '2017-03-05 18:08:57', 'eecb38f7-dd4b-4488-97fd-2285fea24e0d'),
 ('158', '150', '121', '31', '0', '3', '2017-03-05 18:08:57', '2017-03-05 18:08:57', '603fa7e0-9388-4afc-b18f-fc9167952db5'),
 ('159', '150', '121', '30', '0', '4', '2017-03-05 18:08:57', '2017-03-05 18:08:57', '618216d7-4243-4179-ab9c-a7b4c832b214'),
 ('160', '152', '122', '1', '0', '1', '2017-03-11 01:04:24', '2017-03-11 01:04:24', 'eb8636fb-3bce-4d56-8bba-78b4415791b1'),
 ('161', '153', '123', '1', '0', '1', '2017-03-11 01:07:16', '2017-03-11 01:07:16', '57f7333b-ed4d-450f-ad1c-191faad2b21f');



DROP TABLE IF EXISTS `craft_fieldlayouts`;


--
-- Schema for table `craft_fieldlayouts`
--
CREATE TABLE `craft_fieldlayouts` (
  `id` int(11) NOT NULL AUTO_INCREMENT,
  `type` varchar(150) COLLATE utf8_unicode_ci NOT NULL,
  `dateCreated` datetime NOT NULL,
  `dateUpdated` datetime NOT NULL,
  `uid` char(36) COLLATE utf8_unicode_ci NOT NULL DEFAULT '0',
  PRIMARY KEY (`id`),
  KEY `craft_fieldlayouts_type_idx` (`type`)
) ENGINE=InnoDB AUTO_INCREMENT=155 DEFAULT CHARSET=utf8 COLLATE=utf8_unicode_ci;

--
-- Data for table `craft_fieldlayouts`
--

INSERT INTO `craft_fieldlayouts` (`id`, `type`, `dateCreated`, `dateUpdated`, `uid`) VALUES
 ('1', 'Tag', '2017-03-04 21:05:19', '2017-03-04 21:05:19', '8ea7ef09-ff7e-426a-bb79-0e1cb57a8afc'),
 ('5', 'Entry', '2017-03-04 21:05:20', '2017-03-04 21:05:20', '3a470d7f-9704-4e49-815c-461db93a395f'),
 ('12', 'Entry', '2017-03-04 21:17:15', '2017-03-04 21:17:15', 'a8a51794-29d5-4b52-8200-1e292dfdeb08'),
 ('91', 'MatrixBlock', '2017-03-04 22:26:35', '2017-03-04 22:26:35', 'ea8ecf2b-729e-4b6a-a8bf-aa82e0ac10de'),
 ('97', 'MatrixBlock', '2017-03-04 23:08:46', '2017-03-04 23:08:46', '8385e093-8662-4d9d-95cf-bff9c39a971e'),
 ('98', 'Entry', '2017-03-04 23:09:36', '2017-03-04 23:09:36', 'bdc4f334-6747-4a2d-b29c-c95e93ddca4d'),
 ('99', 'Entry', '2017-03-04 23:39:23', '2017-03-04 23:39:23', 'b2bb4068-27bf-44a4-9064-bfc4c8526181'),
 ('101', 'Asset', '2017-03-05 00:10:55', '2017-03-05 00:10:55', 'fbeb398c-44b8-4403-8bc9-404a0ffbffb8'),
 ('108', 'Asset', '2017-03-05 01:49:02', '2017-03-05 01:49:02', 'f77fe7f0-f310-4503-9978-c2dea7517ef2'),
 ('111', 'Asset', '2017-03-05 02:54:38', '2017-03-05 02:54:38', '2177fba1-d71a-42f1-9442-e4c325b743e3'),
 ('114', 'Entry', '2017-03-05 03:11:09', '2017-03-05 03:11:09', 'f3762321-3efd-4b91-ada6-c79df0334dd6'),
 ('117', 'Entry', '2017-03-05 03:28:26', '2017-03-05 03:28:26', '078d959a-a3f4-4505-b2db-724773246e1f'),
 ('118', 'Asset', '2017-03-05 03:33:35', '2017-03-05 03:33:35', '1753d2d7-4ef8-45de-9824-df2226633642'),
 ('121', 'MatrixBlock', '2017-03-05 03:59:30', '2017-03-05 03:59:30', 'afba942a-85d0-4226-b858-30554a90144f'),
 ('126', 'Entry', '2017-03-05 17:21:03', '2017-03-05 17:21:03', 'ac09a164-7eca-4da5-ba2e-d78d3ee3f689'),
 ('136', 'Entry', '2017-03-05 17:32:34', '2017-03-05 17:32:34', '8405c2fd-16f2-4660-82b7-458f2b4cc718'),
 ('137', 'Asset', '2017-03-05 17:34:29', '2017-03-05 17:34:29', '93550de0-d93a-4748-b82f-dfe534946f9f'),
 ('138', 'MatrixBlock', '2017-03-05 17:52:52', '2017-03-05 17:52:52', '689e5850-732d-47cc-bd74-a616a2fc866d'),
 ('139', 'MatrixBlock', '2017-03-05 17:52:52', '2017-03-05 17:52:52', 'ec725c06-457a-455f-b779-84124bd82d1d'),
 ('140', 'MatrixBlock', '2017-03-05 17:52:52', '2017-03-05 17:52:52', '44ea96f8-4bd0-4a97-a2e1-bb4c1beee42b'),
 ('141', 'MatrixBlock', '2017-03-05 17:52:52', '2017-03-05 17:52:52', '2a39c0ef-fc9f-4305-a9d4-25aa1999c207'),
 ('142', 'MatrixBlock', '2017-03-05 17:52:52', '2017-03-05 17:52:52', '17680db5-2f65-4f2e-90f0-52ab1f5c0632'),
 ('143', 'MatrixBlock', '2017-03-05 17:52:52', '2017-03-05 17:52:52', 'de0bbe6f-a473-43ad-b3fa-658c3fd25495'),
 ('144', 'MatrixBlock', '2017-03-05 17:52:52', '2017-03-05 17:52:52', '2111506f-108b-465f-87a7-90725e9a25a6'),
 ('145', 'MatrixBlock', '2017-03-05 17:52:52', '2017-03-05 17:52:52', '783d77e9-46f1-4574-a8c6-fc964570ade4'),
 ('147', 'Entry', '2017-03-05 17:58:27', '2017-03-05 17:58:27', '11ac1463-f437-445f-8f9a-ab92fabd3360'),
 ('150', 'Entry', '2017-03-05 18:08:57', '2017-03-05 18:08:57', '0c478d6c-c698-45e9-ac19-bee123424306'),
 ('152', 'Entry', '2017-03-11 01:04:24', '2017-03-11 01:04:24', 'd100b6f6-bc97-4885-8c2f-d75489f83bff'),
 ('153', 'Entry', '2017-03-11 01:07:16', '2017-03-11 01:07:16', '77213ec9-7136-44ec-9f2d-e8798a3360b3');



DROP TABLE IF EXISTS `craft_fieldlayouttabs`;


--
-- Schema for table `craft_fieldlayouttabs`
--
CREATE TABLE `craft_fieldlayouttabs` (
  `id` int(11) NOT NULL AUTO_INCREMENT,
  `layoutId` int(11) NOT NULL,
  `name` varchar(255) COLLATE utf8_unicode_ci NOT NULL,
  `sortOrder` smallint(6) unsigned DEFAULT NULL,
  `dateCreated` datetime NOT NULL,
  `dateUpdated` datetime NOT NULL,
  `uid` char(36) COLLATE utf8_unicode_ci NOT NULL DEFAULT '0',
  PRIMARY KEY (`id`),
  KEY `craft_fieldlayouttabs_sortOrder_idx` (`sortOrder`),
  KEY `craft_fieldlayouttabs_layoutId_fk` (`layoutId`)
) ENGINE=InnoDB AUTO_INCREMENT=124 DEFAULT CHARSET=utf8 COLLATE=utf8_unicode_ci;

--
-- Data for table `craft_fieldlayouttabs`
--

INSERT INTO `craft_fieldlayouttabs` (`id`, `layoutId`, `name`, `sortOrder`, `dateCreated`, `dateUpdated`, `uid`) VALUES
 ('2', '5', 'Content', '1', '2017-03-04 21:05:20', '2017-03-04 21:05:20', 'c5f28192-5b9a-4bd0-8a51-6832be4be755'),
 ('9', '12', 'Content', '1', '2017-03-04 21:17:15', '2017-03-04 21:17:15', 'a54dd4c2-80c2-4579-beff-9198a19c59b9'),
 ('87', '91', 'Content', '1', '2017-03-04 22:26:35', '2017-03-04 22:26:35', '06c66380-7a23-4877-828e-3a1d77393e1d'),
 ('90', '97', 'Content', '1', '2017-03-04 23:08:46', '2017-03-04 23:08:46', '33fec360-2a89-4a3e-b87f-3d121f0fc0df'),
 ('91', '98', 'Default', '1', '2017-03-04 23:09:36', '2017-03-04 23:09:36', 'ef908e20-5cf5-4c38-87a6-1b05abafe7da'),
 ('92', '99', 'Default', '1', '2017-03-04 23:39:23', '2017-03-04 23:39:23', '48dc2fff-72fb-48fd-a68a-d36b80601687'),
 ('97', '114', 'Default', '1', '2017-03-05 03:11:09', '2017-03-05 03:11:09', '493c4f46-661b-4eee-8793-a8b267dab5f1'),
 ('99', '117', 'Default', '1', '2017-03-05 03:28:26', '2017-03-05 03:28:26', 'f948a859-182b-4533-86c0-41ac9cf52ef7'),
 ('100', '121', 'Content', '1', '2017-03-05 03:59:30', '2017-03-05 03:59:30', '7a39bd3e-b05a-4434-ac8d-939ae3ef779d'),
 ('101', '126', 'Default', '1', '2017-03-05 17:21:03', '2017-03-05 17:21:03', '423b6ddb-28ec-49eb-b6bc-9113545a143c'),
 ('110', '136', 'Default', '1', '2017-03-05 17:32:34', '2017-03-05 17:32:34', 'e07a1c3d-a567-403e-81d9-9291b2ca10e5'),
 ('111', '138', 'Content', '1', '2017-03-05 17:52:52', '2017-03-05 17:52:52', '3b07df97-9f3a-4fc6-836d-fe8f61938f6b'),
 ('112', '139', 'Content', '1', '2017-03-05 17:52:52', '2017-03-05 17:52:52', '1c2d7451-30e1-4cb3-875b-3d0292944cee'),
 ('113', '140', 'Content', '1', '2017-03-05 17:52:52', '2017-03-05 17:52:52', '74ab5242-06e1-4eb3-b469-3d98f0393866'),
 ('114', '141', 'Content', '1', '2017-03-05 17:52:52', '2017-03-05 17:52:52', '499534a3-6893-47aa-8af2-2cc5c4143d30'),
 ('115', '142', 'Content', '1', '2017-03-05 17:52:52', '2017-03-05 17:52:52', 'a35e5f30-cc1e-443f-9e21-211ffc61e776'),
 ('116', '143', 'Content', '1', '2017-03-05 17:52:52', '2017-03-05 17:52:52', '256667d7-4d39-44f4-8bf5-3286913631f6'),
 ('117', '144', 'Content', '1', '2017-03-05 17:52:52', '2017-03-05 17:52:52', '7e920332-ecd4-403d-9ca3-6dc1ffb5a1d3'),
 ('118', '145', 'Content', '1', '2017-03-05 17:52:52', '2017-03-05 17:52:52', 'f02532ed-cd68-4a71-87c3-5c32a6bd02a2'),
 ('119', '147', 'Default', '1', '2017-03-05 17:58:27', '2017-03-05 17:58:27', 'f0810a38-e565-4672-9a3f-43f7a11f14a1'),
 ('121', '150', 'Default', '1', '2017-03-05 18:08:57', '2017-03-05 18:08:57', '3b08676c-f6a9-4d7a-b2d4-f13380d80136'),
 ('122', '152', 'Default', '1', '2017-03-11 01:04:24', '2017-03-11 01:04:24', '2053b477-ee1c-4aaa-8919-95854883dcd0'),
 ('123', '153', 'Default', '1', '2017-03-11 01:07:16', '2017-03-11 01:07:16', '9b7b612f-e6f8-4bb1-8bfe-c59842a69882');



DROP TABLE IF EXISTS `craft_fields`;


--
-- Schema for table `craft_fields`
--
CREATE TABLE `craft_fields` (
  `id` int(11) NOT NULL AUTO_INCREMENT,
  `groupId` int(11) DEFAULT NULL,
  `name` varchar(255) COLLATE utf8_unicode_ci NOT NULL,
  `handle` varchar(58) COLLATE utf8_unicode_ci NOT NULL,
  `context` varchar(255) COLLATE utf8_unicode_ci NOT NULL DEFAULT 'global',
  `instructions` text COLLATE utf8_unicode_ci,
  `translatable` tinyint(1) unsigned NOT NULL DEFAULT '0',
  `type` varchar(150) COLLATE utf8_unicode_ci NOT NULL,
  `settings` text COLLATE utf8_unicode_ci,
  `dateCreated` datetime NOT NULL,
  `dateUpdated` datetime NOT NULL,
  `uid` char(36) COLLATE utf8_unicode_ci NOT NULL DEFAULT '0',
  PRIMARY KEY (`id`),
  UNIQUE KEY `craft_fields_handle_context_unq_idx` (`handle`,`context`),
  KEY `craft_fields_context_idx` (`context`),
  KEY `craft_fields_groupId_fk` (`groupId`)
) ENGINE=InnoDB AUTO_INCREMENT=32 DEFAULT CHARSET=utf8 COLLATE=utf8_unicode_ci;

--
-- Data for table `craft_fields`
--

INSERT INTO `craft_fields` (`id`, `groupId`, `name`, `handle`, `context`, `instructions`, `translatable`, `type`, `settings`, `dateCreated`, `dateUpdated`, `uid`) VALUES
 ('1', '1', 'Body', 'body', 'global', NULL, '1', 'RichText', '{\"configFile\":\"Standard.json\",\"columnType\":\"text\"}', '2017-03-04 21:05:19', '2017-03-04 21:05:19', 'e82ab23f-c3f3-4d3f-bd76-8d3979b5fac4'),
 ('2', '1', 'Tags', 'tags', 'global', NULL, '0', 'Tags', '{\"source\":\"taggroup:1\"}', '2017-03-04 21:05:19', '2017-03-04 21:05:19', 'a39b2b26-4f28-4377-bd55-87332aa6dda8'),
 ('3', '1', 'home page modules', 'homePageModules', 'global', '', '0', 'Matrix', '{\"maxBlocks\":null}', '2017-03-04 21:16:44', '2017-03-05 17:52:52', '1bc27bf8-b228-4ecd-9500-a62e7b8e30cf'),
 ('4', NULL, 'nav', 'nav', 'matrixBlockType:1', '', '0', 'PlainText', '{\"placeholder\":\"\",\"maxLength\":\"\",\"multiline\":\"\",\"initialRows\":\"4\"}', '2017-03-04 21:16:45', '2017-03-05 17:52:52', '067ff94a-08e8-4d00-a28c-f5f9ec604b1e'),
 ('5', NULL, 'instagram User ID', 'instagramUserId', 'matrixBlockType:2', '', '0', 'PlainText', '{\"placeholder\":\"\",\"maxLength\":\"\",\"multiline\":\"\",\"initialRows\":\"4\"}', '2017-03-04 21:16:45', '2017-03-05 17:52:52', '102edcb8-e188-4bff-af11-8de295152105'),
 ('6', NULL, 'menu category', 'menuCategory', 'matrixBlockType:3', '', '0', 'PlainText', '{\"placeholder\":\"\",\"maxLength\":\"\",\"multiline\":\"\",\"initialRows\":\"4\"}', '2017-03-04 21:16:45', '2017-03-05 17:52:52', '9c749f9a-206f-40b0-909f-f827434963b7'),
 ('7', NULL, 'Family Title', 'familyTitle', 'matrixBlockType:4', '', '0', 'PlainText', '{\"placeholder\":\"\",\"maxLength\":\"\",\"multiline\":\"\",\"initialRows\":\"4\"}', '2017-03-04 21:16:45', '2017-03-05 17:52:52', '9705a7cd-9f1e-4e44-8931-d171584ff7b8'),
 ('8', NULL, 'media title', 'mediaTitle', 'matrixBlockType:5', '', '0', 'PlainText', '{\"placeholder\":\"\",\"maxLength\":\"\",\"multiline\":\"\",\"initialRows\":\"4\"}', '2017-03-04 21:16:45', '2017-03-05 17:52:52', '3a7b4781-2b57-45ee-9e95-93bd0d483949'),
 ('9', NULL, 'youtube url', 'youtubeUrl', 'matrixBlockType:6', '', '0', 'PlainText', '{\"placeholder\":\"\",\"maxLength\":\"\",\"multiline\":\"\",\"initialRows\":\"4\"}', '2017-03-04 21:44:24', '2017-03-05 17:52:52', '6ad2fbfc-a40b-4768-ac72-deb326734cbc'),
 ('10', NULL, 'google maps url', 'googleMapsUrl', 'matrixBlockType:6', '', '0', 'PlainText', '{\"placeholder\":\"\",\"maxLength\":\"\",\"multiline\":\"\",\"initialRows\":\"4\"}', '2017-03-04 21:44:24', '2017-03-05 17:52:52', '04a2ad4c-63cd-49bc-b17e-7b3c6300f467'),
 ('11', NULL, 'about us title', 'aboutUsTitle', 'matrixBlockType:7', '', '0', 'PlainText', '{\"placeholder\":\"\",\"maxLength\":\"\",\"multiline\":\"\",\"initialRows\":\"4\"}', '2017-03-04 21:46:52', '2017-03-05 17:52:52', 'c65f5e65-afd9-4e16-8226-c5bc6e99adb0'),
 ('12', NULL, 'events booking title', 'eventsBookingTitle', 'matrixBlockType:8', '', '0', 'PlainText', '{\"placeholder\":\"\",\"maxLength\":\"\",\"multiline\":\"\",\"initialRows\":\"4\"}', '2017-03-04 21:49:48', '2017-03-05 17:52:52', 'c9ac3f08-bd56-45e3-ba48-73c4ada96532'),
 ('13', NULL, 'contact information', 'contactInformation', 'matrixBlockType:1', '', '0', 'Entries', '{\"sources\":\"*\",\"limit\":\"\",\"selectionLabel\":\"\"}', '2017-03-04 22:14:32', '2017-03-05 17:52:52', '25fe322a-91ad-45d5-b901-5ca849ed370a'),
 ('14', '1', 'Food Menu', 'foodMenu', 'global', '', '0', 'Matrix', '{\"maxBlocks\":null}', '2017-03-04 22:26:35', '2017-03-04 22:26:35', '50290168-33c0-446d-943b-c610ca68803d'),
 ('15', NULL, 'food item description', 'foodItemDescription', 'matrixBlockType:9', '', '0', 'PlainText', '{\"placeholder\":\"\",\"maxLength\":\"\",\"multiline\":\"\",\"initialRows\":\"4\"}', '2017-03-04 22:26:35', '2017-03-04 22:26:35', '64a89b6f-08e2-4388-918d-d7afb5b96195'),
 ('16', NULL, 'food item price', 'foodItemPrice', 'matrixBlockType:9', '', '0', 'PlainText', '{\"placeholder\":\"\",\"maxLength\":\"\",\"multiline\":\"\",\"initialRows\":\"4\"}', '2017-03-04 22:26:35', '2017-03-04 22:26:35', '8a652b34-0b57-413a-8a54-907574266d78'),
 ('17', '1', 'Menu Group', 'menuGroup', 'global', '', '0', 'Matrix', '{\"maxBlocks\":null}', '2017-03-04 23:08:46', '2017-03-04 23:08:46', 'e264431e-64e8-48c7-b68f-c8634d1dccb0'),
 ('18', NULL, 'Menu Group Title', 'menuGroupTitle', 'matrixBlockType:10', '', '0', 'PlainText', '{\"placeholder\":\"\",\"maxLength\":\"\",\"multiline\":\"\",\"initialRows\":\"4\"}', '2017-03-04 23:08:46', '2017-03-04 23:08:46', 'f7308062-4fab-4466-afb5-d86b787a2188'),
 ('19', NULL, 'Menu Group Entry', 'menuGroupEntry', 'matrixBlockType:10', '', '0', 'Entries', '{\"sources\":\"*\",\"limit\":\"\",\"selectionLabel\":\"\"}', '2017-03-04 23:08:46', '2017-03-04 23:08:46', 'aada4f3e-7339-4fd2-aa44-bdfd691bdbad'),
 ('20', '1', 'price', 'price', 'global', '', '0', 'PlainText', '{\"placeholder\":\"\",\"maxLength\":\"\",\"multiline\":\"\",\"initialRows\":\"4\"}', '2017-03-04 23:38:47', '2017-03-04 23:38:47', 'dc04e1e6-0228-49a6-8982-afce4536cf33'),
 ('21', '1', 'image', 'image', 'global', '', '0', 'Assets', '{\"useSingleFolder\":\"\",\"sources\":\"*\",\"defaultUploadLocationSource\":\"1\",\"defaultUploadLocationSubpath\":\"\",\"singleUploadLocationSource\":\"1\",\"singleUploadLocationSubpath\":\"\",\"restrictFiles\":\"\",\"limit\":\"\",\"viewMode\":\"list\",\"selectionLabel\":\"\"}', '2017-03-05 00:13:05', '2017-03-05 00:13:05', 'c4f99cdb-309f-4f03-94c7-5986b0ccc90b'),
 ('22', '1', 'social link url', 'linkUrl', 'global', '', '0', 'PlainText', '{\"placeholder\":\"\",\"maxLength\":\"\",\"multiline\":\"\",\"initialRows\":\"4\"}', '2017-03-05 03:27:56', '2017-03-05 03:27:56', 'fd81211e-d6ff-4992-9053-bbf1cc72db82'),
 ('23', '1', 'Navigation Links', 'navigationLinks', 'global', '', '0', 'PlainText', '{\"placeholder\":\"\",\"maxLength\":\"\",\"multiline\":\"\",\"initialRows\":\"4\"}', '2017-03-05 03:59:30', '2017-03-05 04:07:15', '6186db95-9021-4ad3-b871-a9a38d1d6bf1'),
 ('24', NULL, 'link text', 'linkText', 'matrixBlockType:11', '', '0', 'PlainText', '{\"placeholder\":\"\",\"maxLength\":\"\",\"multiline\":\"\",\"initialRows\":\"4\"}', '2017-03-05 03:59:30', '2017-03-05 03:59:30', '4bacf973-8829-48cc-86b7-96fa00c0ee77'),
 ('25', NULL, 'section choice', 'sectionChoice', 'matrixBlockType:11', '', '0', 'Entries', '{\"sources\":\"*\",\"limit\":\"\",\"selectionLabel\":\"\"}', '2017-03-05 03:59:30', '2017-03-05 03:59:30', '93063403-8ada-4db8-a51f-5afc1a2d68fa'),
 ('26', '1', 'line 1', 'line1', 'global', '', '0', 'PlainText', '{\"placeholder\":\"\",\"maxLength\":\"\",\"multiline\":\"\",\"initialRows\":\"4\"}', '2017-03-05 17:19:11', '2017-03-05 17:19:11', '18273adf-24bc-49d4-bb15-3621bdc70068'),
 ('27', '1', 'line 2', 'line2', 'global', '', '0', 'PlainText', '{\"placeholder\":\"\",\"maxLength\":\"\",\"multiline\":\"\",\"initialRows\":\"4\"}', '2017-03-05 17:19:19', '2017-03-05 17:19:19', '6e7ff064-7f2c-4f57-ad73-b2f2f2ee5437'),
 ('28', '1', 'line 3 (bottom)', 'line3Bottom', 'global', '', '0', 'PlainText', '{\"placeholder\":\"\",\"maxLength\":\"\",\"multiline\":\"\",\"initialRows\":\"4\"}', '2017-03-05 17:19:31', '2017-03-05 17:19:31', '32162be9-af3c-4a75-8210-6b27c1684583'),
 ('29', NULL, 'eventsbooking description', 'eventsbookingDescription', 'matrixBlockType:8', '', '0', 'PlainText', '{\"placeholder\":\"\",\"maxLength\":\"\",\"multiline\":\"\",\"initialRows\":\"4\"}', '2017-03-05 17:26:11', '2017-03-05 17:52:52', 'af4bef56-310e-48c2-af94-760c3a138bd0'),
 ('30', '1', 'press link url', 'pressLinkUrl', 'global', '', '0', 'PlainText', '{\"placeholder\":\"\",\"maxLength\":\"\",\"multiline\":\"\",\"initialRows\":\"4\"}', '2017-03-05 17:59:55', '2017-03-05 17:59:55', '070fde0c-e308-41ca-b758-680490eeb2b4'),
 ('31', '1', 'press link text', 'pressLinkText', 'global', '', '0', 'PlainText', '{\"placeholder\":\"\",\"maxLength\":\"\",\"multiline\":\"\",\"initialRows\":\"4\"}', '2017-03-05 18:08:21', '2017-03-05 18:08:21', 'b7c600bf-9b25-4df4-aa75-9f6f98c9d3de');



DROP TABLE IF EXISTS `craft_globalsets`;


--
-- Schema for table `craft_globalsets`
--
CREATE TABLE `craft_globalsets` (
  `id` int(11) NOT NULL,
  `name` varchar(255) COLLATE utf8_unicode_ci NOT NULL,
  `handle` varchar(255) COLLATE utf8_unicode_ci NOT NULL,
  `fieldLayoutId` int(10) DEFAULT NULL,
  `dateCreated` datetime NOT NULL,
  `dateUpdated` datetime NOT NULL,
  `uid` char(36) COLLATE utf8_unicode_ci NOT NULL DEFAULT '0',
  PRIMARY KEY (`id`),
  UNIQUE KEY `craft_globalsets_name_unq_idx` (`name`),
  UNIQUE KEY `craft_globalsets_handle_unq_idx` (`handle`),
  KEY `craft_globalsets_fieldLayoutId_fk` (`fieldLayoutId`)
) ENGINE=InnoDB DEFAULT CHARSET=utf8 COLLATE=utf8_unicode_ci;

DROP TABLE IF EXISTS `craft_info`;


--
-- Schema for table `craft_info`
--
CREATE TABLE `craft_info` (
  `id` int(11) NOT NULL AUTO_INCREMENT,
  `version` varchar(50) COLLATE utf8_unicode_ci NOT NULL,
  `schemaVersion` varchar(15) COLLATE utf8_unicode_ci NOT NULL,
  `edition` tinyint(1) unsigned NOT NULL DEFAULT '0',
  `siteName` varchar(100) COLLATE utf8_unicode_ci NOT NULL,
  `siteUrl` varchar(255) COLLATE utf8_unicode_ci NOT NULL,
  `timezone` varchar(30) COLLATE utf8_unicode_ci DEFAULT NULL,
  `on` tinyint(1) unsigned NOT NULL DEFAULT '0',
  `maintenance` tinyint(1) unsigned NOT NULL DEFAULT '0',
  `dateCreated` datetime NOT NULL,
  `dateUpdated` datetime NOT NULL,
  `uid` char(36) COLLATE utf8_unicode_ci NOT NULL DEFAULT '0',
  PRIMARY KEY (`id`)
) ENGINE=InnoDB AUTO_INCREMENT=2 DEFAULT CHARSET=utf8 COLLATE=utf8_unicode_ci;

--
-- Data for table `craft_info`
--

INSERT INTO `craft_info` (`id`, `version`, `schemaVersion`, `edition`, `siteName`, `siteUrl`, `timezone`, `on`, `maintenance`, `dateCreated`, `dateUpdated`, `uid`) VALUES
 ('1', '2.6.2966', '2.6.9', '0', 'MBAR', 'http://localhost:8888/', 'UTC', '1', '1', '2017-03-04 21:05:13', '2017-03-13 22:18:02', 'f66053b9-fcee-43b5-a0e4-91aff514d4b7');



DROP TABLE IF EXISTS `craft_locales`;


--
-- Schema for table `craft_locales`
--
CREATE TABLE `craft_locales` (
  `locale` char(12) COLLATE utf8_unicode_ci NOT NULL,
  `sortOrder` smallint(6) unsigned DEFAULT NULL,
  `dateCreated` datetime NOT NULL,
  `dateUpdated` datetime NOT NULL,
  `uid` char(36) COLLATE utf8_unicode_ci NOT NULL DEFAULT '0',
  PRIMARY KEY (`locale`),
  KEY `craft_locales_sortOrder_idx` (`sortOrder`)
) ENGINE=InnoDB DEFAULT CHARSET=utf8 COLLATE=utf8_unicode_ci;

--
-- Data for table `craft_locales`
--

INSERT INTO `craft_locales` (`locale`, `sortOrder`, `dateCreated`, `dateUpdated`, `uid`) VALUES
 ('en_us', '1', '2017-03-04 21:05:14', '2017-03-04 21:05:14', 'd8267088-2f7a-4be7-96f2-4b1599d43c49');



DROP TABLE IF EXISTS `craft_matrixblocks`;


--
-- Schema for table `craft_matrixblocks`
--
CREATE TABLE `craft_matrixblocks` (
  `id` int(11) NOT NULL,
  `ownerId` int(11) NOT NULL,
  `fieldId` int(11) NOT NULL,
  `typeId` int(11) DEFAULT NULL,
  `sortOrder` smallint(6) unsigned DEFAULT NULL,
  `ownerLocale` char(12) COLLATE utf8_unicode_ci DEFAULT NULL,
  `dateCreated` datetime NOT NULL,
  `dateUpdated` datetime NOT NULL,
  `uid` char(36) COLLATE utf8_unicode_ci NOT NULL DEFAULT '0',
  PRIMARY KEY (`id`),
  KEY `craft_matrixblocks_ownerId_idx` (`ownerId`),
  KEY `craft_matrixblocks_fieldId_idx` (`fieldId`),
  KEY `craft_matrixblocks_typeId_idx` (`typeId`),
  KEY `craft_matrixblocks_sortOrder_idx` (`sortOrder`),
  KEY `craft_matrixblocks_ownerLocale_fk` (`ownerLocale`)
) ENGINE=InnoDB DEFAULT CHARSET=utf8 COLLATE=utf8_unicode_ci;

--
-- Data for table `craft_matrixblocks`
--

INSERT INTO `craft_matrixblocks` (`id`, `ownerId`, `fieldId`, `typeId`, `sortOrder`, `ownerLocale`, `dateCreated`, `dateUpdated`, `uid`) VALUES
 ('4', '2', '3', '1', '1', NULL, '2017-03-04 21:25:30', '2017-03-11 01:19:41', '41ecf398-6ef6-4f01-b51f-0915874f990c'),
 ('5', '2', '3', '2', '2', NULL, '2017-03-04 21:25:30', '2017-03-11 01:19:41', '2e7130cb-67cd-4ba9-b567-db41910d4a0e'),
 ('6', '2', '3', '3', '3', NULL, '2017-03-04 21:25:30', '2017-03-11 01:19:41', '0ffddd5f-adb5-48cb-aa11-18200c1b1804'),
 ('7', '2', '3', '4', '6', NULL, '2017-03-04 21:25:30', '2017-03-11 01:19:41', '123ee49e-1cd7-4200-bd55-916ae2fa29de'),
 ('8', '2', '3', '5', '7', NULL, '2017-03-04 21:25:30', '2017-03-11 01:19:41', '75c0992d-441d-4433-9351-3041ab7f43db'),
 ('9', '2', '3', '6', '4', NULL, '2017-03-04 21:45:03', '2017-03-11 01:19:41', '925781b9-e2eb-4b26-868d-273fa9dd168a'),
 ('10', '2', '3', '8', '5', NULL, '2017-03-04 21:53:20', '2017-03-11 01:19:41', '4bfd0542-3b23-4879-b786-95f237b7af7d'),
 ('19', '15', '17', '10', '1', NULL, '2017-03-04 23:11:10', '2017-03-04 23:41:34', 'eb56512e-43dd-4f32-aa0d-7450f966fedd'),
 ('20', '15', '17', '10', '2', NULL, '2017-03-04 23:11:10', '2017-03-04 23:41:34', 'f6ca60c9-c1f7-4ef3-a06c-a97e543244f2'),
 ('21', '15', '17', '10', '3', NULL, '2017-03-04 23:11:10', '2017-03-04 23:41:34', '5298a14a-fce8-4a03-aec9-ff0c81c3a6c0'),
 ('25', '16', '17', '10', '1', NULL, '2017-03-04 23:42:15', '2017-03-04 23:42:15', 'aa63c9f2-bb27-4ab3-8d4b-6b22881300b8'),
 ('26', '16', '17', '10', '2', NULL, '2017-03-04 23:42:15', '2017-03-04 23:42:15', '44346936-28d7-4449-9d71-6f72dd508780'),
 ('27', '16', '17', '10', '3', NULL, '2017-03-04 23:42:15', '2017-03-04 23:42:15', '3cfc290d-6a7f-4a08-8875-4b60f0484dab'),
 ('28', '16', '17', '10', '4', NULL, '2017-03-04 23:42:15', '2017-03-04 23:42:15', '234b5964-7592-45e7-9474-06419adf0b00'),
 ('29', '17', '17', '10', '1', NULL, '2017-03-04 23:51:17', '2017-03-04 23:51:17', '7a5100f8-1367-47f1-a8e5-5a7ee114b0ca'),
 ('30', '17', '17', '10', '2', NULL, '2017-03-04 23:51:17', '2017-03-04 23:51:17', '68e54616-2c31-479c-95dd-30e97af908f0'),
 ('31', '17', '17', '10', '3', NULL, '2017-03-04 23:51:17', '2017-03-04 23:51:17', 'a70b0f25-bab1-4666-94e3-e53b7005ce9a'),
 ('32', '18', '17', '10', '1', NULL, '2017-03-04 23:52:03', '2017-03-04 23:52:03', '0d84151c-3c27-40e2-a6d4-b935cbd9935b'),
 ('33', '18', '17', '10', '2', NULL, '2017-03-04 23:52:03', '2017-03-04 23:52:03', 'a0f09b68-3b2f-4b58-bde9-dc1bba6533e1'),
 ('34', '18', '17', '10', '3', NULL, '2017-03-04 23:52:03', '2017-03-04 23:52:03', '55705984-6705-46ee-9a4a-6e0ab568200a'),
 ('35', '18', '17', '10', '4', NULL, '2017-03-04 23:52:03', '2017-03-04 23:52:03', '2bbc44d0-bab9-407a-8575-e04b86850561'),
 ('46', '2', '3', '7', '8', NULL, '2017-03-05 02:41:21', '2017-03-11 01:19:41', '9550fc32-2123-4631-a4e7-e8b34d09a565');



DROP TABLE IF EXISTS `craft_matrixblocktypes`;


--
-- Schema for table `craft_matrixblocktypes`
--
CREATE TABLE `craft_matrixblocktypes` (
  `id` int(11) NOT NULL AUTO_INCREMENT,
  `fieldId` int(11) NOT NULL,
  `fieldLayoutId` int(11) DEFAULT NULL,
  `name` varchar(255) COLLATE utf8_unicode_ci NOT NULL,
  `handle` varchar(255) COLLATE utf8_unicode_ci NOT NULL,
  `sortOrder` smallint(6) unsigned DEFAULT NULL,
  `dateCreated` datetime NOT NULL,
  `dateUpdated` datetime NOT NULL,
  `uid` char(36) COLLATE utf8_unicode_ci NOT NULL DEFAULT '0',
  PRIMARY KEY (`id`),
  UNIQUE KEY `craft_matrixblocktypes_name_fieldId_unq_idx` (`name`,`fieldId`),
  UNIQUE KEY `craft_matrixblocktypes_handle_fieldId_unq_idx` (`handle`,`fieldId`),
  KEY `craft_matrixblocktypes_fieldId_fk` (`fieldId`),
  KEY `craft_matrixblocktypes_fieldLayoutId_fk` (`fieldLayoutId`)
) ENGINE=InnoDB AUTO_INCREMENT=12 DEFAULT CHARSET=utf8 COLLATE=utf8_unicode_ci;

--
-- Data for table `craft_matrixblocktypes`
--

INSERT INTO `craft_matrixblocktypes` (`id`, `fieldId`, `fieldLayoutId`, `name`, `handle`, `sortOrder`, `dateCreated`, `dateUpdated`, `uid`) VALUES
 ('1', '3', '138', 'hero', 'hero', '1', '2017-03-04 21:16:45', '2017-03-05 17:52:52', 'e61ba84c-145a-44e0-885b-ae0155bdc0c6'),
 ('2', '3', '139', 'instagram feed', 'instagramFeed', '2', '2017-03-04 21:16:45', '2017-03-05 17:52:52', 'ccfe7da2-e83a-421f-b2cb-1089dd8478b1'),
 ('3', '3', '140', 'menu', 'menu', '3', '2017-03-04 21:16:45', '2017-03-05 17:52:52', 'e19a4f30-8bb9-4694-87f1-337d0c5e9e3b'),
 ('4', '3', '141', 'our family', 'ourFamily', '4', '2017-03-04 21:16:45', '2017-03-05 17:52:52', 'b7d252a9-4bd0-40b1-90d7-a3de78ab9dcc'),
 ('5', '3', '142', 'media', 'media', '5', '2017-03-04 21:16:45', '2017-03-05 17:52:52', 'bc79baa6-5648-4ed8-baff-64338bb850fb'),
 ('6', '3', '143', 'find us', 'findUs', '6', '2017-03-04 21:44:24', '2017-03-05 17:52:52', 'bdb9a5ae-8262-49a2-867c-c2393c89f4f6'),
 ('7', '3', '144', 'about', 'about', '7', '2017-03-04 21:46:52', '2017-03-05 17:52:52', '6ddc9844-b73c-4004-af0a-968a3c030d96'),
 ('8', '3', '145', 'events booking', 'eventsBooking', '8', '2017-03-04 21:49:48', '2017-03-05 17:52:52', '1d269ef7-4d66-49e1-9859-30fe70d78731'),
 ('9', '14', '91', 'Menu', 'menu', '1', '2017-03-04 22:26:35', '2017-03-04 22:26:35', 'f54b16a0-0992-4030-a8f0-97eb5cba49b0'),
 ('10', '17', '97', 'Menu Group Set', 'menuGroupSet', '1', '2017-03-04 23:08:46', '2017-03-04 23:08:46', 'ea26a5b9-42ef-4403-8aac-645fd32cddc7'),
 ('11', '23', '121', 'top navigation links', 'topNavigationLinks', '1', '2017-03-05 03:59:30', '2017-03-05 03:59:30', 'ac5b3f34-9c70-4288-98e5-a2ea5828542d');



DROP TABLE IF EXISTS `craft_matrixcontent_foodmenu`;


--
-- Schema for table `craft_matrixcontent_foodmenu`
--
CREATE TABLE `craft_matrixcontent_foodmenu` (
  `id` int(11) NOT NULL AUTO_INCREMENT,
  `elementId` int(11) NOT NULL,
  `locale` char(12) COLLATE utf8_unicode_ci NOT NULL,
  `field_menu_foodItemDescription` text COLLATE utf8_unicode_ci,
  `field_menu_foodItemPrice` text COLLATE utf8_unicode_ci,
  `dateCreated` datetime NOT NULL,
  `dateUpdated` datetime NOT NULL,
  `uid` char(36) COLLATE utf8_unicode_ci NOT NULL DEFAULT '0',
  PRIMARY KEY (`id`),
  UNIQUE KEY `craft_matrixcontent_foodmenu_elementId_locale_unq_idx` (`elementId`,`locale`),
  KEY `craft_matrixcontent_foodmenu_locale_fk` (`locale`)
) ENGINE=InnoDB DEFAULT CHARSET=utf8 COLLATE=utf8_unicode_ci;

DROP TABLE IF EXISTS `craft_matrixcontent_homepagemodules`;


--
-- Schema for table `craft_matrixcontent_homepagemodules`
--
CREATE TABLE `craft_matrixcontent_homepagemodules` (
  `id` int(11) NOT NULL AUTO_INCREMENT,
  `elementId` int(11) NOT NULL,
  `locale` char(12) COLLATE utf8_unicode_ci NOT NULL,
  `field_hero_nav` text COLLATE utf8_unicode_ci,
  `field_instagramFeed_instagramUserId` text COLLATE utf8_unicode_ci,
  `field_menu_menuCategory` text COLLATE utf8_unicode_ci,
  `field_ourFamily_familyTitle` text COLLATE utf8_unicode_ci,
  `field_media_mediaTitle` text COLLATE utf8_unicode_ci,
  `field_findUs_youtubeUrl` text COLLATE utf8_unicode_ci,
  `field_findUs_googleMapsUrl` text COLLATE utf8_unicode_ci,
  `field_about_aboutUsTitle` text COLLATE utf8_unicode_ci,
  `field_eventsBooking_eventsBookingTitle` text COLLATE utf8_unicode_ci,
  `field_eventsBooking_eventsbookingDescription` text COLLATE utf8_unicode_ci,
  `dateCreated` datetime NOT NULL,
  `dateUpdated` datetime NOT NULL,
  `uid` char(36) COLLATE utf8_unicode_ci NOT NULL DEFAULT '0',
  PRIMARY KEY (`id`),
  UNIQUE KEY `craft_matrixcontent_homepagemodules_elementId_locale_unq_idx` (`elementId`,`locale`),
  KEY `craft_matrixcontent_homepagemodules_locale_fk` (`locale`)
) ENGINE=InnoDB AUTO_INCREMENT=9 DEFAULT CHARSET=utf8 COLLATE=utf8_unicode_ci;

--
-- Data for table `craft_matrixcontent_homepagemodules`
--

INSERT INTO `craft_matrixcontent_homepagemodules` (`id`, `elementId`, `locale`, `field_hero_nav`, `field_instagramFeed_instagramUserId`, `field_menu_menuCategory`, `field_ourFamily_familyTitle`, `field_media_mediaTitle`, `field_findUs_youtubeUrl`, `field_findUs_googleMapsUrl`, `field_about_aboutUsTitle`, `field_eventsBooking_eventsBookingTitle`, `field_eventsBooking_eventsbookingDescription`, `dateCreated`, `dateUpdated`, `uid`) VALUES
 ('1', '4', 'en_us', 'nav', NULL, NULL, NULL, NULL, NULL, NULL, NULL, NULL, NULL, '2017-03-04 21:25:30', '2017-03-11 01:19:40', '0dcbffe4-e558-481c-ac57-c21312ef0507'),
 ('2', '5', 'en_us', NULL, '1234', NULL, NULL, NULL, NULL, NULL, NULL, NULL, NULL, '2017-03-04 21:25:30', '2017-03-11 01:19:41', 'c294a331-0bd6-4ed8-88d7-50c96742b37d'),
 ('3', '6', 'en_us', NULL, NULL, 'category', NULL, NULL, NULL, NULL, NULL, NULL, NULL, '2017-03-04 21:25:30', '2017-03-11 01:19:41', '9b44fa65-866e-424d-a984-5b81c9364431'),
 ('4', '7', 'en_us', NULL, NULL, NULL, 'family', NULL, NULL, NULL, NULL, NULL, NULL, '2017-03-04 21:25:30', '2017-03-11 01:19:41', '0b36365b-a14e-4858-bf98-7c7aa670b90b'),
 ('5', '8', 'en_us', NULL, NULL, NULL, NULL, 'media', NULL, NULL, NULL, NULL, NULL, '2017-03-04 21:25:30', '2017-03-11 01:19:41', '640f0b6f-dad6-4ef6-9b8c-ac652d6b113f'),
 ('6', '9', 'en_us', NULL, NULL, NULL, NULL, NULL, '<iframe width=\"680\" height=\"381\" src=\"https://www.youtube.com/embed/lLeCB7Kn-VE\" frameborder=\"0\" allowfullscreen></iframe>', '<iframe id=\"map_canvas1\" src=\"https://www.google.com/maps/embed?pb=!1m18!1m12!1m3!1d2689.184385013476!2d-122.33610738436896!3d47.622546979185586!2m3!1f0!2f0!3f0!3m2!1i1024!2i768!4f13.1!3m3!1m2!1s0x5490153730e9f873%3A0x325c1d7191a859d2!2sMBar!5e0!3m2!1sen!2sus!4v1488138274430\" width=\"680\" height=\"381\" frameborder=\"0\" style=\"border:0; margin-top: -150px;\" allowfullscreen></iframe>', NULL, NULL, NULL, '2017-03-04 21:45:03', '2017-03-11 01:19:41', '63b94e17-537a-4cfd-ab93-15329f750e40'),
 ('7', '10', 'en_us', NULL, NULL, NULL, NULL, NULL, NULL, NULL, NULL, 'events booking', 'Events Booking Lorem ipsum dolor sit amet, consectetuer adipiscing elit, sed diam nonummy nibh euismod tincidunt ut laoreet dolore magna aliquam erat volutpat. Ut wisi enim ad minim veniam, quisaliquam erat volutpatLorem ipsum dolor sit amet, consectetuer adipiscing elit.', '2017-03-04 21:53:20', '2017-03-11 01:19:41', '8ca3ff8e-f330-4a14-9d49-c4f000986175'),
 ('8', '46', 'en_us', NULL, NULL, NULL, NULL, NULL, NULL, NULL, 'about us', NULL, NULL, '2017-03-05 02:41:21', '2017-03-11 01:19:41', '7f64dc2a-8387-4f61-b629-6133ad75f319');



DROP TABLE IF EXISTS `craft_matrixcontent_menugroup`;


--
-- Schema for table `craft_matrixcontent_menugroup`
--
CREATE TABLE `craft_matrixcontent_menugroup` (
  `id` int(11) NOT NULL AUTO_INCREMENT,
  `elementId` int(11) NOT NULL,
  `locale` char(12) COLLATE utf8_unicode_ci NOT NULL,
  `field_menuGroupSet_menuGroupTitle` text COLLATE utf8_unicode_ci,
  `dateCreated` datetime NOT NULL,
  `dateUpdated` datetime NOT NULL,
  `uid` char(36) COLLATE utf8_unicode_ci NOT NULL DEFAULT '0',
  PRIMARY KEY (`id`),
  UNIQUE KEY `craft_matrixcontent_menugroup_elementId_locale_unq_idx` (`elementId`,`locale`),
  KEY `craft_matrixcontent_menugroup_locale_fk` (`locale`)
) ENGINE=InnoDB AUTO_INCREMENT=16 DEFAULT CHARSET=utf8 COLLATE=utf8_unicode_ci;

--
-- Data for table `craft_matrixcontent_menugroup`
--

INSERT INTO `craft_matrixcontent_menugroup` (`id`, `elementId`, `locale`, `field_menuGroupSet_menuGroupTitle`, `dateCreated`, `dateUpdated`, `uid`) VALUES
 ('1', '19', 'en_us', 'appetizers', '2017-03-04 23:11:10', '2017-03-04 23:41:34', '342df291-6f5d-4495-9f73-607dfc8e854c'),
 ('2', '20', 'en_us', 'mains', '2017-03-04 23:11:10', '2017-03-04 23:41:34', '0864def1-a0ef-4c65-a5d5-cb385430ff54'),
 ('3', '21', 'en_us', 'desserts', '2017-03-04 23:11:10', '2017-03-04 23:41:34', '25c58e1a-c3b6-4983-9c29-82c35a230943'),
 ('5', '25', 'en_us', 'first', '2017-03-04 23:42:15', '2017-03-04 23:42:15', '6272aa68-1324-4017-8fc6-566aacd39e3d'),
 ('6', '26', 'en_us', 'second course', '2017-03-04 23:42:15', '2017-03-04 23:42:15', '4faabeaf-136d-4f18-8c22-5645f68bfb83'),
 ('7', '27', 'en_us', 'third course', '2017-03-04 23:42:15', '2017-03-04 23:42:15', '88aeb2cb-b1db-4f60-8c78-25f8b44e9781'),
 ('8', '28', 'en_us', 'dessert', '2017-03-04 23:42:15', '2017-03-04 23:42:15', 'b9a68acf-f68d-47b6-aa15-8223a92be79f'),
 ('9', '29', 'en_us', 'first course', '2017-03-04 23:51:17', '2017-03-04 23:51:17', 'b130dd7c-19c9-4d8c-b89f-fc2dbe8b4e08'),
 ('10', '30', 'en_us', 'second course', '2017-03-04 23:51:17', '2017-03-04 23:51:17', 'b9a5fd59-1d9f-409c-af7a-90977efbb1f1'),
 ('11', '31', 'en_us', 'third course', '2017-03-04 23:51:17', '2017-03-04 23:51:17', '2c726336-f4dc-4384-8ab8-89a452744927'),
 ('12', '32', 'en_us', 'apertifs', '2017-03-04 23:52:03', '2017-03-04 23:52:03', '5b3547cb-69f1-4618-a5c1-335ecea8c19d'),
 ('13', '33', 'en_us', 'delicates', '2017-03-04 23:52:03', '2017-03-04 23:52:03', '37d2e5b4-37b9-4875-8938-e558fe5dc3fe'),
 ('14', '34', 'en_us', 'delicious items', '2017-03-04 23:52:03', '2017-03-04 23:52:03', '8b313e25-6a64-45c7-970a-38a324045401'),
 ('15', '35', 'en_us', 'dessert', '2017-03-04 23:52:03', '2017-03-04 23:52:03', 'a49c09ca-2434-45f1-9da2-d39990b079ec');



DROP TABLE IF EXISTS `craft_matrixcontent_topnavigation`;


--
-- Schema for table `craft_matrixcontent_topnavigation`
--
CREATE TABLE `craft_matrixcontent_topnavigation` (
  `id` int(11) NOT NULL AUTO_INCREMENT,
  `elementId` int(11) NOT NULL,
  `locale` char(12) COLLATE utf8_unicode_ci NOT NULL,
  `field_topNavigationLinks_linkText` text COLLATE utf8_unicode_ci,
  `dateCreated` datetime NOT NULL,
  `dateUpdated` datetime NOT NULL,
  `uid` char(36) COLLATE utf8_unicode_ci NOT NULL DEFAULT '0',
  PRIMARY KEY (`id`),
  UNIQUE KEY `craft_matrixcontent_topnavigation_elementId_locale_unq_idx` (`elementId`,`locale`),
  KEY `craft_matrixcontent_topnavigation_locale_fk` (`locale`)
) ENGINE=InnoDB DEFAULT CHARSET=utf8 COLLATE=utf8_unicode_ci;

DROP TABLE IF EXISTS `craft_migrations`;


--
-- Schema for table `craft_migrations`
--
CREATE TABLE `craft_migrations` (
  `id` int(11) NOT NULL AUTO_INCREMENT,
  `pluginId` int(11) DEFAULT NULL,
  `version` varchar(255) COLLATE utf8_unicode_ci NOT NULL,
  `applyTime` datetime NOT NULL,
  `dateCreated` datetime NOT NULL,
  `dateUpdated` datetime NOT NULL,
  `uid` char(36) COLLATE utf8_unicode_ci NOT NULL DEFAULT '0',
  PRIMARY KEY (`id`),
  UNIQUE KEY `craft_migrations_version_unq_idx` (`version`),
  KEY `craft_migrations_pluginId_fk` (`pluginId`)
) ENGINE=InnoDB AUTO_INCREMENT=39 DEFAULT CHARSET=utf8 COLLATE=utf8_unicode_ci;

--
-- Data for table `craft_migrations`
--

INSERT INTO `craft_migrations` (`id`, `pluginId`, `version`, `applyTime`, `dateCreated`, `dateUpdated`, `uid`) VALUES
 ('1', NULL, 'm000000_000000_base', '2017-03-04 21:05:14', '2017-03-04 21:05:14', '2017-03-04 21:05:14', 'e121e5dc-3d74-4720-8974-2af43a5d8916'),
 ('2', NULL, 'm140730_000001_add_filename_and_format_to_transformindex', '2017-03-04 21:05:14', '2017-03-04 21:05:14', '2017-03-04 21:05:14', '68a60b26-85fc-4f57-a892-3faad44a1c0a'),
 ('3', NULL, 'm140815_000001_add_format_to_transforms', '2017-03-04 21:05:14', '2017-03-04 21:05:14', '2017-03-04 21:05:14', 'ed936c2b-6619-4624-ae84-8fe8cfba9a30'),
 ('4', NULL, 'm140822_000001_allow_more_than_128_items_per_field', '2017-03-04 21:05:14', '2017-03-04 21:05:14', '2017-03-04 21:05:14', 'f63b7c95-9b57-4a02-8bb7-4bf4021c773a'),
 ('5', NULL, 'm140829_000001_single_title_formats', '2017-03-04 21:05:14', '2017-03-04 21:05:14', '2017-03-04 21:05:14', '5e2f2974-be25-423f-ba64-c2973a7fd046'),
 ('6', NULL, 'm140831_000001_extended_cache_keys', '2017-03-04 21:05:14', '2017-03-04 21:05:14', '2017-03-04 21:05:14', '32ad8a9c-aeae-4c28-9bec-0a481654159b'),
 ('7', NULL, 'm140922_000001_delete_orphaned_matrix_blocks', '2017-03-04 21:05:14', '2017-03-04 21:05:14', '2017-03-04 21:05:14', 'c4132290-0cba-4205-a607-640c854293dc'),
 ('8', NULL, 'm141008_000001_elements_index_tune', '2017-03-04 21:05:14', '2017-03-04 21:05:14', '2017-03-04 21:05:14', 'f40a41a7-0110-43e8-b3a8-21d1413a7383'),
 ('9', NULL, 'm141009_000001_assets_source_handle', '2017-03-04 21:05:14', '2017-03-04 21:05:14', '2017-03-04 21:05:14', 'f15a5299-60c2-4822-8f03-eebcbb59f907'),
 ('10', NULL, 'm141024_000001_field_layout_tabs', '2017-03-04 21:05:14', '2017-03-04 21:05:14', '2017-03-04 21:05:14', '118e3af0-4ab3-4ed2-8b25-3aa7f8d23c03'),
 ('11', NULL, 'm141030_000000_plugin_schema_versions', '2017-03-04 21:05:14', '2017-03-04 21:05:14', '2017-03-04 21:05:14', '6b448177-2110-488a-9928-f2ed20100eb2'),
 ('12', NULL, 'm141030_000001_drop_structure_move_permission', '2017-03-04 21:05:14', '2017-03-04 21:05:14', '2017-03-04 21:05:14', '53539085-b50d-4f91-ba00-89ccab6ecdbb'),
 ('13', NULL, 'm141103_000001_tag_titles', '2017-03-04 21:05:14', '2017-03-04 21:05:14', '2017-03-04 21:05:14', 'b04e11fd-393e-43cc-9826-26123598cb75'),
 ('14', NULL, 'm141109_000001_user_status_shuffle', '2017-03-04 21:05:14', '2017-03-04 21:05:14', '2017-03-04 21:05:14', '50814c8f-65f4-420f-9f15-4c37c7917d1d'),
 ('15', NULL, 'm141126_000001_user_week_start_day', '2017-03-04 21:05:14', '2017-03-04 21:05:14', '2017-03-04 21:05:14', '19c3c50a-1833-455f-bc1e-6931e7effc4b'),
 ('16', NULL, 'm150210_000001_adjust_user_photo_size', '2017-03-04 21:05:14', '2017-03-04 21:05:14', '2017-03-04 21:05:14', 'fb791120-45b3-4c68-ba34-f902d5c2c864'),
 ('17', NULL, 'm150724_000001_adjust_quality_settings', '2017-03-04 21:05:14', '2017-03-04 21:05:14', '2017-03-04 21:05:14', '5ef6160c-2ae0-4f55-b969-c029458c2e93'),
 ('18', NULL, 'm150827_000000_element_index_settings', '2017-03-04 21:05:14', '2017-03-04 21:05:14', '2017-03-04 21:05:14', 'ceda5abf-0d17-4c76-b04d-77299d768c16'),
 ('19', NULL, 'm150918_000001_add_colspan_to_widgets', '2017-03-04 21:05:14', '2017-03-04 21:05:14', '2017-03-04 21:05:14', 'eef0f12f-83a8-4aeb-a75e-40fcdc249886'),
 ('20', NULL, 'm151007_000000_clear_asset_caches', '2017-03-04 21:05:14', '2017-03-04 21:05:14', '2017-03-04 21:05:14', 'e3208f80-5fbd-419e-b1cf-90e15f74a4be'),
 ('21', NULL, 'm151109_000000_text_url_formats', '2017-03-04 21:05:14', '2017-03-04 21:05:14', '2017-03-04 21:05:14', '2650346b-78ac-4fa4-9803-831ea75391b3'),
 ('22', NULL, 'm151110_000000_move_logo', '2017-03-04 21:05:14', '2017-03-04 21:05:14', '2017-03-04 21:05:14', 'bc1c3874-b6df-4fe1-a758-fc5e6ba637e2'),
 ('23', NULL, 'm151117_000000_adjust_image_widthheight', '2017-03-04 21:05:14', '2017-03-04 21:05:14', '2017-03-04 21:05:14', 'd1970463-04f3-45dc-937a-4b20cd99766e'),
 ('24', NULL, 'm151127_000000_clear_license_key_status', '2017-03-04 21:05:14', '2017-03-04 21:05:14', '2017-03-04 21:05:14', 'ad9a082a-c8a3-491a-9583-d8bbde0cb077'),
 ('25', NULL, 'm151127_000000_plugin_license_keys', '2017-03-04 21:05:14', '2017-03-04 21:05:14', '2017-03-04 21:05:14', '490cf05b-c503-48da-8833-45ce91d077ab'),
 ('26', NULL, 'm151130_000000_update_pt_widget_feeds', '2017-03-04 21:05:14', '2017-03-04 21:05:14', '2017-03-04 21:05:14', 'ddc5ffad-434c-4576-ba4b-a21b65f0eaa0'),
 ('27', NULL, 'm160114_000000_asset_sources_public_url_default_true', '2017-03-04 21:05:14', '2017-03-04 21:05:14', '2017-03-04 21:05:14', 'b8d4af5a-f45a-46a7-91d6-ff57f10bc19a'),
 ('28', NULL, 'm160223_000000_sortorder_to_smallint', '2017-03-04 21:05:14', '2017-03-04 21:05:14', '2017-03-04 21:05:14', 'b3c1e6ab-9415-4010-8efa-6ba2882e4ef1'),
 ('29', NULL, 'm160229_000000_set_default_entry_statuses', '2017-03-04 21:05:14', '2017-03-04 21:05:14', '2017-03-04 21:05:14', 'b871b12d-3c8b-4ab0-aa88-be66976a8214'),
 ('30', NULL, 'm160304_000000_client_permissions', '2017-03-04 21:05:14', '2017-03-04 21:05:14', '2017-03-04 21:05:14', '732d9836-37c7-498d-8a80-a451d4a8338b'),
 ('31', NULL, 'm160322_000000_asset_filesize', '2017-03-04 21:05:14', '2017-03-04 21:05:14', '2017-03-04 21:05:14', '431d1fbf-2627-4777-842f-e32eb9eb8c3e'),
 ('32', NULL, 'm160503_000000_orphaned_fieldlayouts', '2017-03-04 21:05:14', '2017-03-04 21:05:14', '2017-03-04 21:05:14', 'cc909b7d-7f33-4094-9dad-e26f7f626b0b'),
 ('33', NULL, 'm160510_000000_tasksettings', '2017-03-04 21:05:14', '2017-03-04 21:05:14', '2017-03-04 21:05:14', 'c32e909c-2e5e-4e85-81f2-cae92a9a545b'),
 ('34', NULL, 'm160829_000000_pending_user_content_cleanup', '2017-03-04 21:05:14', '2017-03-04 21:05:14', '2017-03-04 21:05:14', 'c96ce468-4b90-4ba4-95ef-58a4942aca36'),
 ('35', NULL, 'm160830_000000_asset_index_uri_increase', '2017-03-04 21:05:14', '2017-03-04 21:05:14', '2017-03-04 21:05:14', '7c259e90-f3a1-4efa-9299-7b682ba5717f'),
 ('36', NULL, 'm160919_000000_usergroup_handle_title_unique', '2017-03-04 21:05:14', '2017-03-04 21:05:14', '2017-03-04 21:05:14', '66574770-de71-46db-bdcd-9c7117565042'),
 ('37', NULL, 'm161108_000000_new_version_format', '2017-03-04 21:05:14', '2017-03-04 21:05:14', '2017-03-04 21:05:14', 'eca7cfcf-da90-40dd-b975-151dba13f006'),
 ('38', NULL, 'm161109_000000_index_shuffle', '2017-03-04 21:05:14', '2017-03-04 21:05:14', '2017-03-04 21:05:14', 'fd78d155-6235-4db9-a485-285c6f716d5b');



DROP TABLE IF EXISTS `craft_plugins`;


--
-- Schema for table `craft_plugins`
--
CREATE TABLE `craft_plugins` (
  `id` int(11) NOT NULL AUTO_INCREMENT,
  `class` varchar(150) COLLATE utf8_unicode_ci NOT NULL,
  `version` varchar(15) COLLATE utf8_unicode_ci NOT NULL,
  `schemaVersion` varchar(15) COLLATE utf8_unicode_ci DEFAULT NULL,
  `licenseKey` char(24) COLLATE utf8_unicode_ci DEFAULT NULL,
  `licenseKeyStatus` enum('valid','invalid','mismatched','unknown') COLLATE utf8_unicode_ci NOT NULL DEFAULT 'unknown',
  `enabled` tinyint(1) unsigned NOT NULL DEFAULT '0',
  `settings` text COLLATE utf8_unicode_ci,
  `installDate` datetime NOT NULL,
  `dateCreated` datetime NOT NULL,
  `dateUpdated` datetime NOT NULL,
  `uid` char(36) COLLATE utf8_unicode_ci NOT NULL DEFAULT '0',
  PRIMARY KEY (`id`)
) ENGINE=InnoDB DEFAULT CHARSET=utf8 COLLATE=utf8_unicode_ci;

DROP TABLE IF EXISTS `craft_rackspaceaccess`;


--
-- Schema for table `craft_rackspaceaccess`
--
CREATE TABLE `craft_rackspaceaccess` (
  `id` int(11) NOT NULL AUTO_INCREMENT,
  `connectionKey` varchar(255) COLLATE utf8_unicode_ci NOT NULL,
  `token` varchar(255) COLLATE utf8_unicode_ci NOT NULL,
  `storageUrl` varchar(255) COLLATE utf8_unicode_ci NOT NULL,
  `cdnUrl` varchar(255) COLLATE utf8_unicode_ci NOT NULL,
  `dateCreated` datetime NOT NULL,
  `dateUpdated` datetime NOT NULL,
  `uid` char(36) COLLATE utf8_unicode_ci NOT NULL DEFAULT '0',
  PRIMARY KEY (`id`),
  UNIQUE KEY `craft_rackspaceaccess_connectionKey_unq_idx` (`connectionKey`)
) ENGINE=InnoDB DEFAULT CHARSET=utf8 COLLATE=utf8_unicode_ci;

DROP TABLE IF EXISTS `craft_relations`;


--
-- Schema for table `craft_relations`
--
CREATE TABLE `craft_relations` (
  `id` int(11) NOT NULL AUTO_INCREMENT,
  `fieldId` int(11) NOT NULL,
  `sourceId` int(11) NOT NULL,
  `sourceLocale` char(12) COLLATE utf8_unicode_ci DEFAULT NULL,
  `targetId` int(11) NOT NULL,
  `sortOrder` smallint(6) DEFAULT NULL,
  `dateCreated` datetime NOT NULL,
  `dateUpdated` datetime NOT NULL,
  `uid` char(36) COLLATE utf8_unicode_ci NOT NULL DEFAULT '0',
  PRIMARY KEY (`id`),
  UNIQUE KEY `craft_relations_fieldId_sourceId_sourceLocale_targetId_unq_idx` (`fieldId`,`sourceId`,`sourceLocale`,`targetId`),
  KEY `craft_relations_sourceId_fk` (`sourceId`),
  KEY `craft_relations_sourceLocale_fk` (`sourceLocale`),
  KEY `craft_relations_targetId_fk` (`targetId`)
) ENGINE=InnoDB AUTO_INCREMENT=67 DEFAULT CHARSET=utf8 COLLATE=utf8_unicode_ci;

--
-- Data for table `craft_relations`
--

INSERT INTO `craft_relations` (`id`, `fieldId`, `sourceId`, `sourceLocale`, `targetId`, `sortOrder`, `dateCreated`, `dateUpdated`, `uid`) VALUES
 ('4', '19', '19', NULL, '24', '1', '2017-03-04 23:41:34', '2017-03-04 23:41:34', 'dd41c637-daed-4bc1-8a57-e386b5acf45c'),
 ('5', '19', '19', NULL, '23', '2', '2017-03-04 23:41:34', '2017-03-04 23:41:34', '40297706-fcc4-4aee-a037-0002cdf5a042'),
 ('6', '19', '20', NULL, '24', '1', '2017-03-04 23:41:34', '2017-03-04 23:41:34', '3389a938-805f-4e15-ae63-bfc7f52daed5'),
 ('7', '19', '20', NULL, '23', '2', '2017-03-04 23:41:34', '2017-03-04 23:41:34', '37f32432-4854-48ac-9733-6ec81df7c0fa'),
 ('8', '19', '21', NULL, '24', '1', '2017-03-04 23:41:34', '2017-03-04 23:41:34', 'fd62fe9d-2450-49cb-991a-b635a9dc902e'),
 ('9', '19', '21', NULL, '23', '2', '2017-03-04 23:41:34', '2017-03-04 23:41:34', 'd0ba6b69-0ae0-4b09-a69e-3922eeacc949'),
 ('10', '19', '25', NULL, '24', '1', '2017-03-04 23:42:15', '2017-03-04 23:42:15', 'ed2a4024-6d5b-4587-91fd-d97ed7e73186'),
 ('11', '19', '25', NULL, '23', '2', '2017-03-04 23:42:15', '2017-03-04 23:42:15', '2a17facd-af02-4482-ba11-946fee2e45ab'),
 ('12', '19', '26', NULL, '24', '1', '2017-03-04 23:42:15', '2017-03-04 23:42:15', 'bbd7cd16-4230-4a5d-82da-420350cde6df'),
 ('13', '19', '26', NULL, '23', '2', '2017-03-04 23:42:15', '2017-03-04 23:42:15', '56a6a4f8-9789-44f8-8530-643c0780577c'),
 ('14', '19', '27', NULL, '24', '1', '2017-03-04 23:42:15', '2017-03-04 23:42:15', 'e671448d-7511-4972-90cb-0a6852fc4c2d'),
 ('15', '19', '27', NULL, '23', '2', '2017-03-04 23:42:15', '2017-03-04 23:42:15', 'e2ccd51c-4d07-4162-8a7c-1371ac2c8194'),
 ('16', '19', '28', NULL, '24', '1', '2017-03-04 23:42:15', '2017-03-04 23:42:15', '3a0caf0e-92cc-4ffd-9312-82887a8b736b'),
 ('17', '19', '28', NULL, '23', '2', '2017-03-04 23:42:15', '2017-03-04 23:42:15', 'c8df08e2-0e07-4b23-b1bb-b194945190b7'),
 ('18', '19', '29', NULL, '24', '1', '2017-03-04 23:51:17', '2017-03-04 23:51:17', '9a24c474-bc5c-48f8-930b-74fb4ff1d9fd'),
 ('19', '19', '29', NULL, '23', '2', '2017-03-04 23:51:17', '2017-03-04 23:51:17', 'a5d4812e-526c-4539-a63e-24ac1efa25c4'),
 ('20', '19', '30', NULL, '24', '1', '2017-03-04 23:51:17', '2017-03-04 23:51:17', 'a5e4e8fe-a2e3-44fe-a373-4415c18ea33d'),
 ('21', '19', '30', NULL, '23', '2', '2017-03-04 23:51:17', '2017-03-04 23:51:17', '18d60db8-083f-4dd0-b794-d576a2d4a632'),
 ('22', '19', '31', NULL, '24', '1', '2017-03-04 23:51:17', '2017-03-04 23:51:17', '2e0f5011-df0b-4204-bb52-c0bdc06db637'),
 ('23', '19', '31', NULL, '23', '2', '2017-03-04 23:51:17', '2017-03-04 23:51:17', '03937dca-2e9c-4d1d-a792-ea475d2d2fd1'),
 ('24', '19', '32', NULL, '24', '1', '2017-03-04 23:52:03', '2017-03-04 23:52:03', '78528a2b-9c18-474b-8a65-c27e06532805'),
 ('25', '19', '32', NULL, '23', '2', '2017-03-04 23:52:03', '2017-03-04 23:52:03', 'efb34d0f-3fa5-44ea-9d34-fc355720d66f'),
 ('26', '19', '33', NULL, '24', '1', '2017-03-04 23:52:03', '2017-03-04 23:52:03', '8af789d9-735e-4cb6-aef9-c33acb1c26db'),
 ('27', '19', '33', NULL, '23', '2', '2017-03-04 23:52:03', '2017-03-04 23:52:03', '5e0de736-6ea6-4d57-a0c1-1c8951f8c08c'),
 ('28', '19', '34', NULL, '24', '1', '2017-03-04 23:52:03', '2017-03-04 23:52:03', 'd8b8eb79-3953-4b1e-9f1d-3a06a506fedc'),
 ('29', '19', '34', NULL, '23', '2', '2017-03-04 23:52:03', '2017-03-04 23:52:03', '86d89179-0a90-4222-85b9-06573e4e6a50'),
 ('30', '19', '35', NULL, '24', '1', '2017-03-04 23:52:03', '2017-03-04 23:52:03', '17cb2b85-c24d-4ddf-9daa-69e65008c450'),
 ('31', '19', '35', NULL, '23', '2', '2017-03-04 23:52:03', '2017-03-04 23:52:03', 'f3f7d2a2-0e18-46a9-b1d1-97a827914057'),
 ('51', '21', '55', NULL, '51', '1', '2017-03-05 03:11:52', '2017-03-05 03:11:52', '00dc9839-1d4c-42e2-adb6-c6c9161a2e60'),
 ('52', '21', '56', NULL, '49', '1', '2017-03-05 03:12:12', '2017-03-05 03:12:12', '3c274cb4-5dc3-42d7-9431-17a7543d8136'),
 ('53', '21', '57', NULL, '59', '1', '2017-03-05 03:37:44', '2017-03-05 03:37:44', 'e0f9079c-2a93-4650-a89b-5d55567c4096'),
 ('56', '21', '62', NULL, '61', '1', '2017-03-05 03:48:29', '2017-03-05 03:48:29', 'd4431827-3b75-41a3-bb89-317863f42bcd'),
 ('57', '21', '65', NULL, '64', '1', '2017-03-05 03:48:38', '2017-03-05 03:48:38', '8baff269-57a1-4ef9-950a-31ccc9192517'),
 ('58', '21', '81', NULL, '80', '1', '2017-03-05 17:38:30', '2017-03-05 17:38:30', 'bce057b2-5f64-4fdb-871d-e75b7e47deaf'),
 ('59', '21', '84', NULL, '83', '1', '2017-03-05 17:38:47', '2017-03-05 17:38:47', 'ec1c849e-4762-46a7-be3a-8779511571f9'),
 ('60', '21', '87', NULL, '86', '1', '2017-03-05 17:39:07', '2017-03-05 17:39:07', '278ef011-94fa-4543-91f7-7a07020b3733'),
 ('61', '21', '88', NULL, '38', '1', '2017-03-05 17:58:56', '2017-03-05 17:58:56', 'e8a15b13-0702-449a-8f5b-9a4b18ed8639'),
 ('62', '21', '89', NULL, '38', '1', '2017-03-05 17:59:09', '2017-03-05 17:59:09', '5ac9f84b-c679-450f-a0d3-468be7234f0f'),
 ('65', '21', '91', NULL, '44', '1', '2017-03-05 18:15:12', '2017-03-05 18:15:12', '85a11497-8a9c-4ee5-9d25-a096f6569a5b'),
 ('66', '21', '90', NULL, '44', '1', '2017-03-05 18:15:21', '2017-03-05 18:15:21', '9b83ac69-5e3d-4ae5-b477-b9d0d375855f');



DROP TABLE IF EXISTS `craft_routes`;


--
-- Schema for table `craft_routes`
--
CREATE TABLE `craft_routes` (
  `id` int(11) NOT NULL AUTO_INCREMENT,
  `locale` char(12) COLLATE utf8_unicode_ci DEFAULT NULL,
  `urlParts` varchar(255) COLLATE utf8_unicode_ci NOT NULL,
  `urlPattern` varchar(255) COLLATE utf8_unicode_ci NOT NULL,
  `template` varchar(255) COLLATE utf8_unicode_ci NOT NULL,
  `sortOrder` smallint(6) unsigned DEFAULT NULL,
  `dateCreated` datetime NOT NULL,
  `dateUpdated` datetime NOT NULL,
  `uid` char(36) COLLATE utf8_unicode_ci NOT NULL DEFAULT '0',
  PRIMARY KEY (`id`),
  UNIQUE KEY `craft_routes_urlPattern_unq_idx` (`urlPattern`),
  KEY `craft_routes_locale_idx` (`locale`)
) ENGINE=InnoDB DEFAULT CHARSET=utf8 COLLATE=utf8_unicode_ci;

DROP TABLE IF EXISTS `craft_searchindex`;


--
-- Schema for table `craft_searchindex`
--
CREATE TABLE `craft_searchindex` (
  `elementId` int(11) NOT NULL,
  `attribute` varchar(25) COLLATE utf8_unicode_ci NOT NULL,
  `fieldId` int(11) NOT NULL,
  `locale` char(12) COLLATE utf8_unicode_ci NOT NULL,
  `keywords` text COLLATE utf8_unicode_ci NOT NULL,
  PRIMARY KEY (`elementId`,`attribute`,`fieldId`,`locale`),
  FULLTEXT KEY `craft_searchindex_keywords_idx` (`keywords`)
) ENGINE=MyISAM DEFAULT CHARSET=utf8 COLLATE=utf8_unicode_ci;

--
-- Data for table `craft_searchindex`
--

INSERT INTO `craft_searchindex` (`elementId`, `attribute`, `fieldId`, `locale`, `keywords`) VALUES
 ('1', 'username', '0', 'en_us', ' webmasterseattle '),
 ('1', 'firstname', '0', 'en_us', ''),
 ('1', 'lastname', '0', 'en_us', ''),
 ('1', 'fullname', '0', 'en_us', ''),
 ('1', 'email', '0', 'en_us', ' joe waine gmail com '),
 ('1', 'slug', '0', 'en_us', ''),
 ('2', 'slug', '0', 'en_us', ' homepage '),
 ('2', 'title', '0', 'en_us', ' mbar seattle '),
 ('2', 'field', '1', 'en_us', ' body '),
 ('2', 'field', '3', 'en_us', ' nav 1234 category events booking events booking lorem ipsum dolor sit amet consectetuer adipiscing elit sed diam nonummy nibh euismod tincidunt ut laoreet dolore magna aliquam erat volutpat ut wisi enim ad minim veniam quisaliquam erat volutpatlorem ipsum dolor sit amet consectetuer adipiscing elit family media about us '),
 ('4', 'field', '4', 'en_us', ' nav '),
 ('4', 'slug', '0', 'en_us', ''),
 ('5', 'field', '5', 'en_us', ' 1234 '),
 ('5', 'slug', '0', 'en_us', ''),
 ('6', 'field', '6', 'en_us', ' category '),
 ('3', 'field', '1', 'en_us', ' craft is the cms that s powering localhost it s beautiful powerful flexible and easy to use and it s made by pixel tonic we can t wait to dive in and see what it s capable of this is even more captivating content which you couldn t see on the news index page because it was entered after a page break and the news index template only likes to show the content on the first page craft a nice alternative to word if you re making a website '),
 ('3', 'field', '2', 'en_us', ''),
 ('3', 'slug', '0', 'en_us', ' we just installed craft '),
 ('3', 'title', '0', 'en_us', ' we just installed craft '),
 ('6', 'slug', '0', 'en_us', ''),
 ('7', 'field', '7', 'en_us', ' family '),
 ('7', 'slug', '0', 'en_us', ''),
 ('8', 'field', '8', 'en_us', ' media '),
 ('8', 'slug', '0', 'en_us', ''),
 ('9', 'field', '9', 'en_us', ''),
 ('9', 'field', '10', 'en_us', ''),
 ('9', 'slug', '0', 'en_us', ''),
 ('10', 'field', '12', 'en_us', ' events booking '),
 ('10', 'slug', '0', 'en_us', ''),
 ('16', 'slug', '0', 'en_us', ' lunch '),
 ('15', 'title', '0', 'en_us', ' breakfast '),
 ('15', 'slug', '0', 'en_us', ' breakfast '),
 ('18', 'title', '0', 'en_us', ' dinner '),
 ('18', 'slug', '0', 'en_us', ' dinner '),
 ('17', 'title', '0', 'en_us', ' happy hour '),
 ('17', 'slug', '0', 'en_us', ' happy hour '),
 ('16', 'title', '0', 'en_us', ' lunch '),
 ('15', 'field', '17', 'en_us', ' chicken wings lamb ribs appetizers chicken wings lamb ribs mains chicken wings lamb ribs desserts '),
 ('19', 'field', '18', 'en_us', ' appetizers '),
 ('19', 'field', '19', 'en_us', ' chicken wings lamb ribs '),
 ('19', 'slug', '0', 'en_us', ''),
 ('20', 'field', '18', 'en_us', ' mains '),
 ('20', 'field', '19', 'en_us', ' chicken wings lamb ribs '),
 ('20', 'slug', '0', 'en_us', ''),
 ('21', 'field', '18', 'en_us', ' desserts '),
 ('21', 'field', '19', 'en_us', ' chicken wings lamb ribs '),
 ('21', 'slug', '0', 'en_us', ''),
 ('16', 'field', '17', 'en_us', ' chicken wings lamb ribs first chicken wings lamb ribs second course chicken wings lamb ribs third course chicken wings lamb ribs dessert '),
 ('23', 'slug', '0', 'en_us', ' tabouleh '),
 ('23', 'title', '0', 'en_us', ' lamb ribs '),
 ('23', 'field', '20', 'en_us', ' 5 '),
 ('24', 'field', '20', 'en_us', ' 10 '),
 ('24', 'slug', '0', 'en_us', ' chicken wings '),
 ('24', 'title', '0', 'en_us', ' chicken wings '),
 ('25', 'field', '18', 'en_us', ' first '),
 ('25', 'field', '19', 'en_us', ' chicken wings lamb ribs '),
 ('25', 'slug', '0', 'en_us', ''),
 ('26', 'field', '18', 'en_us', ' second course '),
 ('26', 'field', '19', 'en_us', ' chicken wings lamb ribs '),
 ('26', 'slug', '0', 'en_us', ''),
 ('27', 'field', '18', 'en_us', ' third course '),
 ('27', 'field', '19', 'en_us', ' chicken wings lamb ribs '),
 ('27', 'slug', '0', 'en_us', ''),
 ('28', 'field', '18', 'en_us', ' dessert '),
 ('28', 'field', '19', 'en_us', ' chicken wings lamb ribs '),
 ('28', 'slug', '0', 'en_us', ''),
 ('17', 'field', '17', 'en_us', ' chicken wings lamb ribs first course chicken wings lamb ribs second course chicken wings lamb ribs third course '),
 ('29', 'field', '18', 'en_us', ' first course '),
 ('29', 'field', '19', 'en_us', ' chicken wings lamb ribs '),
 ('29', 'slug', '0', 'en_us', ''),
 ('30', 'field', '18', 'en_us', ' second course '),
 ('30', 'field', '19', 'en_us', ' chicken wings lamb ribs '),
 ('30', 'slug', '0', 'en_us', ''),
 ('31', 'field', '18', 'en_us', ' third course '),
 ('31', 'field', '19', 'en_us', ' chicken wings lamb ribs '),
 ('31', 'slug', '0', 'en_us', ''),
 ('18', 'field', '17', 'en_us', ' chicken wings lamb ribs apertifs chicken wings lamb ribs delicates chicken wings lamb ribs delicious items chicken wings lamb ribs dessert '),
 ('32', 'field', '18', 'en_us', ' apertifs '),
 ('32', 'field', '19', 'en_us', ' chicken wings lamb ribs '),
 ('32', 'slug', '0', 'en_us', ''),
 ('33', 'field', '18', 'en_us', ' delicates '),
 ('33', 'field', '19', 'en_us', ' chicken wings lamb ribs '),
 ('33', 'slug', '0', 'en_us', ''),
 ('34', 'field', '18', 'en_us', ' delicious items '),
 ('34', 'field', '19', 'en_us', ' chicken wings lamb ribs '),
 ('34', 'slug', '0', 'en_us', ''),
 ('35', 'field', '18', 'en_us', ' dessert '),
 ('35', 'field', '19', 'en_us', ' chicken wings lamb ribs '),
 ('35', 'slug', '0', 'en_us', ''),
 ('4', 'field', '13', 'en_us', ''),
 ('91', 'field', '30', 'en_us', ' http seattlemetro com '),
 ('88', 'title', '0', 'en_us', ' wassef '),
 ('89', 'field', '1', 'en_us', ' haroun '),
 ('89', 'field', '21', 'en_us', ' member '),
 ('89', 'slug', '0', 'en_us', ' racha '),
 ('89', 'title', '0', 'en_us', ' racha '),
 ('38', 'filename', '0', 'en_us', ' member png '),
 ('38', 'extension', '0', 'en_us', ' png '),
 ('38', 'kind', '0', 'en_us', ' image '),
 ('38', 'slug', '0', 'en_us', ' member ');
INSERT INTO `craft_searchindex` (`elementId`, `attribute`, `fieldId`, `locale`, `keywords`) VALUES
 ('38', 'title', '0', 'en_us', ' member '),
 ('91', 'slug', '0', 'en_us', ' seattle metro '),
 ('91', 'title', '0', 'en_us', ' seattle metro '),
 ('88', 'slug', '0', 'en_us', ' wassef '),
 ('88', 'field', '21', 'en_us', ' member '),
 ('88', 'field', '1', 'en_us', ' racha '),
 ('91', 'field', '21', 'en_us', ' screen shot 2017 03 04 at 5 44 26 pm '),
 ('90', 'title', '0', 'en_us', ' new york times '),
 ('90', 'slug', '0', 'en_us', ' new york times '),
 ('45', 'filename', '0', 'en_us', ' screen shot 2017 03 04 at 6 11 07 pm png '),
 ('44', 'extension', '0', 'en_us', ' png '),
 ('44', 'kind', '0', 'en_us', ' image '),
 ('44', 'slug', '0', 'en_us', ' screen shot 2017 03 04 at 5 44 26 pm '),
 ('44', 'title', '0', 'en_us', ' screen shot 2017 03 04 at 5 44 26 pm '),
 ('90', 'field', '30', 'en_us', ' http nyt com '),
 ('90', 'field', '21', 'en_us', ' screen shot 2017 03 04 at 5 44 26 pm '),
 ('90', 'field', '1', 'en_us', ' heres an article '),
 ('44', 'filename', '0', 'en_us', ' screen shot 2017 03 04 at 5 44 26 pm png '),
 ('45', 'extension', '0', 'en_us', ' png '),
 ('45', 'kind', '0', 'en_us', ' image '),
 ('45', 'slug', '0', 'en_us', ' screen shot 2017 03 04 at 6 11 07 pm '),
 ('45', 'title', '0', 'en_us', ' screen shot 2017 03 04 at 6 11 07 pm '),
 ('91', 'field', '1', 'en_us', ' seattle metro look '),
 ('46', 'field', '11', 'en_us', ' about us '),
 ('46', 'slug', '0', 'en_us', ''),
 ('59', 'extension', '0', 'en_us', ' svg '),
 ('59', 'kind', '0', 'en_us', ' image '),
 ('59', 'slug', '0', 'en_us', ' tw '),
 ('59', 'title', '0', 'en_us', ' tw '),
 ('61', 'filename', '0', 'en_us', ' ig svg '),
 ('61', 'extension', '0', 'en_us', ' svg '),
 ('61', 'kind', '0', 'en_us', ' image '),
 ('59', 'filename', '0', 'en_us', ' tw svg '),
 ('62', 'slug', '0', 'en_us', ' instagram '),
 ('62', 'title', '0', 'en_us', ' instagram '),
 ('62', 'field', '22', 'en_us', ' http instagram com mbar '),
 ('62', 'field', '21', 'en_us', ' ig '),
 ('57', 'title', '0', 'en_us', ' twitter '),
 ('49', 'filename', '0', 'en_us', ' about 2 jpg '),
 ('49', 'extension', '0', 'en_us', ' jpg '),
 ('49', 'kind', '0', 'en_us', ' image '),
 ('49', 'slug', '0', 'en_us', ' about 2 '),
 ('49', 'title', '0', 'en_us', ' about 2 '),
 ('65', 'slug', '0', 'en_us', ' facebook '),
 ('51', 'filename', '0', 'en_us', ' about jpg '),
 ('51', 'extension', '0', 'en_us', ' jpg '),
 ('51', 'kind', '0', 'en_us', ' image '),
 ('51', 'slug', '0', 'en_us', ' about '),
 ('51', 'title', '0', 'en_us', ' about '),
 ('56', 'title', '0', 'en_us', ' slide 2 '),
 ('57', 'field', '21', 'en_us', ' tw '),
 ('57', 'field', '22', 'en_us', ' http twitter com mbar '),
 ('57', 'slug', '0', 'en_us', ' twitter '),
 ('56', 'slug', '0', 'en_us', ' slide 2 '),
 ('56', 'field', '21', 'en_us', ' about 2 '),
 ('56', 'field', '1', 'en_us', ' slide two first first paragraph lorem ipsum dolor sit amet consectetuer adipiscing elit sed diam nonummy nibh euismod tincidunt ut laoreet dolore magna aliquam erat volutpat ut wisi enim ad minim veniam quisaliquam erat volutpatlorem ipsum dolor sit amet consectetuer adipiscing elit ipsum dolor sit amet '),
 ('55', 'title', '0', 'en_us', ' slide 1 '),
 ('55', 'slug', '0', 'en_us', ' slide 1 '),
 ('55', 'field', '21', 'en_us', ' about '),
 ('55', 'field', '1', 'en_us', ' slide 1 first first paragraph lorem ipsum dolor sit amet consectetuer adipiscing elit sed diam nonummy nibh euismod tincidunt ut laoreet dolore magna aliquam erat volutpat ut wisi enim ad minim veniam quisaliquam erat volutpatlorem ipsum dolor sit amet consectetuer adipiscing elit ipsum dolor sit amet '),
 ('61', 'slug', '0', 'en_us', ' ig '),
 ('61', 'title', '0', 'en_us', ' ig '),
 ('65', 'field', '22', 'en_us', ' http facebook com mbar '),
 ('65', 'field', '21', 'en_us', ' fb '),
 ('64', 'filename', '0', 'en_us', ' fb svg '),
 ('64', 'extension', '0', 'en_us', ' svg '),
 ('64', 'kind', '0', 'en_us', ' image '),
 ('64', 'slug', '0', 'en_us', ' fb '),
 ('64', 'title', '0', 'en_us', ' fb '),
 ('65', 'title', '0', 'en_us', ' facebook '),
 ('76', 'title', '0', 'en_us', ' events booking '),
 ('76', 'slug', '0', 'en_us', ' events booking '),
 ('75', 'title', '0', 'en_us', ' media '),
 ('75', 'slug', '0', 'en_us', ' media '),
 ('74', 'title', '0', 'en_us', ' find us '),
 ('74', 'slug', '0', 'en_us', ' find us '),
 ('73', 'title', '0', 'en_us', ' menu '),
 ('73', 'slug', '0', 'en_us', ' menu '),
 ('72', 'title', '0', 'en_us', ' about '),
 ('72', 'slug', '0', 'en_us', ' about '),
 ('77', 'slug', '0', 'en_us', ' our family '),
 ('77', 'title', '0', 'en_us', ' our family '),
 ('78', 'field', '26', 'en_us', ' tuesday wednesday 4 9 thursday 4 11 friday 4 11 saturday 5 11 sunday 5 9 '),
 ('78', 'field', '27', 'en_us', ' happy hour 4 6 on patio weather permitting '),
 ('78', 'field', '28', 'en_us', ' 400 fairview ave n seattle wa 98109 '),
 ('78', 'slug', '0', 'en_us', ' schedule items '),
 ('78', 'title', '0', 'en_us', ' schedule items '),
 ('81', 'title', '0', 'en_us', ' slide 1 '),
 ('81', 'slug', '0', 'en_us', ' slide 1 '),
 ('81', 'field', '21', 'en_us', ' event slide 1 '),
 ('80', 'filename', '0', 'en_us', ' event slide 1 png '),
 ('80', 'extension', '0', 'en_us', ' png '),
 ('80', 'kind', '0', 'en_us', ' image '),
 ('80', 'slug', '0', 'en_us', ' event slide 1 '),
 ('80', 'title', '0', 'en_us', ' event slide 1 '),
 ('84', 'title', '0', 'en_us', ' slide 2 '),
 ('84', 'slug', '0', 'en_us', ' slide 2 '),
 ('84', 'field', '21', 'en_us', ' event slide 2 '),
 ('83', 'filename', '0', 'en_us', ' event slide 2 png '),
 ('83', 'extension', '0', 'en_us', ' png ');
INSERT INTO `craft_searchindex` (`elementId`, `attribute`, `fieldId`, `locale`, `keywords`) VALUES
 ('83', 'kind', '0', 'en_us', ' image '),
 ('83', 'slug', '0', 'en_us', ' event slide 2 '),
 ('83', 'title', '0', 'en_us', ' event slide 2 '),
 ('87', 'title', '0', 'en_us', ' slide 3 '),
 ('87', 'slug', '0', 'en_us', ' slide 3 '),
 ('87', 'field', '21', 'en_us', ' event slide 3 '),
 ('86', 'filename', '0', 'en_us', ' event slide 3 png '),
 ('86', 'extension', '0', 'en_us', ' png '),
 ('86', 'kind', '0', 'en_us', ' image '),
 ('86', 'slug', '0', 'en_us', ' event slide 3 '),
 ('86', 'title', '0', 'en_us', ' event slide 3 '),
 ('10', 'field', '29', 'en_us', ' events booking lorem ipsum dolor sit amet consectetuer adipiscing elit sed diam nonummy nibh euismod tincidunt ut laoreet dolore magna aliquam erat volutpat ut wisi enim ad minim veniam quisaliquam erat volutpatlorem ipsum dolor sit amet consectetuer adipiscing elit '),
 ('91', 'field', '31', 'en_us', ' seattle metro '),
 ('90', 'field', '31', 'en_us', ' new york times '),
 ('92', 'title', '0', 'en_us', ' new pasta '),
 ('92', 'field', '1', 'en_us', ' yum '),
 ('92', 'slug', '0', 'en_us', ' new pasta ');



DROP TABLE IF EXISTS `craft_sections`;


--
-- Schema for table `craft_sections`
--
CREATE TABLE `craft_sections` (
  `id` int(11) NOT NULL AUTO_INCREMENT,
  `structureId` int(11) DEFAULT NULL,
  `name` varchar(255) COLLATE utf8_unicode_ci NOT NULL,
  `handle` varchar(255) COLLATE utf8_unicode_ci NOT NULL,
  `type` enum('single','channel','structure') COLLATE utf8_unicode_ci NOT NULL DEFAULT 'channel',
  `hasUrls` tinyint(1) unsigned NOT NULL DEFAULT '1',
  `template` varchar(500) COLLATE utf8_unicode_ci DEFAULT NULL,
  `enableVersioning` tinyint(1) unsigned NOT NULL DEFAULT '0',
  `dateCreated` datetime NOT NULL,
  `dateUpdated` datetime NOT NULL,
  `uid` char(36) COLLATE utf8_unicode_ci NOT NULL DEFAULT '0',
  PRIMARY KEY (`id`),
  UNIQUE KEY `craft_sections_name_unq_idx` (`name`),
  UNIQUE KEY `craft_sections_handle_unq_idx` (`handle`),
  KEY `craft_sections_structureId_fk` (`structureId`)
) ENGINE=InnoDB AUTO_INCREMENT=19 DEFAULT CHARSET=utf8 COLLATE=utf8_unicode_ci;

--
-- Data for table `craft_sections`
--

INSERT INTO `craft_sections` (`id`, `structureId`, `name`, `handle`, `type`, `hasUrls`, `template`, `enableVersioning`, `dateCreated`, `dateUpdated`, `uid`) VALUES
 ('1', NULL, 'Homepage', 'homepage', 'single', '1', 'index', '1', '2017-03-04 21:05:19', '2017-03-04 21:05:19', '860faab1-625f-427b-ab2e-24b761a9ba43'),
 ('2', NULL, 'News', 'news', 'channel', '1', 'news/_entry', '1', '2017-03-04 21:05:20', '2017-03-04 21:05:20', '612f3e81-e5f0-4860-a86d-5f8843d09584'),
 ('4', '1', 'Menus', 'menus', 'structure', '0', NULL, '1', '2017-03-04 22:42:42', '2017-03-04 22:42:42', 'ae635611-91d6-4bbd-b6b9-9af53c795a15'),
 ('5', NULL, 'Menu Items', 'menuItems', 'channel', '0', NULL, '1', '2017-03-04 22:43:48', '2017-03-04 22:43:48', 'f2977524-9179-48d4-815a-e81aa4654dd4'),
 ('9', '3', 'About Us', 'aboutUs', 'structure', '0', NULL, '1', '2017-03-05 03:09:31', '2017-03-05 03:09:31', 'cceff01c-8c59-49d7-aea4-dc3b8e7aef5e'),
 ('10', '4', 'social links', 'socialLinks', 'structure', '0', NULL, '1', '2017-03-05 03:26:27', '2017-03-05 03:26:27', '2a9cd5eb-27b2-4291-9fff-7aa978139915'),
 ('12', '5', 'top navigation', 'topNavigation', 'structure', '0', NULL, '1', '2017-03-05 04:11:08', '2017-03-05 04:11:08', 'a0bd7241-ed97-4348-8e50-68ec58b8e82b'),
 ('13', NULL, 'schedule module', 'scheduleModule', 'channel', '0', NULL, '1', '2017-03-05 17:18:10', '2017-03-05 17:18:10', 'abf8985a-699d-4955-9a51-ab5f2d50cfd7'),
 ('14', '6', 'events booking slides', 'eventsBookingSlides', 'structure', '0', NULL, '1', '2017-03-05 17:31:55', '2017-03-05 17:31:55', '98bda26b-1b55-4739-a5c9-41c4ed86c67c'),
 ('15', '7', 'our family', 'ourFamily', 'structure', '0', NULL, '1', '2017-03-05 17:57:55', '2017-03-05 17:57:55', 'e8d0bf3a-1838-4e64-8413-89e7e4187068'),
 ('16', '8', 'Media', 'media', 'structure', '0', NULL, '1', '2017-03-05 18:01:51', '2017-03-05 18:01:51', '327a9733-6f5f-4858-85f6-e11454191baa'),
 ('17', NULL, 'timed announcements', 'timedAnnouncements', 'channel', '0', NULL, '1', '2017-03-11 01:03:48', '2017-03-11 01:03:48', '84999634-432e-475d-ac17-baa5ae9c4225');



DROP TABLE IF EXISTS `craft_sections_i18n`;


--
-- Schema for table `craft_sections_i18n`
--
CREATE TABLE `craft_sections_i18n` (
  `id` int(11) NOT NULL AUTO_INCREMENT,
  `sectionId` int(11) NOT NULL,
  `locale` char(12) COLLATE utf8_unicode_ci NOT NULL,
  `enabledByDefault` tinyint(1) unsigned NOT NULL DEFAULT '1',
  `urlFormat` text COLLATE utf8_unicode_ci,
  `nestedUrlFormat` text COLLATE utf8_unicode_ci,
  `dateCreated` datetime NOT NULL,
  `dateUpdated` datetime NOT NULL,
  `uid` char(36) COLLATE utf8_unicode_ci NOT NULL DEFAULT '0',
  PRIMARY KEY (`id`),
  UNIQUE KEY `craft_sections_i18n_sectionId_locale_unq_idx` (`sectionId`,`locale`),
  KEY `craft_sections_i18n_locale_fk` (`locale`)
) ENGINE=InnoDB AUTO_INCREMENT=19 DEFAULT CHARSET=utf8 COLLATE=utf8_unicode_ci;

--
-- Data for table `craft_sections_i18n`
--

INSERT INTO `craft_sections_i18n` (`id`, `sectionId`, `locale`, `enabledByDefault`, `urlFormat`, `nestedUrlFormat`, `dateCreated`, `dateUpdated`, `uid`) VALUES
 ('1', '1', 'en_us', '1', '__home__', NULL, '2017-03-04 21:05:19', '2017-03-04 21:05:19', 'e4504482-a996-4032-8302-100416c32de0'),
 ('2', '2', 'en_us', '1', 'news/{postDate.year}/{slug}', NULL, '2017-03-04 21:05:20', '2017-03-04 21:05:20', '9ced1b47-9604-4232-897f-7a5200dd22e6'),
 ('4', '4', 'en_us', '1', NULL, NULL, '2017-03-04 22:42:42', '2017-03-04 22:42:42', '58a22068-1624-41a9-8f8b-400f956ca4c1'),
 ('5', '5', 'en_us', '1', NULL, NULL, '2017-03-04 22:43:48', '2017-03-04 22:43:48', 'b528e55d-47d6-4fc5-8e10-2baf735fbcbe'),
 ('9', '9', 'en_us', '1', NULL, NULL, '2017-03-05 03:09:31', '2017-03-05 03:09:31', 'f9a00d4b-fd61-46ed-bd1a-5e9b08c1b9fb'),
 ('10', '10', 'en_us', '1', NULL, NULL, '2017-03-05 03:26:27', '2017-03-05 03:26:27', 'b4f92662-1cce-4a97-b69d-d9324a54e69f'),
 ('12', '12', 'en_us', '1', NULL, NULL, '2017-03-05 04:11:08', '2017-03-05 04:11:08', 'ee780e39-ce08-4aa1-a15e-4a1e49093d61'),
 ('13', '13', 'en_us', '1', NULL, NULL, '2017-03-05 17:18:10', '2017-03-05 17:18:10', '23706346-9754-4e48-9f49-b8774fc7033a'),
 ('14', '14', 'en_us', '1', NULL, NULL, '2017-03-05 17:31:55', '2017-03-05 17:31:55', 'b6651c3b-a97f-4d1c-90a3-f606a88ae88f'),
 ('15', '15', 'en_us', '1', NULL, NULL, '2017-03-05 17:57:55', '2017-03-05 17:57:55', '12966684-c540-4364-92f2-92b604643db8'),
 ('16', '16', 'en_us', '1', NULL, NULL, '2017-03-05 18:01:51', '2017-03-05 18:01:51', 'cfe79c3f-658a-4cb3-9cb8-2a392157b768'),
 ('17', '17', 'en_us', '1', NULL, NULL, '2017-03-11 01:03:48', '2017-03-11 01:03:48', '21998fc5-7564-4e42-887d-299cd34613ba');



DROP TABLE IF EXISTS `craft_sessions`;


--
-- Schema for table `craft_sessions`
--
CREATE TABLE `craft_sessions` (
  `id` int(11) NOT NULL AUTO_INCREMENT,
  `userId` int(11) NOT NULL,
  `token` char(100) COLLATE utf8_unicode_ci NOT NULL,
  `dateCreated` datetime NOT NULL,
  `dateUpdated` datetime NOT NULL,
  `uid` char(36) COLLATE utf8_unicode_ci NOT NULL DEFAULT '0',
  PRIMARY KEY (`id`),
  KEY `craft_sessions_uid_idx` (`uid`),
  KEY `craft_sessions_token_idx` (`token`),
  KEY `craft_sessions_dateUpdated_idx` (`dateUpdated`),
  KEY `craft_sessions_userId_fk` (`userId`)
) ENGINE=InnoDB AUTO_INCREMENT=6 DEFAULT CHARSET=utf8 COLLATE=utf8_unicode_ci;

DROP TABLE IF EXISTS `craft_shunnedmessages`;


--
-- Schema for table `craft_shunnedmessages`
--
CREATE TABLE `craft_shunnedmessages` (
  `id` int(11) NOT NULL AUTO_INCREMENT,
  `userId` int(11) NOT NULL,
  `message` varchar(255) COLLATE utf8_unicode_ci NOT NULL,
  `expiryDate` datetime DEFAULT NULL,
  `dateCreated` datetime NOT NULL,
  `dateUpdated` datetime NOT NULL,
  `uid` char(36) COLLATE utf8_unicode_ci NOT NULL DEFAULT '0',
  PRIMARY KEY (`id`),
  UNIQUE KEY `craft_shunnedmessages_userId_message_unq_idx` (`userId`,`message`)
) ENGINE=InnoDB DEFAULT CHARSET=utf8 COLLATE=utf8_unicode_ci;

DROP TABLE IF EXISTS `craft_structureelements`;


--
-- Schema for table `craft_structureelements`
--
CREATE TABLE `craft_structureelements` (
  `id` int(11) NOT NULL AUTO_INCREMENT,
  `structureId` int(11) NOT NULL,
  `elementId` int(11) DEFAULT NULL,
  `root` int(11) unsigned DEFAULT NULL,
  `lft` int(11) unsigned NOT NULL,
  `rgt` int(11) unsigned NOT NULL,
  `level` smallint(6) unsigned NOT NULL,
  `dateCreated` datetime NOT NULL,
  `dateUpdated` datetime NOT NULL,
  `uid` char(36) COLLATE utf8_unicode_ci NOT NULL DEFAULT '0',
  PRIMARY KEY (`id`),
  UNIQUE KEY `craft_structureelements_structureId_elementId_unq_idx` (`structureId`,`elementId`),
  KEY `craft_structureelements_root_idx` (`root`),
  KEY `craft_structureelements_lft_idx` (`lft`),
  KEY `craft_structureelements_rgt_idx` (`rgt`),
  KEY `craft_structureelements_level_idx` (`level`),
  KEY `craft_structureelements_elementId_fk` (`elementId`)
) ENGINE=InnoDB AUTO_INCREMENT=35 DEFAULT CHARSET=utf8 COLLATE=utf8_unicode_ci;

--
-- Data for table `craft_structureelements`
--

INSERT INTO `craft_structureelements` (`id`, `structureId`, `elementId`, `root`, `lft`, `rgt`, `level`, `dateCreated`, `dateUpdated`, `uid`) VALUES
 ('1', '1', NULL, '1', '1', '10', '0', '2017-03-04 22:47:17', '2017-03-04 22:47:17', '7da4a697-6f30-467a-b44e-90284c7ae6c7'),
 ('2', '1', '15', '1', '2', '3', '1', '2017-03-04 22:47:17', '2017-03-04 22:47:17', '5e2dc014-05cf-48cf-a5f1-f0caa90d5c83'),
 ('3', '1', '16', '1', '4', '5', '1', '2017-03-04 22:47:24', '2017-03-04 22:47:24', '4aa6ca8b-7b28-4ef0-ac65-361a11ae27d1'),
 ('4', '1', '17', '1', '6', '7', '1', '2017-03-04 22:47:32', '2017-03-04 22:47:32', '6d671314-883e-4d89-9005-97c2d8485561'),
 ('5', '1', '18', '1', '8', '9', '1', '2017-03-04 22:47:40', '2017-03-04 22:47:40', '3d4e694e-9b3c-4e8d-872d-f7ee6e0d9618'),
 ('11', '3', NULL, '11', '1', '6', '0', '2017-03-05 03:11:52', '2017-03-05 03:11:52', 'f0a7ed42-b5ab-4047-9305-1cfac46eabdd'),
 ('12', '3', '55', '11', '4', '5', '1', '2017-03-05 03:11:52', '2017-03-05 03:11:52', '00b7ce0b-9c37-4810-b262-b39668463da4'),
 ('13', '3', '56', '11', '2', '3', '1', '2017-03-05 03:12:13', '2017-03-05 03:12:13', '4f08e72e-0142-41bf-8e94-930ead9c7784'),
 ('14', '4', NULL, '14', '1', '8', '0', '2017-03-05 03:32:34', '2017-03-05 03:32:34', 'eeb69bf4-da4a-46b3-b5c2-b73243c44ac6'),
 ('15', '4', '57', '14', '4', '5', '1', '2017-03-05 03:32:34', '2017-03-05 03:32:34', '12214192-7a53-4c5b-b77f-5347e3b5296a'),
 ('16', '4', '62', '14', '2', '3', '1', '2017-03-05 03:38:13', '2017-03-05 03:38:13', '61189937-6d23-45dc-9392-baba9b44bf75'),
 ('17', '4', '65', '14', '6', '7', '1', '2017-03-05 03:38:38', '2017-03-05 03:38:38', 'f7376bea-9204-449e-9b24-b6b7e0a4c154'),
 ('18', '5', NULL, '18', '1', '14', '0', '2017-03-05 04:11:57', '2017-03-05 04:11:57', '0542ecb7-147d-480a-aebc-03ef22166ef8'),
 ('19', '5', '72', '18', '4', '5', '1', '2017-03-05 04:11:57', '2017-03-05 04:11:57', '6824a03a-85b7-4c9c-a67a-865a8fde265f'),
 ('20', '5', '73', '18', '2', '3', '1', '2017-03-05 04:12:04', '2017-03-05 04:12:04', '8b35f90c-cb35-4341-b62c-897dd50ca141'),
 ('21', '5', '74', '18', '6', '7', '1', '2017-03-05 04:12:12', '2017-03-05 04:12:12', 'dc0e8811-86e7-4b91-aed0-c261758a0f30'),
 ('22', '5', '75', '18', '8', '9', '1', '2017-03-05 04:12:19', '2017-03-05 04:12:19', '4a6059ea-6829-460a-ba66-c2cd77186a25'),
 ('23', '5', '76', '18', '10', '11', '1', '2017-03-05 04:12:28', '2017-03-05 04:12:28', 'ffd9a2fc-ffb8-438d-9b0b-ba95f3c4f426'),
 ('24', '5', '77', '18', '12', '13', '1', '2017-03-05 04:12:48', '2017-03-05 04:12:48', '835e262a-4799-4a43-b473-8773c0a87b95'),
 ('25', '6', NULL, '25', '1', '8', '0', '2017-03-05 17:38:30', '2017-03-05 17:38:30', '9b474fec-3d78-47fb-bae9-fefc6aa27520'),
 ('26', '6', '81', '25', '2', '3', '1', '2017-03-05 17:38:30', '2017-03-05 17:38:30', '3ed9460e-ab7e-49e0-9e78-0b0c26dc9a4d'),
 ('27', '6', '84', '25', '4', '5', '1', '2017-03-05 17:38:47', '2017-03-05 17:38:47', '0b43c17a-b465-4b08-9b20-724f548cf402'),
 ('28', '6', '87', '25', '6', '7', '1', '2017-03-05 17:39:07', '2017-03-05 17:39:07', '5ff19137-8e4e-4b3c-9c71-d79872285e54'),
 ('29', '7', NULL, '29', '1', '6', '0', '2017-03-05 17:58:56', '2017-03-05 17:58:56', 'f1bf0f97-50ea-4593-b4f6-e1b72aca3a24'),
 ('30', '7', '88', '29', '2', '3', '1', '2017-03-05 17:58:56', '2017-03-05 17:58:56', '52841c92-4b31-4b09-ad55-6049626616b1'),
 ('31', '7', '89', '29', '4', '5', '1', '2017-03-05 17:59:09', '2017-03-05 17:59:09', '075be88d-49eb-4e6e-846d-0be9079912a0'),
 ('32', '8', NULL, '32', '1', '6', '0', '2017-03-05 18:02:52', '2017-03-05 18:02:52', '3b57e4b7-0ec3-43a9-b679-b3a8e3c837fa'),
 ('33', '8', '90', '32', '4', '5', '1', '2017-03-05 18:02:52', '2017-03-05 18:02:52', '7fc02748-1250-425c-a7cc-160f7b7224fc'),
 ('34', '8', '91', '32', '2', '3', '1', '2017-03-05 18:03:14', '2017-03-05 18:03:14', '2be6a6ba-5143-4d64-aa7c-c32a57275628');



DROP TABLE IF EXISTS `craft_structures`;


--
-- Schema for table `craft_structures`
--
CREATE TABLE `craft_structures` (
  `id` int(11) NOT NULL AUTO_INCREMENT,
  `maxLevels` smallint(6) unsigned DEFAULT NULL,
  `dateCreated` datetime NOT NULL,
  `dateUpdated` datetime NOT NULL,
  `uid` char(36) COLLATE utf8_unicode_ci NOT NULL DEFAULT '0',
  PRIMARY KEY (`id`)
) ENGINE=InnoDB AUTO_INCREMENT=9 DEFAULT CHARSET=utf8 COLLATE=utf8_unicode_ci;

--
-- Data for table `craft_structures`
--

INSERT INTO `craft_structures` (`id`, `maxLevels`, `dateCreated`, `dateUpdated`, `uid`) VALUES
 ('1', '1', '2017-03-04 22:42:42', '2017-03-04 22:42:42', '5a0367a6-03f7-4ae6-8168-62ba8d56f2e3'),
 ('3', NULL, '2017-03-05 03:09:31', '2017-03-05 03:09:31', '83a60148-5b68-4032-b80c-45362a37b5aa'),
 ('4', '3', '2017-03-05 03:26:27', '2017-03-05 03:26:27', '1564d98e-5367-4084-b73a-0c7d8ca750e3'),
 ('5', '6', '2017-03-05 04:11:08', '2017-03-05 04:11:08', '697f6f46-59cf-4256-80f1-ab10666d1fa1'),
 ('6', NULL, '2017-03-05 17:31:55', '2017-03-05 17:31:55', 'ae0ca116-1e4f-4447-9005-be4fc58f83d8'),
 ('7', NULL, '2017-03-05 17:57:55', '2017-03-05 17:57:55', '2e94a4ac-c3d4-4be4-8675-ceb0b309d70b'),
 ('8', NULL, '2017-03-05 18:01:51', '2017-03-05 18:01:51', 'c0eef593-111d-40c3-9ca9-0fbb2d68fc2f');



DROP TABLE IF EXISTS `craft_systemsettings`;


--
-- Schema for table `craft_systemsettings`
--
CREATE TABLE `craft_systemsettings` (
  `id` int(11) NOT NULL AUTO_INCREMENT,
  `category` varchar(15) COLLATE utf8_unicode_ci NOT NULL,
  `settings` text COLLATE utf8_unicode_ci,
  `dateCreated` datetime NOT NULL,
  `dateUpdated` datetime NOT NULL,
  `uid` char(36) COLLATE utf8_unicode_ci NOT NULL DEFAULT '0',
  PRIMARY KEY (`id`),
  UNIQUE KEY `craft_systemsettings_category_unq_idx` (`category`)
) ENGINE=InnoDB AUTO_INCREMENT=2 DEFAULT CHARSET=utf8 COLLATE=utf8_unicode_ci;

--
-- Data for table `craft_systemsettings`
--

INSERT INTO `craft_systemsettings` (`id`, `category`, `settings`, `dateCreated`, `dateUpdated`, `uid`) VALUES
 ('1', 'email', '{\"protocol\":\"php\",\"emailAddress\":\"joe.waine@gmail.com\",\"senderName\":\"MBAR\"}', '2017-03-04 21:05:19', '2017-03-04 21:05:19', 'de3f8604-8f1d-49eb-b516-e37e86ef365d');



DROP TABLE IF EXISTS `craft_taggroups`;


--
-- Schema for table `craft_taggroups`
--
CREATE TABLE `craft_taggroups` (
  `id` int(11) NOT NULL AUTO_INCREMENT,
  `name` varchar(255) COLLATE utf8_unicode_ci NOT NULL,
  `handle` varchar(255) COLLATE utf8_unicode_ci NOT NULL,
  `fieldLayoutId` int(10) DEFAULT NULL,
  `dateCreated` datetime NOT NULL,
  `dateUpdated` datetime NOT NULL,
  `uid` char(36) COLLATE utf8_unicode_ci NOT NULL DEFAULT '0',
  PRIMARY KEY (`id`),
  UNIQUE KEY `craft_taggroups_name_unq_idx` (`name`),
  UNIQUE KEY `craft_taggroups_handle_unq_idx` (`handle`),
  KEY `craft_taggroups_fieldLayoutId_fk` (`fieldLayoutId`)
) ENGINE=InnoDB AUTO_INCREMENT=2 DEFAULT CHARSET=utf8 COLLATE=utf8_unicode_ci;

--
-- Data for table `craft_taggroups`
--

INSERT INTO `craft_taggroups` (`id`, `name`, `handle`, `fieldLayoutId`, `dateCreated`, `dateUpdated`, `uid`) VALUES
 ('1', 'Default', 'default', '1', '2017-03-04 21:05:19', '2017-03-04 21:05:19', 'c217c9e6-de4b-42ee-8beb-b429eaaeaf1a');



DROP TABLE IF EXISTS `craft_tags`;


--
-- Schema for table `craft_tags`
--
CREATE TABLE `craft_tags` (
  `id` int(11) NOT NULL,
  `groupId` int(11) NOT NULL,
  `dateCreated` datetime NOT NULL,
  `dateUpdated` datetime NOT NULL,
  `uid` char(36) COLLATE utf8_unicode_ci NOT NULL DEFAULT '0',
  PRIMARY KEY (`id`),
  KEY `craft_tags_groupId_fk` (`groupId`)
) ENGINE=InnoDB DEFAULT CHARSET=utf8 COLLATE=utf8_unicode_ci;

DROP TABLE IF EXISTS `craft_tasks`;


--
-- Schema for table `craft_tasks`
--
CREATE TABLE `craft_tasks` (
  `id` int(11) NOT NULL AUTO_INCREMENT,
  `root` int(11) unsigned DEFAULT NULL,
  `lft` int(11) unsigned NOT NULL,
  `rgt` int(11) unsigned NOT NULL,
  `level` smallint(6) unsigned NOT NULL,
  `currentStep` int(11) unsigned DEFAULT NULL,
  `totalSteps` int(11) unsigned DEFAULT NULL,
  `status` enum('pending','error','running') COLLATE utf8_unicode_ci DEFAULT NULL,
  `type` varchar(150) COLLATE utf8_unicode_ci NOT NULL,
  `description` varchar(255) COLLATE utf8_unicode_ci DEFAULT NULL,
  `settings` mediumtext COLLATE utf8_unicode_ci,
  `dateCreated` datetime NOT NULL,
  `dateUpdated` datetime NOT NULL,
  `uid` char(36) COLLATE utf8_unicode_ci NOT NULL DEFAULT '0',
  PRIMARY KEY (`id`),
  KEY `craft_tasks_root_idx` (`root`),
  KEY `craft_tasks_lft_idx` (`lft`),
  KEY `craft_tasks_rgt_idx` (`rgt`),
  KEY `craft_tasks_level_idx` (`level`)
) ENGINE=InnoDB AUTO_INCREMENT=3 DEFAULT CHARSET=utf8 COLLATE=utf8_unicode_ci;

DROP TABLE IF EXISTS `craft_templatecachecriteria`;


--
-- Schema for table `craft_templatecachecriteria`
--
CREATE TABLE `craft_templatecachecriteria` (
  `id` int(11) NOT NULL AUTO_INCREMENT,
  `cacheId` int(11) NOT NULL,
  `type` varchar(150) COLLATE utf8_unicode_ci NOT NULL,
  `criteria` text COLLATE utf8_unicode_ci NOT NULL,
  PRIMARY KEY (`id`),
  KEY `craft_templatecachecriteria_cacheId_fk` (`cacheId`),
  KEY `craft_templatecachecriteria_type_idx` (`type`)
) ENGINE=InnoDB DEFAULT CHARSET=utf8 COLLATE=utf8_unicode_ci;

DROP TABLE IF EXISTS `craft_templatecacheelements`;


--
-- Schema for table `craft_templatecacheelements`
--
CREATE TABLE `craft_templatecacheelements` (
  `cacheId` int(11) NOT NULL,
  `elementId` int(11) NOT NULL,
  KEY `craft_templatecacheelements_cacheId_fk` (`cacheId`),
  KEY `craft_templatecacheelements_elementId_fk` (`elementId`)
) ENGINE=InnoDB DEFAULT CHARSET=utf8 COLLATE=utf8_unicode_ci;

DROP TABLE IF EXISTS `craft_templatecaches`;


--
-- Schema for table `craft_templatecaches`
--
CREATE TABLE `craft_templatecaches` (
  `id` int(11) NOT NULL AUTO_INCREMENT,
  `cacheKey` varchar(255) COLLATE utf8_unicode_ci NOT NULL,
  `locale` char(12) COLLATE utf8_unicode_ci NOT NULL,
  `path` varchar(255) COLLATE utf8_unicode_ci DEFAULT NULL,
  `expiryDate` datetime NOT NULL,
  `body` mediumtext COLLATE utf8_unicode_ci NOT NULL,
  PRIMARY KEY (`id`),
  KEY `craft_templatecaches_expiryDate_cacheKey_locale_path_idx` (`expiryDate`,`cacheKey`,`locale`,`path`),
  KEY `craft_templatecaches_locale_fk` (`locale`)
) ENGINE=InnoDB DEFAULT CHARSET=utf8 COLLATE=utf8_unicode_ci;

DROP TABLE IF EXISTS `craft_tokens`;


--
-- Schema for table `craft_tokens`
--
CREATE TABLE `craft_tokens` (
  `id` int(11) NOT NULL AUTO_INCREMENT,
  `token` char(32) COLLATE utf8_unicode_ci NOT NULL,
  `route` text COLLATE utf8_unicode_ci,
  `usageLimit` tinyint(3) unsigned DEFAULT NULL,
  `usageCount` tinyint(3) unsigned DEFAULT NULL,
  `expiryDate` datetime NOT NULL,
  `dateCreated` datetime NOT NULL,
  `dateUpdated` datetime NOT NULL,
  `uid` char(36) COLLATE utf8_unicode_ci NOT NULL DEFAULT '0',
  PRIMARY KEY (`id`),
  UNIQUE KEY `craft_tokens_token_unq_idx` (`token`),
  KEY `craft_tokens_expiryDate_idx` (`expiryDate`)
) ENGINE=InnoDB DEFAULT CHARSET=utf8 COLLATE=utf8_unicode_ci;

DROP TABLE IF EXISTS `craft_usergroups`;


--
-- Schema for table `craft_usergroups`
--
CREATE TABLE `craft_usergroups` (
  `id` int(11) NOT NULL AUTO_INCREMENT,
  `name` varchar(255) COLLATE utf8_unicode_ci NOT NULL,
  `handle` varchar(255) COLLATE utf8_unicode_ci NOT NULL,
  `dateCreated` datetime NOT NULL,
  `dateUpdated` datetime NOT NULL,
  `uid` char(36) COLLATE utf8_unicode_ci NOT NULL DEFAULT '0',
  PRIMARY KEY (`id`),
  UNIQUE KEY `craft_usergroups_name_unq_idx` (`name`),
  UNIQUE KEY `craft_usergroups_handle_unq_idx` (`handle`)
) ENGINE=InnoDB DEFAULT CHARSET=utf8 COLLATE=utf8_unicode_ci;

DROP TABLE IF EXISTS `craft_usergroups_users`;


--
-- Schema for table `craft_usergroups_users`
--
CREATE TABLE `craft_usergroups_users` (
  `id` int(11) NOT NULL AUTO_INCREMENT,
  `groupId` int(11) NOT NULL,
  `userId` int(11) NOT NULL,
  `dateCreated` datetime NOT NULL,
  `dateUpdated` datetime NOT NULL,
  `uid` char(36) COLLATE utf8_unicode_ci NOT NULL DEFAULT '0',
  PRIMARY KEY (`id`),
  UNIQUE KEY `craft_usergroups_users_groupId_userId_unq_idx` (`groupId`,`userId`),
  KEY `craft_usergroups_users_userId_fk` (`userId`)
) ENGINE=InnoDB DEFAULT CHARSET=utf8 COLLATE=utf8_unicode_ci;

DROP TABLE IF EXISTS `craft_userpermissions`;


--
-- Schema for table `craft_userpermissions`
--
CREATE TABLE `craft_userpermissions` (
  `id` int(11) NOT NULL AUTO_INCREMENT,
  `name` varchar(255) COLLATE utf8_unicode_ci NOT NULL,
  `dateCreated` datetime NOT NULL,
  `dateUpdated` datetime NOT NULL,
  `uid` char(36) COLLATE utf8_unicode_ci NOT NULL DEFAULT '0',
  PRIMARY KEY (`id`),
  UNIQUE KEY `craft_userpermissions_name_unq_idx` (`name`)
) ENGINE=InnoDB DEFAULT CHARSET=utf8 COLLATE=utf8_unicode_ci;

DROP TABLE IF EXISTS `craft_userpermissions_usergroups`;


--
-- Schema for table `craft_userpermissions_usergroups`
--
CREATE TABLE `craft_userpermissions_usergroups` (
  `id` int(11) NOT NULL AUTO_INCREMENT,
  `permissionId` int(11) NOT NULL,
  `groupId` int(11) NOT NULL,
  `dateCreated` datetime NOT NULL,
  `dateUpdated` datetime NOT NULL,
  `uid` char(36) COLLATE utf8_unicode_ci NOT NULL DEFAULT '0',
  PRIMARY KEY (`id`),
  UNIQUE KEY `craft_userpermissions_usergroups_permissionId_groupId_unq_idx` (`permissionId`,`groupId`),
  KEY `craft_userpermissions_usergroups_groupId_fk` (`groupId`)
) ENGINE=InnoDB DEFAULT CHARSET=utf8 COLLATE=utf8_unicode_ci;

DROP TABLE IF EXISTS `craft_userpermissions_users`;


--
-- Schema for table `craft_userpermissions_users`
--
CREATE TABLE `craft_userpermissions_users` (
  `id` int(11) NOT NULL AUTO_INCREMENT,
  `permissionId` int(11) NOT NULL,
  `userId` int(11) NOT NULL,
  `dateCreated` datetime NOT NULL,
  `dateUpdated` datetime NOT NULL,
  `uid` char(36) COLLATE utf8_unicode_ci NOT NULL DEFAULT '0',
  PRIMARY KEY (`id`),
  UNIQUE KEY `craft_userpermissions_users_permissionId_userId_unq_idx` (`permissionId`,`userId`),
  KEY `craft_userpermissions_users_userId_fk` (`userId`)
) ENGINE=InnoDB DEFAULT CHARSET=utf8 COLLATE=utf8_unicode_ci;

DROP TABLE IF EXISTS `craft_users`;


--
-- Schema for table `craft_users`
--
CREATE TABLE `craft_users` (
  `id` int(11) NOT NULL,
  `username` varchar(100) COLLATE utf8_unicode_ci NOT NULL,
  `photo` varchar(100) COLLATE utf8_unicode_ci DEFAULT NULL,
  `firstName` varchar(100) COLLATE utf8_unicode_ci DEFAULT NULL,
  `lastName` varchar(100) COLLATE utf8_unicode_ci DEFAULT NULL,
  `email` varchar(255) COLLATE utf8_unicode_ci NOT NULL,
  `password` char(255) COLLATE utf8_unicode_ci DEFAULT NULL,
  `preferredLocale` char(12) COLLATE utf8_unicode_ci DEFAULT NULL,
  `weekStartDay` tinyint(1) unsigned NOT NULL DEFAULT '0',
  `admin` tinyint(1) unsigned NOT NULL DEFAULT '0',
  `client` tinyint(1) unsigned NOT NULL DEFAULT '0',
  `locked` tinyint(1) unsigned NOT NULL DEFAULT '0',
  `suspended` tinyint(1) unsigned NOT NULL DEFAULT '0',
  `pending` tinyint(1) unsigned NOT NULL DEFAULT '0',
  `archived` tinyint(1) unsigned NOT NULL DEFAULT '0',
  `lastLoginDate` datetime DEFAULT NULL,
  `lastLoginAttemptIPAddress` varchar(45) COLLATE utf8_unicode_ci DEFAULT NULL,
  `invalidLoginWindowStart` datetime DEFAULT NULL,
  `invalidLoginCount` tinyint(4) unsigned DEFAULT NULL,
  `lastInvalidLoginDate` datetime DEFAULT NULL,
  `lockoutDate` datetime DEFAULT NULL,
  `verificationCode` char(100) COLLATE utf8_unicode_ci DEFAULT NULL,
  `verificationCodeIssuedDate` datetime DEFAULT NULL,
  `unverifiedEmail` varchar(255) COLLATE utf8_unicode_ci DEFAULT NULL,
  `passwordResetRequired` tinyint(1) unsigned NOT NULL DEFAULT '0',
  `lastPasswordChangeDate` datetime DEFAULT NULL,
  `dateCreated` datetime NOT NULL,
  `dateUpdated` datetime NOT NULL,
  `uid` char(36) COLLATE utf8_unicode_ci NOT NULL DEFAULT '0',
  PRIMARY KEY (`id`),
  UNIQUE KEY `craft_users_username_unq_idx` (`username`),
  UNIQUE KEY `craft_users_email_unq_idx` (`email`),
  KEY `craft_users_verificationCode_idx` (`verificationCode`),
  KEY `craft_users_uid_idx` (`uid`),
  KEY `craft_users_preferredLocale_fk` (`preferredLocale`)
) ENGINE=InnoDB DEFAULT CHARSET=utf8 COLLATE=utf8_unicode_ci;

--
-- Data for table `craft_users`
--

INSERT INTO `craft_users` (`id`, `username`, `photo`, `firstName`, `lastName`, `email`, `password`, `preferredLocale`, `weekStartDay`, `admin`, `client`, `locked`, `suspended`, `pending`, `archived`, `lastLoginDate`, `lastLoginAttemptIPAddress`, `invalidLoginWindowStart`, `invalidLoginCount`, `lastInvalidLoginDate`, `lockoutDate`, `verificationCode`, `verificationCodeIssuedDate`, `unverifiedEmail`, `passwordResetRequired`, `lastPasswordChangeDate`, `dateCreated`, `dateUpdated`, `uid`) VALUES
 ('1', 'webmasterSeattle', NULL, NULL, NULL, 'joe.waine@gmail.com', '$2y$13$Msh7kKMxGIMoetgFTz5lSOrAiKyrPdNmWQg.AqYf2pwSayniOCUHa', NULL, '0', '1', '0', '0', '0', '0', '0', '2017-03-13 22:11:29', '::1', NULL, NULL, NULL, NULL, NULL, NULL, NULL, '0', '2017-03-04 21:05:16', '2017-03-04 21:05:16', '2017-03-13 22:11:29', 'bdc63deb-66e6-4575-b801-c56ec1943536');



DROP TABLE IF EXISTS `craft_widgets`;


--
-- Schema for table `craft_widgets`
--
CREATE TABLE `craft_widgets` (
  `id` int(11) NOT NULL AUTO_INCREMENT,
  `userId` int(11) NOT NULL,
  `type` varchar(150) COLLATE utf8_unicode_ci NOT NULL,
  `sortOrder` smallint(6) unsigned DEFAULT NULL,
  `colspan` tinyint(4) unsigned DEFAULT NULL,
  `settings` text COLLATE utf8_unicode_ci,
  `enabled` tinyint(1) unsigned NOT NULL DEFAULT '1',
  `dateCreated` datetime NOT NULL,
  `dateUpdated` datetime NOT NULL,
  `uid` char(36) COLLATE utf8_unicode_ci NOT NULL DEFAULT '0',
  PRIMARY KEY (`id`),
  KEY `craft_widgets_userId_fk` (`userId`)
) ENGINE=InnoDB AUTO_INCREMENT=5 DEFAULT CHARSET=utf8 COLLATE=utf8_unicode_ci;

--
-- Data for table `craft_widgets`
--

INSERT INTO `craft_widgets` (`id`, `userId`, `type`, `sortOrder`, `colspan`, `settings`, `enabled`, `dateCreated`, `dateUpdated`, `uid`) VALUES
 ('1', '1', 'RecentEntries', '1', NULL, NULL, '1', '2017-03-04 21:05:27', '2017-03-04 21:05:27', 'c66d1e51-5efc-4346-b533-cd5923c1ca76'),
 ('2', '1', 'GetHelp', '2', NULL, NULL, '1', '2017-03-04 21:05:27', '2017-03-04 21:05:27', 'ed1d5eba-5229-4e62-b78e-7e6c720c70a6'),
 ('3', '1', 'Updates', '3', NULL, NULL, '1', '2017-03-04 21:05:27', '2017-03-04 21:05:27', '5d23abc3-b96e-440a-ae4c-31cb377c467c'),
 ('4', '1', 'Feed', '4', NULL, '{\"url\":\"https:\\/\\/craftcms.com\\/news.rss\",\"title\":\"Craft News\"}', '1', '2017-03-04 21:05:27', '2017-03-04 21:05:27', '988c4947-2a7b-4905-8699-8551668711b7');


--
-- Constraints for tables
--


--
-- Constraints for table `craft_assetfiles`
--
ALTER TABLE `craft_assetfiles`
	ADD CONSTRAINT `craft_assetfiles_folderId_fk` FOREIGN KEY (`folderId`) REFERENCES `craft_assetfolders` (`id`) ON DELETE CASCADE,
	ADD CONSTRAINT `craft_assetfiles_id_fk` FOREIGN KEY (`id`) REFERENCES `craft_elements` (`id`) ON DELETE CASCADE,
	ADD CONSTRAINT `craft_assetfiles_sourceId_fk` FOREIGN KEY (`sourceId`) REFERENCES `craft_assetsources` (`id`) ON DELETE CASCADE;

--
-- Constraints for table `craft_assetfolders`
--
ALTER TABLE `craft_assetfolders`
	ADD CONSTRAINT `craft_assetfolders_parentId_fk` FOREIGN KEY (`parentId`) REFERENCES `craft_assetfolders` (`id`) ON DELETE CASCADE,
	ADD CONSTRAINT `craft_assetfolders_sourceId_fk` FOREIGN KEY (`sourceId`) REFERENCES `craft_assetsources` (`id`) ON DELETE CASCADE;

--
-- Constraints for table `craft_assetindexdata`
--
ALTER TABLE `craft_assetindexdata`
	ADD CONSTRAINT `craft_assetindexdata_sourceId_fk` FOREIGN KEY (`sourceId`) REFERENCES `craft_assetsources` (`id`) ON DELETE CASCADE;

--
-- Constraints for table `craft_assetsources`
--
ALTER TABLE `craft_assetsources`
	ADD CONSTRAINT `craft_assetsources_fieldLayoutId_fk` FOREIGN KEY (`fieldLayoutId`) REFERENCES `craft_fieldlayouts` (`id`) ON DELETE SET NULL;

--
-- Constraints for table `craft_categories`
--
ALTER TABLE `craft_categories`
	ADD CONSTRAINT `craft_categories_groupId_fk` FOREIGN KEY (`groupId`) REFERENCES `craft_categorygroups` (`id`) ON DELETE CASCADE,
	ADD CONSTRAINT `craft_categories_id_fk` FOREIGN KEY (`id`) REFERENCES `craft_elements` (`id`) ON DELETE CASCADE;

--
-- Constraints for table `craft_categorygroups`
--
ALTER TABLE `craft_categorygroups`
	ADD CONSTRAINT `craft_categorygroups_fieldLayoutId_fk` FOREIGN KEY (`fieldLayoutId`) REFERENCES `craft_fieldlayouts` (`id`) ON DELETE SET NULL,
	ADD CONSTRAINT `craft_categorygroups_structureId_fk` FOREIGN KEY (`structureId`) REFERENCES `craft_structures` (`id`) ON DELETE CASCADE;

--
-- Constraints for table `craft_categorygroups_i18n`
--
ALTER TABLE `craft_categorygroups_i18n`
	ADD CONSTRAINT `craft_categorygroups_i18n_groupId_fk` FOREIGN KEY (`groupId`) REFERENCES `craft_categorygroups` (`id`) ON DELETE CASCADE,
	ADD CONSTRAINT `craft_categorygroups_i18n_locale_fk` FOREIGN KEY (`locale`) REFERENCES `craft_locales` (`locale`) ON DELETE CASCADE ON UPDATE CASCADE;

--
-- Constraints for table `craft_content`
--
ALTER TABLE `craft_content`
	ADD CONSTRAINT `craft_content_elementId_fk` FOREIGN KEY (`elementId`) REFERENCES `craft_elements` (`id`) ON DELETE CASCADE,
	ADD CONSTRAINT `craft_content_locale_fk` FOREIGN KEY (`locale`) REFERENCES `craft_locales` (`locale`) ON DELETE CASCADE ON UPDATE CASCADE;

--
-- Constraints for table `craft_elements_i18n`
--
ALTER TABLE `craft_elements_i18n`
	ADD CONSTRAINT `craft_elements_i18n_elementId_fk` FOREIGN KEY (`elementId`) REFERENCES `craft_elements` (`id`) ON DELETE CASCADE,
	ADD CONSTRAINT `craft_elements_i18n_locale_fk` FOREIGN KEY (`locale`) REFERENCES `craft_locales` (`locale`) ON DELETE CASCADE ON UPDATE CASCADE;

--
-- Constraints for table `craft_emailmessages`
--
ALTER TABLE `craft_emailmessages`
	ADD CONSTRAINT `craft_emailmessages_locale_fk` FOREIGN KEY (`locale`) REFERENCES `craft_locales` (`locale`) ON DELETE CASCADE ON UPDATE CASCADE;

--
-- Constraints for table `craft_entries`
--
ALTER TABLE `craft_entries`
	ADD CONSTRAINT `craft_entries_authorId_fk` FOREIGN KEY (`authorId`) REFERENCES `craft_users` (`id`) ON DELETE CASCADE,
	ADD CONSTRAINT `craft_entries_id_fk` FOREIGN KEY (`id`) REFERENCES `craft_elements` (`id`) ON DELETE CASCADE,
	ADD CONSTRAINT `craft_entries_sectionId_fk` FOREIGN KEY (`sectionId`) REFERENCES `craft_sections` (`id`) ON DELETE CASCADE,
	ADD CONSTRAINT `craft_entries_typeId_fk` FOREIGN KEY (`typeId`) REFERENCES `craft_entrytypes` (`id`) ON DELETE CASCADE;

--
-- Constraints for table `craft_entrydrafts`
--
ALTER TABLE `craft_entrydrafts`
	ADD CONSTRAINT `craft_entrydrafts_creatorId_fk` FOREIGN KEY (`creatorId`) REFERENCES `craft_users` (`id`) ON DELETE CASCADE,
	ADD CONSTRAINT `craft_entrydrafts_entryId_fk` FOREIGN KEY (`entryId`) REFERENCES `craft_entries` (`id`) ON DELETE CASCADE,
	ADD CONSTRAINT `craft_entrydrafts_locale_fk` FOREIGN KEY (`locale`) REFERENCES `craft_locales` (`locale`) ON DELETE CASCADE ON UPDATE CASCADE,
	ADD CONSTRAINT `craft_entrydrafts_sectionId_fk` FOREIGN KEY (`sectionId`) REFERENCES `craft_sections` (`id`) ON DELETE CASCADE;

--
-- Constraints for table `craft_entrytypes`
--
ALTER TABLE `craft_entrytypes`
	ADD CONSTRAINT `craft_entrytypes_fieldLayoutId_fk` FOREIGN KEY (`fieldLayoutId`) REFERENCES `craft_fieldlayouts` (`id`) ON DELETE SET NULL,
	ADD CONSTRAINT `craft_entrytypes_sectionId_fk` FOREIGN KEY (`sectionId`) REFERENCES `craft_sections` (`id`) ON DELETE CASCADE;

--
-- Constraints for table `craft_entryversions`
--
ALTER TABLE `craft_entryversions`
	ADD CONSTRAINT `craft_entryversions_creatorId_fk` FOREIGN KEY (`creatorId`) REFERENCES `craft_users` (`id`) ON DELETE SET NULL,
	ADD CONSTRAINT `craft_entryversions_entryId_fk` FOREIGN KEY (`entryId`) REFERENCES `craft_entries` (`id`) ON DELETE CASCADE,
	ADD CONSTRAINT `craft_entryversions_locale_fk` FOREIGN KEY (`locale`) REFERENCES `craft_locales` (`locale`) ON DELETE CASCADE ON UPDATE CASCADE,
	ADD CONSTRAINT `craft_entryversions_sectionId_fk` FOREIGN KEY (`sectionId`) REFERENCES `craft_sections` (`id`) ON DELETE CASCADE;

--
-- Constraints for table `craft_fieldlayoutfields`
--
ALTER TABLE `craft_fieldlayoutfields`
	ADD CONSTRAINT `craft_fieldlayoutfields_fieldId_fk` FOREIGN KEY (`fieldId`) REFERENCES `craft_fields` (`id`) ON DELETE CASCADE,
	ADD CONSTRAINT `craft_fieldlayoutfields_layoutId_fk` FOREIGN KEY (`layoutId`) REFERENCES `craft_fieldlayouts` (`id`) ON DELETE CASCADE,
	ADD CONSTRAINT `craft_fieldlayoutfields_tabId_fk` FOREIGN KEY (`tabId`) REFERENCES `craft_fieldlayouttabs` (`id`) ON DELETE CASCADE;

--
-- Constraints for table `craft_fieldlayouttabs`
--
ALTER TABLE `craft_fieldlayouttabs`
	ADD CONSTRAINT `craft_fieldlayouttabs_layoutId_fk` FOREIGN KEY (`layoutId`) REFERENCES `craft_fieldlayouts` (`id`) ON DELETE CASCADE;

--
-- Constraints for table `craft_fields`
--
ALTER TABLE `craft_fields`
	ADD CONSTRAINT `craft_fields_groupId_fk` FOREIGN KEY (`groupId`) REFERENCES `craft_fieldgroups` (`id`) ON DELETE CASCADE;

--
-- Constraints for table `craft_globalsets`
--
ALTER TABLE `craft_globalsets`
	ADD CONSTRAINT `craft_globalsets_fieldLayoutId_fk` FOREIGN KEY (`fieldLayoutId`) REFERENCES `craft_fieldlayouts` (`id`) ON DELETE SET NULL,
	ADD CONSTRAINT `craft_globalsets_id_fk` FOREIGN KEY (`id`) REFERENCES `craft_elements` (`id`) ON DELETE CASCADE;

--
-- Constraints for table `craft_matrixblocks`
--
ALTER TABLE `craft_matrixblocks`
	ADD CONSTRAINT `craft_matrixblocks_fieldId_fk` FOREIGN KEY (`fieldId`) REFERENCES `craft_fields` (`id`) ON DELETE CASCADE,
	ADD CONSTRAINT `craft_matrixblocks_id_fk` FOREIGN KEY (`id`) REFERENCES `craft_elements` (`id`) ON DELETE CASCADE,
	ADD CONSTRAINT `craft_matrixblocks_ownerId_fk` FOREIGN KEY (`ownerId`) REFERENCES `craft_elements` (`id`) ON DELETE CASCADE,
	ADD CONSTRAINT `craft_matrixblocks_ownerLocale_fk` FOREIGN KEY (`ownerLocale`) REFERENCES `craft_locales` (`locale`) ON DELETE CASCADE ON UPDATE CASCADE,
	ADD CONSTRAINT `craft_matrixblocks_typeId_fk` FOREIGN KEY (`typeId`) REFERENCES `craft_matrixblocktypes` (`id`) ON DELETE CASCADE;

--
-- Constraints for table `craft_matrixblocktypes`
--
ALTER TABLE `craft_matrixblocktypes`
	ADD CONSTRAINT `craft_matrixblocktypes_fieldId_fk` FOREIGN KEY (`fieldId`) REFERENCES `craft_fields` (`id`) ON DELETE CASCADE,
	ADD CONSTRAINT `craft_matrixblocktypes_fieldLayoutId_fk` FOREIGN KEY (`fieldLayoutId`) REFERENCES `craft_fieldlayouts` (`id`) ON DELETE SET NULL;

--
-- Constraints for table `craft_matrixcontent_foodmenu`
--
ALTER TABLE `craft_matrixcontent_foodmenu`
	ADD CONSTRAINT `craft_matrixcontent_foodmenu_elementId_fk` FOREIGN KEY (`elementId`) REFERENCES `craft_elements` (`id`) ON DELETE CASCADE,
	ADD CONSTRAINT `craft_matrixcontent_foodmenu_locale_fk` FOREIGN KEY (`locale`) REFERENCES `craft_locales` (`locale`) ON DELETE CASCADE ON UPDATE CASCADE;

--
-- Constraints for table `craft_matrixcontent_homepagemodules`
--
ALTER TABLE `craft_matrixcontent_homepagemodules`
	ADD CONSTRAINT `craft_matrixcontent_homepagemodules_elementId_fk` FOREIGN KEY (`elementId`) REFERENCES `craft_elements` (`id`) ON DELETE CASCADE,
	ADD CONSTRAINT `craft_matrixcontent_homepagemodules_locale_fk` FOREIGN KEY (`locale`) REFERENCES `craft_locales` (`locale`) ON DELETE CASCADE ON UPDATE CASCADE;

--
-- Constraints for table `craft_matrixcontent_menugroup`
--
ALTER TABLE `craft_matrixcontent_menugroup`
	ADD CONSTRAINT `craft_matrixcontent_menugroup_elementId_fk` FOREIGN KEY (`elementId`) REFERENCES `craft_elements` (`id`) ON DELETE CASCADE,
	ADD CONSTRAINT `craft_matrixcontent_menugroup_locale_fk` FOREIGN KEY (`locale`) REFERENCES `craft_locales` (`locale`) ON DELETE CASCADE ON UPDATE CASCADE;

--
-- Constraints for table `craft_matrixcontent_topnavigation`
--
ALTER TABLE `craft_matrixcontent_topnavigation`
	ADD CONSTRAINT `craft_matrixcontent_topnavigation_elementId_fk` FOREIGN KEY (`elementId`) REFERENCES `craft_elements` (`id`) ON DELETE CASCADE,
	ADD CONSTRAINT `craft_matrixcontent_topnavigation_locale_fk` FOREIGN KEY (`locale`) REFERENCES `craft_locales` (`locale`) ON DELETE CASCADE ON UPDATE CASCADE;

--
-- Constraints for table `craft_migrations`
--
ALTER TABLE `craft_migrations`
	ADD CONSTRAINT `craft_migrations_pluginId_fk` FOREIGN KEY (`pluginId`) REFERENCES `craft_plugins` (`id`) ON DELETE CASCADE;

--
-- Constraints for table `craft_relations`
--
ALTER TABLE `craft_relations`
	ADD CONSTRAINT `craft_relations_fieldId_fk` FOREIGN KEY (`fieldId`) REFERENCES `craft_fields` (`id`) ON DELETE CASCADE,
	ADD CONSTRAINT `craft_relations_sourceId_fk` FOREIGN KEY (`sourceId`) REFERENCES `craft_elements` (`id`) ON DELETE CASCADE,
	ADD CONSTRAINT `craft_relations_sourceLocale_fk` FOREIGN KEY (`sourceLocale`) REFERENCES `craft_locales` (`locale`) ON DELETE CASCADE ON UPDATE CASCADE,
	ADD CONSTRAINT `craft_relations_targetId_fk` FOREIGN KEY (`targetId`) REFERENCES `craft_elements` (`id`) ON DELETE CASCADE;

--
-- Constraints for table `craft_routes`
--
ALTER TABLE `craft_routes`
	ADD CONSTRAINT `craft_routes_locale_fk` FOREIGN KEY (`locale`) REFERENCES `craft_locales` (`locale`) ON DELETE CASCADE ON UPDATE CASCADE;

--
-- Constraints for table `craft_sections`
--
ALTER TABLE `craft_sections`
	ADD CONSTRAINT `craft_sections_structureId_fk` FOREIGN KEY (`structureId`) REFERENCES `craft_structures` (`id`) ON DELETE SET NULL;

--
-- Constraints for table `craft_sections_i18n`
--
ALTER TABLE `craft_sections_i18n`
	ADD CONSTRAINT `craft_sections_i18n_locale_fk` FOREIGN KEY (`locale`) REFERENCES `craft_locales` (`locale`) ON DELETE CASCADE ON UPDATE CASCADE,
	ADD CONSTRAINT `craft_sections_i18n_sectionId_fk` FOREIGN KEY (`sectionId`) REFERENCES `craft_sections` (`id`) ON DELETE CASCADE;

--
-- Constraints for table `craft_sessions`
--
ALTER TABLE `craft_sessions`
	ADD CONSTRAINT `craft_sessions_userId_fk` FOREIGN KEY (`userId`) REFERENCES `craft_users` (`id`) ON DELETE CASCADE;

--
-- Constraints for table `craft_shunnedmessages`
--
ALTER TABLE `craft_shunnedmessages`
	ADD CONSTRAINT `craft_shunnedmessages_userId_fk` FOREIGN KEY (`userId`) REFERENCES `craft_users` (`id`) ON DELETE CASCADE;

--
-- Constraints for table `craft_structureelements`
--
ALTER TABLE `craft_structureelements`
	ADD CONSTRAINT `craft_structureelements_elementId_fk` FOREIGN KEY (`elementId`) REFERENCES `craft_elements` (`id`) ON DELETE CASCADE,
	ADD CONSTRAINT `craft_structureelements_structureId_fk` FOREIGN KEY (`structureId`) REFERENCES `craft_structures` (`id`) ON DELETE CASCADE;

--
-- Constraints for table `craft_taggroups`
--
ALTER TABLE `craft_taggroups`
	ADD CONSTRAINT `craft_taggroups_fieldLayoutId_fk` FOREIGN KEY (`fieldLayoutId`) REFERENCES `craft_fieldlayouts` (`id`) ON DELETE SET NULL;

--
-- Constraints for table `craft_tags`
--
ALTER TABLE `craft_tags`
	ADD CONSTRAINT `craft_tags_groupId_fk` FOREIGN KEY (`groupId`) REFERENCES `craft_taggroups` (`id`) ON DELETE CASCADE,
	ADD CONSTRAINT `craft_tags_id_fk` FOREIGN KEY (`id`) REFERENCES `craft_elements` (`id`) ON DELETE CASCADE;

--
-- Constraints for table `craft_templatecachecriteria`
--
ALTER TABLE `craft_templatecachecriteria`
	ADD CONSTRAINT `craft_templatecachecriteria_cacheId_fk` FOREIGN KEY (`cacheId`) REFERENCES `craft_templatecaches` (`id`) ON DELETE CASCADE;

--
-- Constraints for table `craft_templatecacheelements`
--
ALTER TABLE `craft_templatecacheelements`
	ADD CONSTRAINT `craft_templatecacheelements_cacheId_fk` FOREIGN KEY (`cacheId`) REFERENCES `craft_templatecaches` (`id`) ON DELETE CASCADE,
	ADD CONSTRAINT `craft_templatecacheelements_elementId_fk` FOREIGN KEY (`elementId`) REFERENCES `craft_elements` (`id`) ON DELETE CASCADE;

--
-- Constraints for table `craft_templatecaches`
--
ALTER TABLE `craft_templatecaches`
	ADD CONSTRAINT `craft_templatecaches_locale_fk` FOREIGN KEY (`locale`) REFERENCES `craft_locales` (`locale`) ON DELETE CASCADE ON UPDATE CASCADE;

--
-- Constraints for table `craft_usergroups_users`
--
ALTER TABLE `craft_usergroups_users`
	ADD CONSTRAINT `craft_usergroups_users_groupId_fk` FOREIGN KEY (`groupId`) REFERENCES `craft_usergroups` (`id`) ON DELETE CASCADE,
	ADD CONSTRAINT `craft_usergroups_users_userId_fk` FOREIGN KEY (`userId`) REFERENCES `craft_users` (`id`) ON DELETE CASCADE;

--
-- Constraints for table `craft_userpermissions_usergroups`
--
ALTER TABLE `craft_userpermissions_usergroups`
	ADD CONSTRAINT `craft_userpermissions_usergroups_groupId_fk` FOREIGN KEY (`groupId`) REFERENCES `craft_usergroups` (`id`) ON DELETE CASCADE,
	ADD CONSTRAINT `craft_userpermissions_usergroups_permissionId_fk` FOREIGN KEY (`permissionId`) REFERENCES `craft_userpermissions` (`id`) ON DELETE CASCADE;

--
-- Constraints for table `craft_userpermissions_users`
--
ALTER TABLE `craft_userpermissions_users`
	ADD CONSTRAINT `craft_userpermissions_users_permissionId_fk` FOREIGN KEY (`permissionId`) REFERENCES `craft_userpermissions` (`id`) ON DELETE CASCADE,
	ADD CONSTRAINT `craft_userpermissions_users_userId_fk` FOREIGN KEY (`userId`) REFERENCES `craft_users` (`id`) ON DELETE CASCADE;

--
-- Constraints for table `craft_users`
--
ALTER TABLE `craft_users`
	ADD CONSTRAINT `craft_users_id_fk` FOREIGN KEY (`id`) REFERENCES `craft_elements` (`id`) ON DELETE CASCADE,
	ADD CONSTRAINT `craft_users_preferredLocale_fk` FOREIGN KEY (`preferredLocale`) REFERENCES `craft_locales` (`locale`) ON DELETE SET NULL ON UPDATE CASCADE;

--
-- Constraints for table `craft_widgets`
--
ALTER TABLE `craft_widgets`
	ADD CONSTRAINT `craft_widgets_userId_fk` FOREIGN KEY (`userId`) REFERENCES `craft_users` (`id`) ON DELETE CASCADE;

SET FOREIGN_KEY_CHECKS = 1;
