-- Generated by Craft v2.6.2967 on Jun 11, 2017, 12:52:15 PM.

--
-- Disable foreign key checks and autocommit.
--

SET FOREIGN_KEY_CHECKS = 0;
SET SQL_MODE = "NO_AUTO_VALUE_ON_ZERO";
SET AUTOCOMMIT = 0;
SET NAMES utf8;


DROP TABLE IF EXISTS `craft_assetfiles`;


--
-- Schema for table `craft_assetfiles`
--
CREATE TABLE `craft_assetfiles` (
  `id` int(11) NOT NULL,
  `sourceId` int(11) DEFAULT NULL,
  `folderId` int(11) NOT NULL,
  `filename` varchar(255) COLLATE utf8_unicode_ci NOT NULL,
  `kind` varchar(50) COLLATE utf8_unicode_ci NOT NULL DEFAULT 'unknown',
  `width` int(11) unsigned DEFAULT NULL,
  `height` int(11) unsigned DEFAULT NULL,
  `size` bigint(20) unsigned DEFAULT NULL,
  `dateModified` datetime DEFAULT NULL,
  `dateCreated` datetime NOT NULL,
  `dateUpdated` datetime NOT NULL,
  `uid` char(36) COLLATE utf8_unicode_ci NOT NULL DEFAULT '0',
  PRIMARY KEY (`id`),
  UNIQUE KEY `craft_assetfiles_filename_folderId_unq_idx` (`filename`,`folderId`),
  KEY `craft_assetfiles_sourceId_fk` (`sourceId`),
  KEY `craft_assetfiles_folderId_fk` (`folderId`)
) ENGINE=InnoDB DEFAULT CHARSET=utf8 COLLATE=utf8_unicode_ci;

--
-- Data for table `craft_assetfiles`
--

INSERT INTO `craft_assetfiles` (`id`, `sourceId`, `folderId`, `filename`, `kind`, `width`, `height`, `size`, `dateModified`, `dateCreated`, `dateUpdated`, `uid`) VALUES
 ('38', '1', '1', 'member.png', 'image', '1817', '1214', '659040', '2017-03-05 00:11:09', '2017-03-05 00:11:12', '2017-03-05 00:11:12', 'd3fa4d26-8ff7-4ddf-8716-550e97dfc2ba'),
 ('44', '2', '2', 'Screen-Shot-2017-03-04-at-5.44.26-PM.png', 'image', '1309', '921', '2242035', '2017-03-05 02:10:47', '2017-03-05 02:10:47', '2017-03-05 02:10:47', '9e553099-4a9b-46ca-8f1a-3beb907e576a'),
 ('45', '2', '2', 'Screen-Shot-2017-03-04-at-6.11.07-PM.png', 'image', '676', '389', '284662', '2017-03-05 02:11:19', '2017-03-05 02:11:19', '2017-03-05 02:11:19', 'b95dc0fa-c2b2-488a-8544-9471a278c3c7'),
 ('49', '3', '3', 'about-2.jpg', 'image', '1920', '1061', '348878', '2017-03-05 02:56:35', '2017-03-05 02:56:38', '2017-03-05 02:56:38', '6d6ca912-e251-4dcf-a897-050afdc0a4c2'),
 ('51', '3', '3', 'about.jpg', 'image', '1920', '1061', '337526', '2017-03-05 02:56:43', '2017-03-05 02:56:46', '2017-03-05 02:56:46', '9e3750e1-44b5-4b8a-aa67-2be8d853b839'),
 ('59', '4', '4', 'tw.svg', 'image', '33', '33', '782', '2017-03-05 03:37:27', '2017-03-05 03:37:29', '2017-03-05 03:37:29', 'fabe6f7a-383c-4f7f-8c6f-86a81dd63f61'),
 ('61', '4', '4', 'ig.svg', 'image', '33', '33', '1077', '2017-03-05 03:38:02', '2017-03-05 03:38:04', '2017-03-05 03:38:04', '292b6a1b-efec-418a-a75b-da4a5b394428'),
 ('64', '4', '4', 'fb.svg', 'image', '33', '33', '518', '2017-03-05 03:38:27', '2017-03-05 03:38:29', '2017-03-05 03:38:29', '7fbbbe22-85f7-4de1-8fdb-2c8302413adf'),
 ('80', '5', '5', 'event-slide-1.png', 'image', '752', '502', '622383', '2017-03-05 17:38:22', '2017-03-05 17:38:24', '2017-03-05 17:38:24', 'a87c6674-24da-43d9-9802-8e665b9350fc'),
 ('83', '5', '5', 'event-slide-2.png', 'image', '752', '502', '650573', '2017-03-05 17:38:42', '2017-03-05 17:38:44', '2017-03-05 17:38:44', '648d05da-bae9-41d7-828e-54f5bfae30b8'),
 ('86', '5', '5', 'event-slide-3.png', 'image', '752', '502', '783976', '2017-03-05 17:39:01', '2017-03-05 17:39:04', '2017-03-05 17:39:04', 'd57033a9-e4b9-45f1-8bfc-b276a1e517c3'),
 ('176', '5', '5', 'Pratt_Mbar-Seattle-Details-1.jpg', 'image', '5000', '3333', '1659409', '2017-03-15 21:55:25', '2017-03-15 21:55:26', '2017-03-15 21:55:26', '75048843-35cb-4677-bd47-f75bf0ca4906'),
 ('177', '5', '5', 'Pratt_Mbar-Seattle-Details-12.jpg', 'image', '5000', '3333', '1237706', '2017-03-15 21:55:28', '2017-03-15 21:55:28', '2017-03-15 21:55:28', 'b9eef87e-06b3-4d39-a281-ca5fc17d1638'),
 ('178', '5', '5', 'Pratt_Mbar-Seattle-Food-16.jpg', 'image', '5000', '3333', '2184292', '2017-03-15 21:55:31', '2017-03-15 21:55:31', '2017-03-15 21:55:31', '4fe9d801-e3ee-4e09-861f-c10a6da3ca45'),
 ('179', '5', '5', 'Pratt_Mbar-Seattle-Food-23.jpg', 'image', '5000', '3333', '1253638', '2017-03-15 21:55:33', '2017-03-15 21:55:33', '2017-03-15 21:55:33', 'a99d1104-fed4-47f6-bdc9-21d4c57e513a'),
 ('180', '5', '5', 'Pratt_Mbar-Seattle-Food-29.jpg', 'image', '5000', '3333', '1997248', '2017-03-15 21:55:36', '2017-03-15 21:55:36', '2017-03-15 21:55:36', '7885cb15-8135-443c-abf2-cffacecf0826'),
 ('181', '5', '5', 'Pratt_Mbar-Seattle-Food-31.jpg', 'image', '5000', '3333', '996374', '2017-03-15 21:55:38', '2017-03-15 21:55:38', '2017-03-15 21:55:38', '108608c7-bdd3-4c3c-8a69-769d07c61c00'),
 ('182', '5', '5', 'Pratt_Mbar-Seattle-Food-38.jpg', 'image', '5000', '3333', '1322352', '2017-03-15 21:55:40', '2017-03-15 21:55:40', '2017-03-15 21:55:40', '901d4a2d-81ad-4709-8bdd-4b249b5e4581'),
 ('183', '5', '5', 'Pratt_Mbar-Seattle-Food-60.jpg', 'image', '5000', '3333', '1191892', '2017-03-15 21:55:42', '2017-03-15 21:55:42', '2017-03-15 21:55:42', '4804f147-c2df-4c40-b19a-ab64dbca4aa6'),
 ('184', '5', '5', 'Pratt_Mbar-Seattle-Food-64.jpg', 'image', '5000', '3333', '1887847', '2017-03-15 21:55:44', '2017-03-15 21:55:44', '2017-03-15 21:55:44', '8132db65-8063-4243-8c3d-88d0fa4e0f79'),
 ('185', '5', '5', 'Pratt_Mbar-Seattle-Food-65.jpg', 'image', '5000', '3333', '2800547', '2017-03-15 21:55:47', '2017-03-15 21:55:48', '2017-03-15 21:55:48', '55feb022-0368-40af-aeb5-5ac5ec2e2890'),
 ('186', '5', '5', 'Pratt_Mbar-Seattle-Interior-Exterior-1.jpg', 'image', '5000', '3333', '2631539', '2017-03-15 21:55:51', '2017-03-15 21:55:51', '2017-03-15 21:55:51', '98c16512-5aba-4f3e-b0de-23a0ac8392cf'),
 ('187', '5', '5', 'Pratt_Mbar-Seattle-Interior-Exterior-2.jpg', 'image', '5000', '3333', '2758372', '2017-03-15 21:55:54', '2017-03-15 21:55:54', '2017-03-15 21:55:54', 'aed06371-62c5-4e65-8f8b-41c9e156bee2'),
 ('188', '5', '5', 'Pratt_Mbar-Seattle-Interior-Exterior-5.jpg', 'image', '5000', '3333', '2068670', '2017-03-15 21:55:56', '2017-03-15 21:55:56', '2017-03-15 21:55:56', 'd5870976-decd-4ae0-93d9-804c12ecc565'),
 ('189', '5', '5', 'Pratt_Mbar-Seattle-Interior-Exterior-6.jpg', 'image', '5000', '3333', '2357205', '2017-03-15 21:55:58', '2017-03-15 21:55:59', '2017-03-15 21:55:59', '5cb0888b-dcbf-49df-892b-2d226b3fb6a2'),
 ('190', '5', '5', 'Pratt_Mbar-Seattle-Interior-Exterior-8.jpg', 'image', '5000', '3333', '2848158', '2017-03-15 21:56:01', '2017-03-15 21:56:02', '2017-03-15 21:56:02', 'a097229c-615e-4058-8701-3cb480661e55'),
 ('191', '5', '5', 'Pratt_Mbar-Seattle-Interior-Exterior-12.jpg', 'image', '5000', '3333', '3156790', '2017-03-15 21:56:05', '2017-03-15 21:56:05', '2017-03-15 21:56:05', '1bb6875f-1715-4ea8-850b-e3f5de8f0c6e'),
 ('192', '5', '5', 'Pratt_Mbar-Seattle-Interior-Exterior-14.jpg', 'image', '5000', '3333', '2963685', '2017-04-06 19:53:07', '2017-03-15 21:56:08', '2017-04-06 19:53:12', 'b7fc36d0-831f-468d-8eec-5be8a21bc85d'),
 ('193', '5', '5', 'Pratt_Mbar-Seattle-Interior-Exterior-19.jpg', 'image', '5000', '3333', '2348800', '2017-03-15 21:56:11', '2017-03-15 21:56:11', '2017-03-15 21:56:11', '7ae265c2-b1f7-48ee-a448-00ffdee44050'),
 ('194', '5', '5', 'Pratt_Mbar-Seattle-Interior-Exterior-23.jpg', 'image', '5000', '3333', '2081752', '2017-03-15 21:56:13', '2017-03-15 21:56:13', '2017-03-15 21:56:13', 'c833c47d-df9f-40b9-ae8e-4859b47419d7'),
 ('195', '5', '5', 'Pratt_Mbar-Seattle-Interior-Exterior-25.jpg', 'image', '3333', '5000', '1919301', '2017-03-15 21:56:15', '2017-03-15 21:56:15', '2017-03-15 21:56:15', '36e6124b-cc34-4827-86cd-91d36edde91e'),
 ('196', '5', '5', 'Pratt_Mbar-Seattle-Interior-Exterior-28.jpg', 'image', '5000', '3333', '3197555', '2017-03-15 21:56:18', '2017-03-15 21:56:19', '2017-03-15 21:56:19', '42b46a5d-1424-420f-a2f8-db08f692729f'),
 ('197', '5', '5', 'Pratt_Mbar-Seattle-Interior-Exterior-29.jpg', 'image', '5000', '3333', '2736911', '2017-03-15 21:56:24', '2017-03-15 21:56:24', '2017-03-15 21:56:24', '963d3775-b394-4804-a056-d44efa49cfcc'),
 ('198', '5', '5', 'Pratt_Mbar-Seattle-Interior-2.jpg', 'image', '5000', '3333', '2489094', '2017-03-15 21:56:27', '2017-03-15 21:56:27', '2017-03-15 21:56:27', '999cdf2e-c5d1-423f-9e5f-fb99f1686936'),
 ('199', '5', '5', 'Pratt_Mbar-Seattle-Interior-9.jpg', 'image', '5000', '3333', '3009293', '2017-03-15 21:56:32', '2017-03-15 21:56:32', '2017-03-15 21:56:32', 'a03e608f-c485-4e8e-83e6-864aef89f473'),
 ('200', '5', '5', 'Pratt_Mbar-Seattle-Interior-15.jpg', 'image', '5000', '3333', '1979069', '2017-03-15 21:56:35', '2017-03-15 21:56:35', '2017-03-15 21:56:35', '89f5594e-0af6-4fc8-ae78-b482f1db47e1'),
 ('207', '5', '5', 'Seaplane.jpeg', 'image', '3010', '2533', '1346004', '2017-04-06 19:37:35', '2017-04-06 19:37:36', '2017-04-06 19:37:36', 'eab45ae4-ee22-4cce-90d0-9510af3a9447'),
 ('208', '5', '5', 'IMG_2273.JPG', 'image', '2447', '2447', '1884087', '2017-04-06 19:48:53', '2017-04-06 19:48:54', '2017-04-06 19:48:54', '16c593d5-78dd-47b6-9590-597a910f670b'),
 ('233', '1', '1', 'FB_IMG_1491949270186.jpg', 'image', '853', '853', '35736', '2017-04-11 22:24:08', '2017-04-11 22:24:08', '2017-04-11 22:24:08', '3515340c-4fbc-49da-90c2-efc18de96d39'),
 ('234', '1', '1', 'Pratt_Mbar-Seattle-Interior-Exterior-12.jpg', 'image', '1920', '1061', '715624', '2017-04-12 15:59:34', '2017-04-12 15:57:08', '2017-04-12 15:59:38', '4abb154b-44c4-4496-a7be-e5022136b71e'),
 ('235', '1', '1', 'plane.jpg', 'image', '1920', '1061', '343588', '2017-04-12 16:00:26', '2017-04-12 15:57:31', '2017-04-12 16:00:29', 'e51954ac-3402-4ffa-a37e-7abf3cb29b25'),
 ('238', '1', '1', '2.jpg', 'image', '752', '502', '135650', '2017-04-12 16:05:00', '2017-04-12 16:05:00', '2017-04-12 16:05:00', 'c6c225d2-6d34-40c0-88d4-ebd05b719645'),
 ('239', '1', '1', '4.jpg', 'image', '752', '502', '162234', '2017-04-12 16:05:34', '2017-04-12 16:05:34', '2017-04-12 16:05:34', '260a885e-f55c-4aa2-b5d4-651f2a4ee759'),
 ('240', '1', '1', '3.jpg', 'image', '752', '502', '128731', '2017-04-12 16:06:30', '2017-04-12 16:06:30', '2017-04-12 16:06:30', 'fcdbdc28-9858-449b-b57c-3106d58be8e6'),
 ('241', '1', '1', 'Ani-Headshot.jpg', 'image', '1420', '1598', '700467', '2017-04-14 21:52:11', '2017-04-14 21:52:11', '2017-04-14 21:52:11', 'e4619775-81b8-42dd-9215-498268f2c601'),
 ('242', '1', '1', 'Wassef-Headshot.jpeg', 'image', '2048', '1152', '477335', '2017-04-14 23:53:25', '2017-04-14 23:53:25', '2017-04-14 23:53:25', 'e4abbda6-0cac-4639-ad2e-c0658587e6a1'),
 ('246', '1', '1', 'fullsizeoutput_a34.jpeg', 'image', '2835', '4193', '2963147', '2017-04-28 20:04:38', '2017-04-28 20:04:38', '2017-04-28 20:04:38', 'bfbf1763-ec6a-4ed8-9c23-a6e59a8a366f'),
 ('247', '1', '1', 'fullsizeoutput_a3a.jpeg', 'image', '2920', '2646', '1913716', '2017-04-28 20:11:18', '2017-04-28 20:11:19', '2017-04-28 20:11:19', '5ee375fd-b250-4a11-baa9-7b9dce311360'),
 ('248', '1', '1', 'fullsizeoutput_a38.jpeg', 'image', '2861', '2710', '1949576', '2017-04-28 20:11:28', '2017-04-28 20:11:28', '2017-04-28 20:11:28', '331b922d-5225-4e04-bacb-25b19b64b8eb'),
 ('250', '1', '1', 'fullsizeoutput_a3e.jpeg', 'image', '3672', '3115', '2450518', '2017-04-28 20:37:02', '2017-04-28 20:37:02', '2017-04-28 20:37:02', '17ad973c-fa23-4216-9203-314e8bd37b52'),
 ('251', '1', '1', 'IMG_4642.PNG', 'image', '750', '1334', '1377623', '2017-04-28 21:17:02', '2017-04-28 21:17:02', '2017-04-28 21:17:02', 'c793a930-94de-4cbc-ba35-29effcf79e23'),
 ('252', '1', '1', 'WassefRacha.jpg', 'image', '400', '224', '63554', '2017-04-28 21:19:54', '2017-04-28 21:19:54', '2017-04-28 21:19:54', 'dddd8f30-fa4c-4b06-8a25-836c00e86e56');



DROP TABLE IF EXISTS `craft_assetfolders`;


--
-- Schema for table `craft_assetfolders`
--
CREATE TABLE `craft_assetfolders` (
  `id` int(11) NOT NULL AUTO_INCREMENT,
  `parentId` int(11) DEFAULT NULL,
  `sourceId` int(11) DEFAULT NULL,
  `name` varchar(255) COLLATE utf8_unicode_ci NOT NULL,
  `path` varchar(255) COLLATE utf8_unicode_ci DEFAULT NULL,
  `dateCreated` datetime NOT NULL,
  `dateUpdated` datetime NOT NULL,
  `uid` char(36) COLLATE utf8_unicode_ci NOT NULL DEFAULT '0',
  PRIMARY KEY (`id`),
  UNIQUE KEY `craft_assetfolders_name_parentId_sourceId_unq_idx` (`name`,`parentId`,`sourceId`),
  KEY `craft_assetfolders_parentId_fk` (`parentId`),
  KEY `craft_assetfolders_sourceId_fk` (`sourceId`)
) ENGINE=InnoDB AUTO_INCREMENT=6 DEFAULT CHARSET=utf8 COLLATE=utf8_unicode_ci;

--
-- Data for table `craft_assetfolders`
--

INSERT INTO `craft_assetfolders` (`id`, `parentId`, `sourceId`, `name`, `path`, `dateCreated`, `dateUpdated`, `uid`) VALUES
 ('1', NULL, '1', 'Family', '', '2017-03-05 00:06:00', '2017-03-05 00:06:00', '70f785ef-2394-4e87-9293-08a6092ae2b2'),
 ('2', NULL, '2', 'Press Media', '', '2017-03-05 01:42:19', '2017-03-05 01:49:02', '77b6689b-c66c-417b-bc8a-c7eb6856ceb9'),
 ('3', NULL, '3', 'About Us Slides', '', '2017-03-05 02:54:38', '2017-03-05 02:54:38', '44570319-5072-4744-a4d2-751e9722e074'),
 ('4', NULL, '4', 'social icons', '', '2017-03-05 03:33:35', '2017-03-05 03:33:35', '387b706f-3552-4123-a858-aa55e6479d4f'),
 ('5', NULL, '5', 'events slides', '', '2017-03-05 17:34:29', '2017-03-05 17:34:29', '0bcf9998-922f-4533-93d5-71697159e130');



DROP TABLE IF EXISTS `craft_assetindexdata`;


--
-- Schema for table `craft_assetindexdata`
--
CREATE TABLE `craft_assetindexdata` (
  `id` int(11) NOT NULL AUTO_INCREMENT,
  `sessionId` varchar(36) COLLATE utf8_unicode_ci NOT NULL DEFAULT '',
  `sourceId` int(10) NOT NULL,
  `offset` int(10) NOT NULL,
  `uri` varchar(255) COLLATE utf8_unicode_ci DEFAULT NULL,
  `size` varchar(255) COLLATE utf8_unicode_ci DEFAULT NULL,
  `recordId` int(10) DEFAULT NULL,
  `dateCreated` datetime NOT NULL,
  `dateUpdated` datetime NOT NULL,
  `uid` char(36) COLLATE utf8_unicode_ci NOT NULL DEFAULT '0',
  PRIMARY KEY (`id`),
  UNIQUE KEY `craft_assetindexdata_sessionId_sourceId_offset_unq_idx` (`sessionId`,`sourceId`,`offset`),
  KEY `craft_assetindexdata_sourceId_fk` (`sourceId`)
) ENGINE=InnoDB DEFAULT CHARSET=utf8 COLLATE=utf8_unicode_ci;

DROP TABLE IF EXISTS `craft_assetsources`;


--
-- Schema for table `craft_assetsources`
--
CREATE TABLE `craft_assetsources` (
  `id` int(11) NOT NULL AUTO_INCREMENT,
  `name` varchar(255) COLLATE utf8_unicode_ci NOT NULL,
  `handle` varchar(255) COLLATE utf8_unicode_ci NOT NULL,
  `type` varchar(150) COLLATE utf8_unicode_ci NOT NULL,
  `settings` text COLLATE utf8_unicode_ci,
  `sortOrder` smallint(6) unsigned DEFAULT NULL,
  `fieldLayoutId` int(10) DEFAULT NULL,
  `dateCreated` datetime NOT NULL,
  `dateUpdated` datetime NOT NULL,
  `uid` char(36) COLLATE utf8_unicode_ci NOT NULL DEFAULT '0',
  PRIMARY KEY (`id`),
  UNIQUE KEY `craft_assetsources_name_unq_idx` (`name`),
  UNIQUE KEY `craft_assetsources_handle_unq_idx` (`handle`),
  KEY `craft_assetsources_fieldLayoutId_fk` (`fieldLayoutId`)
) ENGINE=InnoDB AUTO_INCREMENT=6 DEFAULT CHARSET=utf8 COLLATE=utf8_unicode_ci;

--
-- Data for table `craft_assetsources`
--

INSERT INTO `craft_assetsources` (`id`, `name`, `handle`, `type`, `settings`, `sortOrder`, `fieldLayoutId`, `dateCreated`, `dateUpdated`, `uid`) VALUES
 ('1', 'Family', 'family', 'Local', '{\"path\":\"img\\/family\\/\",\"publicURLs\":\"1\",\"url\":\"\\/img\\/family\\/\"}', '1', '101', '2017-03-05 00:06:00', '2017-03-05 00:10:55', '84973015-c3fc-4396-8040-7cff213ef1f3'),
 ('2', 'Press Media', 'pressMedia', 'Local', '{\"path\":\"img\\/media\\/\",\"publicURLs\":\"1\",\"url\":\"\\/img\\/media\\/\"}', '2', '108', '2017-03-05 01:42:19', '2017-03-05 01:49:02', '14948550-0811-4756-9e6a-489210f3251b'),
 ('3', 'About Us Slides', 'aboutUsSlides', 'Local', '{\"path\":\"img\\/about-slides\\/\",\"publicURLs\":\"1\",\"url\":\"\\/img\\/about-slides\\/\"}', '3', '111', '2017-03-05 02:54:38', '2017-03-05 02:54:38', '8507c448-4cd7-42a1-a5fe-e7dfd6c4cb6f'),
 ('4', 'social icons', 'socialIcons', 'Local', '{\"path\":\"img\\/social\\/\",\"publicURLs\":\"1\",\"url\":\"\\/img\\/social\\/\"}', '4', '118', '2017-03-05 03:33:35', '2017-03-05 03:33:35', '1b1835d6-3aaa-43f5-918c-7d66985b5cbb'),
 ('5', 'events slides', 'eventsSlides', 'Local', '{\"path\":\"img\\/events-slides\\/\",\"publicURLs\":\"1\",\"url\":\"\\/img\\/events-slides\\/\"}', '5', '137', '2017-03-05 17:34:29', '2017-03-05 17:34:29', '153e1d84-f88f-4c41-a6ae-d1c95493c50c');



DROP TABLE IF EXISTS `craft_assettransformindex`;


--
-- Schema for table `craft_assettransformindex`
--
CREATE TABLE `craft_assettransformindex` (
  `id` int(11) NOT NULL AUTO_INCREMENT,
  `fileId` int(11) NOT NULL,
  `filename` varchar(255) COLLATE utf8_unicode_ci DEFAULT NULL,
  `format` varchar(255) COLLATE utf8_unicode_ci DEFAULT NULL,
  `location` varchar(255) COLLATE utf8_unicode_ci NOT NULL,
  `sourceId` int(11) DEFAULT NULL,
  `fileExists` tinyint(1) DEFAULT NULL,
  `inProgress` tinyint(1) DEFAULT NULL,
  `dateIndexed` datetime DEFAULT NULL,
  `dateCreated` datetime NOT NULL,
  `dateUpdated` datetime NOT NULL,
  `uid` char(36) COLLATE utf8_unicode_ci NOT NULL DEFAULT '0',
  PRIMARY KEY (`id`),
  KEY `craft_assettransformindex_sourceId_fileId_location_idx` (`sourceId`,`fileId`,`location`)
) ENGINE=InnoDB AUTO_INCREMENT=13 DEFAULT CHARSET=utf8 COLLATE=utf8_unicode_ci;

DROP TABLE IF EXISTS `craft_assettransforms`;


--
-- Schema for table `craft_assettransforms`
--
CREATE TABLE `craft_assettransforms` (
  `id` int(11) NOT NULL AUTO_INCREMENT,
  `name` varchar(255) COLLATE utf8_unicode_ci NOT NULL,
  `handle` varchar(255) COLLATE utf8_unicode_ci NOT NULL,
  `mode` enum('stretch','fit','crop') COLLATE utf8_unicode_ci NOT NULL DEFAULT 'crop',
  `position` enum('top-left','top-center','top-right','center-left','center-center','center-right','bottom-left','bottom-center','bottom-right') COLLATE utf8_unicode_ci NOT NULL DEFAULT 'center-center',
  `height` int(10) DEFAULT NULL,
  `width` int(10) DEFAULT NULL,
  `format` varchar(255) COLLATE utf8_unicode_ci DEFAULT NULL,
  `quality` int(10) DEFAULT NULL,
  `dimensionChangeTime` datetime DEFAULT NULL,
  `dateCreated` datetime NOT NULL,
  `dateUpdated` datetime NOT NULL,
  `uid` char(36) COLLATE utf8_unicode_ci NOT NULL DEFAULT '0',
  PRIMARY KEY (`id`),
  UNIQUE KEY `craft_assettransforms_name_unq_idx` (`name`),
  UNIQUE KEY `craft_assettransforms_handle_unq_idx` (`handle`)
) ENGINE=InnoDB AUTO_INCREMENT=2 DEFAULT CHARSET=utf8 COLLATE=utf8_unicode_ci;

--
-- Data for table `craft_assettransforms`
--

INSERT INTO `craft_assettransforms` (`id`, `name`, `handle`, `mode`, `position`, `height`, `width`, `format`, `quality`, `dimensionChangeTime`, `dateCreated`, `dateUpdated`, `uid`) VALUES
 ('1', 'thumb', 'thumb', 'crop', 'center-center', '300', '300', 'jpg', '82', '2017-03-05 02:14:24', '2017-03-05 02:13:45', '2017-03-05 02:14:24', 'a569b226-8250-4354-9ecc-fdd07fe67877');



DROP TABLE IF EXISTS `craft_categories`;


--
-- Schema for table `craft_categories`
--
CREATE TABLE `craft_categories` (
  `id` int(11) NOT NULL,
  `groupId` int(11) NOT NULL,
  `dateCreated` datetime NOT NULL,
  `dateUpdated` datetime NOT NULL,
  `uid` char(36) COLLATE utf8_unicode_ci NOT NULL DEFAULT '0',
  PRIMARY KEY (`id`),
  KEY `craft_categories_groupId_fk` (`groupId`)
) ENGINE=InnoDB DEFAULT CHARSET=utf8 COLLATE=utf8_unicode_ci;

DROP TABLE IF EXISTS `craft_categorygroups`;


--
-- Schema for table `craft_categorygroups`
--
CREATE TABLE `craft_categorygroups` (
  `id` int(11) NOT NULL AUTO_INCREMENT,
  `structureId` int(11) NOT NULL,
  `fieldLayoutId` int(11) DEFAULT NULL,
  `name` varchar(255) COLLATE utf8_unicode_ci NOT NULL,
  `handle` varchar(255) COLLATE utf8_unicode_ci NOT NULL,
  `hasUrls` tinyint(1) unsigned NOT NULL DEFAULT '1',
  `template` varchar(500) COLLATE utf8_unicode_ci DEFAULT NULL,
  `dateCreated` datetime NOT NULL,
  `dateUpdated` datetime NOT NULL,
  `uid` char(36) COLLATE utf8_unicode_ci NOT NULL DEFAULT '0',
  PRIMARY KEY (`id`),
  UNIQUE KEY `craft_categorygroups_name_unq_idx` (`name`),
  UNIQUE KEY `craft_categorygroups_handle_unq_idx` (`handle`),
  KEY `craft_categorygroups_structureId_fk` (`structureId`),
  KEY `craft_categorygroups_fieldLayoutId_fk` (`fieldLayoutId`)
) ENGINE=InnoDB DEFAULT CHARSET=utf8 COLLATE=utf8_unicode_ci;

DROP TABLE IF EXISTS `craft_categorygroups_i18n`;


--
-- Schema for table `craft_categorygroups_i18n`
--
CREATE TABLE `craft_categorygroups_i18n` (
  `id` int(11) NOT NULL AUTO_INCREMENT,
  `groupId` int(11) NOT NULL,
  `locale` char(12) COLLATE utf8_unicode_ci NOT NULL,
  `urlFormat` text COLLATE utf8_unicode_ci,
  `nestedUrlFormat` text COLLATE utf8_unicode_ci,
  `dateCreated` datetime NOT NULL,
  `dateUpdated` datetime NOT NULL,
  `uid` char(36) COLLATE utf8_unicode_ci NOT NULL DEFAULT '0',
  PRIMARY KEY (`id`),
  UNIQUE KEY `craft_categorygroups_i18n_groupId_locale_unq_idx` (`groupId`,`locale`),
  KEY `craft_categorygroups_i18n_locale_fk` (`locale`)
) ENGINE=InnoDB DEFAULT CHARSET=utf8 COLLATE=utf8_unicode_ci;

DROP TABLE IF EXISTS `craft_content`;


--
-- Schema for table `craft_content`
--
CREATE TABLE `craft_content` (
  `id` int(11) NOT NULL AUTO_INCREMENT,
  `elementId` int(11) NOT NULL,
  `locale` char(12) COLLATE utf8_unicode_ci NOT NULL,
  `title` varchar(255) COLLATE utf8_unicode_ci DEFAULT NULL,
  `field_body` text COLLATE utf8_unicode_ci,
  `field_price` text COLLATE utf8_unicode_ci,
  `field_linkUrl` text COLLATE utf8_unicode_ci,
  `field_navigationLinks` text COLLATE utf8_unicode_ci,
  `field_line1` text COLLATE utf8_unicode_ci,
  `field_line2` text COLLATE utf8_unicode_ci,
  `field_line3Bottom` text COLLATE utf8_unicode_ci,
  `field_pressLinkUrl` text COLLATE utf8_unicode_ci,
  `field_pressLinkText` text COLLATE utf8_unicode_ci,
  `field_timedAnnouncements` text COLLATE utf8_unicode_ci,
  `field_announcementText` text COLLATE utf8_unicode_ci,
  `field_ourFamilyPlainText` text COLLATE utf8_unicode_ci,
  `dateCreated` datetime NOT NULL,
  `dateUpdated` datetime NOT NULL,
  `uid` char(36) COLLATE utf8_unicode_ci NOT NULL DEFAULT '0',
  PRIMARY KEY (`id`),
  UNIQUE KEY `craft_content_elementId_locale_unq_idx` (`elementId`,`locale`),
  KEY `craft_content_title_idx` (`title`),
  KEY `craft_content_locale_fk` (`locale`)
) ENGINE=InnoDB AUTO_INCREMENT=227 DEFAULT CHARSET=utf8 COLLATE=utf8_unicode_ci;

--
-- Data for table `craft_content`
--

INSERT INTO `craft_content` (`id`, `elementId`, `locale`, `title`, `field_body`, `field_price`, `field_linkUrl`, `field_navigationLinks`, `field_line1`, `field_line2`, `field_line3Bottom`, `field_pressLinkUrl`, `field_pressLinkText`, `field_timedAnnouncements`, `field_announcementText`, `field_ourFamilyPlainText`, `dateCreated`, `dateUpdated`, `uid`) VALUES
 ('1', '1', 'en_us', NULL, NULL, NULL, NULL, NULL, NULL, NULL, NULL, NULL, NULL, NULL, NULL, NULL, '2017-03-04 21:05:16', '2017-03-04 21:05:16', '65e5452c-62f9-4793-bb49-09733d771218'),
 ('2', '2', 'en_us', 'MBAR Seattle', '<p>Body</p>', NULL, NULL, NULL, NULL, NULL, NULL, NULL, NULL, NULL, NULL, NULL, '2017-03-04 21:05:19', '2017-05-11 23:08:26', '342b50a8-6775-4dd9-bf1e-00998ec7efc6'),
 ('3', '3', 'en_us', 'We just installed Craft!', '<p>Craft is the CMS that’s powering Localhost. It’s beautiful, powerful, flexible, and easy-to-use, and it’s made by Pixel &amp; Tonic. We can’t wait to dive in and see what it’s capable of!</p>\n<!--pagebreak-->\n<p>This is even more captivating content, which you couldn’t see on the News index page because it was entered after a Page Break, and the News index template only likes to show the content on the first page.</p>\n<p>Craft: a nice alternative to Word, if you’re making a website.</p>', NULL, NULL, NULL, NULL, NULL, NULL, NULL, NULL, NULL, NULL, NULL, '2017-03-04 21:05:20', '2017-03-04 21:10:42', '9ed71456-f5aa-4510-8dcd-bd2175c3b343'),
 ('5', '15', 'en_us', 'beverage', NULL, NULL, NULL, NULL, NULL, NULL, NULL, NULL, NULL, NULL, NULL, NULL, '2017-03-04 22:47:17', '2017-03-10 03:38:41', '5687348c-c305-46cc-9555-d16b4fdd2eff'),
 ('6', '16', 'en_us', 'dessert', NULL, NULL, NULL, NULL, NULL, NULL, NULL, NULL, NULL, NULL, NULL, NULL, '2017-03-04 22:47:24', '2017-03-10 00:56:27', '9d0e9f73-d3dd-4a77-adb3-d83c00cab447'),
 ('7', '17', 'en_us', 'patio', NULL, NULL, NULL, NULL, NULL, NULL, NULL, NULL, NULL, NULL, NULL, NULL, '2017-03-04 22:47:32', '2017-03-10 01:24:28', '9aed0f5c-735b-4e1f-9e92-eb3fdb231095'),
 ('8', '18', 'en_us', 'dinner', NULL, NULL, NULL, NULL, NULL, NULL, NULL, NULL, NULL, NULL, NULL, NULL, '2017-03-04 22:47:40', '2017-04-23 00:25:09', 'f0ab247d-642c-4af1-a5aa-e62f02fbb236'),
 ('9', '23', 'en_us', 'lamb ribs', NULL, '5', NULL, NULL, NULL, NULL, NULL, NULL, NULL, NULL, NULL, NULL, '2017-03-04 23:37:12', '2017-03-04 23:40:25', 'a281e133-c610-4efc-8cc8-6ced94a45acb'),
 ('10', '24', 'en_us', 'chicken wings', NULL, '10', NULL, NULL, NULL, NULL, NULL, NULL, NULL, NULL, NULL, NULL, '2017-03-04 23:40:34', '2017-03-04 23:40:34', '0fd15476-c892-4bcc-9825-de620cff0d1c'),
 ('13', '38', 'en_us', 'Member', NULL, NULL, NULL, NULL, NULL, NULL, NULL, NULL, NULL, NULL, NULL, NULL, '2017-03-05 00:11:12', '2017-03-05 00:11:12', 'bb64fe5c-ef1e-4643-a446-b8df07cf1ea5'),
 ('19', '44', 'en_us', 'Screen Shot 2017 03 04 At 5 44 26 Pm', NULL, NULL, NULL, NULL, NULL, NULL, NULL, NULL, NULL, NULL, NULL, NULL, '2017-03-05 02:10:47', '2017-03-05 02:10:47', 'f9af1160-1412-46e8-8906-3392c47cd42f'),
 ('20', '45', 'en_us', 'Screen Shot 2017 03 04 At 6 11 07 Pm', NULL, NULL, NULL, NULL, NULL, NULL, NULL, NULL, NULL, NULL, NULL, NULL, '2017-03-05 02:11:19', '2017-03-05 02:11:19', '2f3af452-5fc1-465d-87a1-4306ef320576'),
 ('23', '49', 'en_us', 'About 2', NULL, NULL, NULL, NULL, NULL, NULL, NULL, NULL, NULL, NULL, NULL, NULL, '2017-03-05 02:56:37', '2017-03-05 02:56:38', 'f9c544e5-50c5-4c72-bee2-818217e628c1'),
 ('25', '51', 'en_us', 'About', NULL, NULL, NULL, NULL, NULL, NULL, NULL, NULL, NULL, NULL, NULL, NULL, '2017-03-05 02:56:46', '2017-03-05 02:56:46', 'e62e37d6-374b-4afa-8d0c-2804cfa8edfb'),
 ('29', '55', 'en_us', 'Interior Dining Room Views', '<p>Our dining room and interior bar overlook downtown Seattle, MoPop and Seattle Center, the Olympic Mountain Range, Queen Anne Hill, South Lake Union, and North Capitol Hill.  Relax and enjoy the sunset early in the evening, or spend the twilight hours dining  while encompassed by twinkling stars and city lights.</p>', NULL, NULL, NULL, NULL, NULL, NULL, NULL, NULL, NULL, NULL, NULL, '2017-03-05 03:11:52', '2017-04-06 18:28:00', '8ca6b792-22d1-43ae-9a44-4b58ee443591'),
 ('31', '57', 'en_us', 'twitter', NULL, NULL, 'https://twitter.com/mbarsea', NULL, NULL, NULL, NULL, NULL, NULL, NULL, NULL, NULL, '2017-03-05 03:32:34', '2017-03-20 19:16:10', '96098c09-dafc-4285-8700-2a69cec5fec5'),
 ('33', '59', 'en_us', 'Tw', NULL, NULL, NULL, NULL, NULL, NULL, NULL, NULL, NULL, NULL, NULL, NULL, '2017-03-05 03:37:29', '2017-03-05 03:37:29', '4234cdbd-f887-4231-a034-f26fc071948b'),
 ('35', '61', 'en_us', 'Ig', NULL, NULL, NULL, NULL, NULL, NULL, NULL, NULL, NULL, NULL, NULL, NULL, '2017-03-05 03:38:04', '2017-03-05 03:38:04', 'df17dd96-81c9-408e-8b40-b0b19c6a8e1f'),
 ('36', '62', 'en_us', 'instagram', NULL, NULL, 'https://www.instagram.com/mbarsea/', NULL, NULL, NULL, NULL, NULL, NULL, NULL, NULL, NULL, '2017-03-05 03:38:13', '2017-03-20 19:15:48', '57f83fef-0b5c-4f04-b3a6-ac7323e681f8'),
 ('38', '64', 'en_us', 'Fb', NULL, NULL, NULL, NULL, NULL, NULL, NULL, NULL, NULL, NULL, NULL, NULL, '2017-03-05 03:38:29', '2017-03-05 03:38:29', 'b3cf67f1-cd1a-49e7-b5a4-d179dcea9f4a'),
 ('39', '65', 'en_us', 'facebook', NULL, NULL, 'https://www.facebook.com/mbarseattle/', NULL, NULL, NULL, NULL, NULL, NULL, NULL, NULL, NULL, '2017-03-05 03:38:38', '2017-03-20 19:15:24', 'e017df21-45f3-4a4f-b0ca-825c36c0a1c4'),
 ('46', '72', 'en_us', 'about', NULL, NULL, NULL, NULL, NULL, NULL, NULL, NULL, NULL, NULL, NULL, NULL, '2017-03-05 04:11:57', '2017-03-05 04:11:57', '053c9862-7b1f-4781-889f-7e24019976eb'),
 ('47', '73', 'en_us', 'menu', NULL, NULL, NULL, NULL, NULL, NULL, NULL, NULL, NULL, NULL, NULL, NULL, '2017-03-05 04:12:04', '2017-03-05 04:12:04', '4a2c4e5e-168c-445b-9cf5-ed0185f74515'),
 ('48', '74', 'en_us', 'find us', NULL, NULL, NULL, NULL, NULL, NULL, NULL, NULL, NULL, NULL, NULL, NULL, '2017-03-05 04:12:12', '2017-03-05 04:12:12', '93d81fb5-3b85-4d05-8c84-7c2c22a1a99b'),
 ('49', '75', 'en_us', 'media', NULL, NULL, NULL, NULL, NULL, NULL, NULL, NULL, NULL, NULL, NULL, NULL, '2017-03-05 04:12:19', '2017-03-05 04:12:19', '7debcffa-9827-4b13-a6e7-f97974a81d94'),
 ('50', '76', 'en_us', 'events booking', NULL, NULL, NULL, NULL, NULL, NULL, NULL, NULL, NULL, NULL, NULL, NULL, '2017-03-05 04:12:28', '2017-03-05 04:12:28', '8533e0f2-1d03-4d22-9cee-d7b57dea2f87'),
 ('51', '77', 'en_us', 'our family', NULL, NULL, NULL, NULL, NULL, NULL, NULL, NULL, NULL, NULL, NULL, NULL, '2017-03-05 04:12:48', '2017-03-05 04:12:48', '65a00168-53b0-421b-8b7b-1c5fe9e052ab'),
 ('52', '78', 'en_us', 'schedule items', NULL, NULL, NULL, NULL, '<p>Tue: 4-9pm, Wed &amp; Thur: 4-10pm, Fri: 4-11pm, Sat: 5-11pm, Sun: 5-9pm</p>', '<p>Happy Hour 4-6pm (on patio weather permitting)<br /></p>', '400 Fairview Ave N, 14th Floor, Seattle, WA 98109', NULL, NULL, NULL, NULL, NULL, '2017-03-05 17:24:01', '2017-04-21 00:02:31', '51ba37e9-f958-44d2-8117-194fa2b4b29b'),
 ('54', '80', 'en_us', 'Event Slide 1', NULL, NULL, NULL, NULL, NULL, NULL, NULL, NULL, NULL, NULL, NULL, NULL, '2017-03-05 17:38:24', '2017-03-05 17:38:24', 'ac66eb5b-dba2-4ce2-a555-cbb49b1d0405'),
 ('55', '81', 'en_us', 'slide 1', NULL, NULL, NULL, NULL, NULL, NULL, NULL, NULL, NULL, NULL, NULL, NULL, '2017-03-05 17:38:30', '2017-04-12 16:05:06', '56b2f5f7-fb82-4059-ae47-14b4170b067a'),
 ('57', '83', 'en_us', 'Event Slide 2', NULL, NULL, NULL, NULL, NULL, NULL, NULL, NULL, NULL, NULL, NULL, NULL, '2017-03-05 17:38:44', '2017-03-05 17:38:44', '722da735-ca67-4456-807b-374d74610644'),
 ('58', '84', 'en_us', 'Egg', NULL, NULL, NULL, NULL, NULL, NULL, NULL, NULL, NULL, NULL, NULL, NULL, '2017-03-05 17:38:47', '2017-04-12 16:05:49', '802985ea-f6d5-4e35-8635-d5e21e01929f'),
 ('60', '86', 'en_us', 'Event Slide 3', NULL, NULL, NULL, NULL, NULL, NULL, NULL, NULL, NULL, NULL, NULL, NULL, '2017-03-05 17:39:03', '2017-03-05 17:39:04', 'ceccb8e8-f909-439b-a252-4f1a7a830b2c'),
 ('61', '87', 'en_us', 'slide 3', NULL, NULL, NULL, NULL, NULL, NULL, NULL, NULL, NULL, NULL, NULL, NULL, '2017-03-05 17:39:07', '2017-03-05 17:39:07', '3140d15d-8a46-4914-ad11-7e13682c6133'),
 ('62', '88', 'en_us', 'Wassef Haroun - Owner', '', NULL, NULL, NULL, NULL, NULL, NULL, NULL, NULL, NULL, NULL, 'Wassef Haroun was born in Syria and raised in Lebanon before moving to the United States for school. After leaving a career in technology and computer science, Wassef turned to mamnoon as an experiment to bring the food and traditions of the levant to an American audience and to bridge the apparent gaps between the two cultures he inhabits. True to his geek background, Wassef has his hands in innumerable projects, big and small, around the restaurant in order to make the mamnoon experience universally compelling.', '2017-03-05 17:58:56', '2017-05-04 22:49:28', '8f6aa590-5b66-4b59-9c50-2644aa6698e0'),
 ('63', '89', 'en_us', 'Racha Haroun - Owner', '', NULL, NULL, NULL, NULL, NULL, NULL, NULL, NULL, NULL, NULL, 'Racha Haroun was born in London, England to a Syrian father and Iranian mother. Racha came with her family to Houston, Texas from Damascus in 1982 where she attended college and met her husband Wassef. Racha grew up in a household where hospitality was prized and where both cuisines and palates were equally valued and integrated. Racha is deeply involved in the cultural community of Seattle and is a crucial part of the palate, menu development, and creative process behind the mamnoon aesthetic.', '2017-03-05 17:59:09', '2017-05-04 22:49:38', '13647960-d34b-4d99-83f4-c5e4d5a0208c'),
 ('65', '91', 'en_us', 'Seattle Met', '<p>Seattle Met Review January 2017</p>', NULL, NULL, NULL, NULL, NULL, NULL, 'https://www.seattlemet.com/articles/2017/1/19/the-unusual-way-jason-stratton-conceives-mbar-s-menu', 'Seattle Met Review', NULL, NULL, NULL, '2017-03-05 18:03:14', '2017-03-10 03:15:20', '931a1946-bd85-46bc-acd0-a40d4979fdaa'),
 ('66', '92', 'en_us', 'Anais \"Ani\" Custer - General Manager', '', NULL, NULL, NULL, NULL, NULL, NULL, NULL, NULL, NULL, NULL, 'ani@mbarseattle.com\r\n<br><br>\r\n\"Where the pasta at?\"', '2017-03-07 06:43:48', '2017-04-30 18:30:26', 'b3275e83-07db-47e0-bde0-286ffc1c87a0'),
 ('67', '93', 'en_us', 'Jason Stratton - Executive Chef', '', NULL, NULL, NULL, NULL, NULL, NULL, NULL, NULL, NULL, NULL, '1738', '2017-03-07 06:44:04', '2017-04-30 18:30:09', '125d9445-0e60-4b62-8780-7ba370ce7a2f'),
 ('69', '95', 'en_us', 'Jon Clark - Beverage Director', '', NULL, NULL, NULL, NULL, NULL, NULL, NULL, NULL, NULL, NULL, 'jon@mbarseattle.com', '2017-03-07 06:44:44', '2017-04-30 18:30:56', '5182a354-24dd-49cc-a0e6-71f00fc7b07b'),
 ('70', '96', 'en_us', 'Eater Seattle', '', NULL, NULL, NULL, NULL, NULL, NULL, 'http://seattle.eater.com/venue/mbar', 'view the article here', NULL, NULL, NULL, '2017-03-07 06:45:40', '2017-04-14 23:58:10', '254c1e94-1afc-45de-b3a8-b6fa87c19349'),
 ('71', '97', 'en_us', 'The Seattle Times', '', NULL, NULL, NULL, NULL, NULL, NULL, 'http://www.seattletimes.com/life/food-drink/mbar-is-an-engaging-supper-club-in-the-sky/', 'view link', NULL, NULL, NULL, '2017-03-07 06:46:02', '2017-04-14 23:57:18', '98e08394-e54e-45cb-b873-0b30a62d8526'),
 ('74', '100', 'en_us', 'Fried potatoes with chiles and cilantro', NULL, '8', NULL, NULL, NULL, NULL, NULL, NULL, NULL, NULL, NULL, NULL, '2017-03-09 01:13:29', '2017-03-09 01:13:29', '2a56ff54-a29f-4190-bdcf-52e084792188'),
 ('75', '101', 'en_us', 'cauliflower hummus with rice beans, allspice, and crudite', NULL, '11', NULL, NULL, NULL, NULL, NULL, NULL, NULL, NULL, NULL, NULL, '2017-03-09 01:14:03', '2017-03-09 01:14:03', 'c0980661-a6a1-419f-a00d-9717cf3cccef'),
 ('76', '102', 'en_us', 'grilled trout with avocado, sumac, fenugreek, labneh & brown butter', NULL, '29', NULL, NULL, NULL, NULL, NULL, NULL, NULL, NULL, NULL, NULL, '2017-03-09 01:14:37', '2017-03-09 01:14:37', 'c319508f-c73c-4e5a-b258-ee3930c779c0'),
 ('77', '103', 'en_us', 'soft polenta with rabbit, foie gras bolognese bianca & carrot sauce', NULL, '21', NULL, NULL, NULL, NULL, NULL, NULL, NULL, NULL, NULL, NULL, '2017-03-09 01:16:33', '2017-03-09 01:16:33', '84097df9-3010-495a-9828-379e9d6c5094'),
 ('78', '104', 'en_us', 'skirt steak \"au poivre\" with cognac cream, sichuan peppercorn, and grilled lime ', NULL, '33', NULL, NULL, NULL, NULL, NULL, NULL, NULL, NULL, NULL, NULL, '2017-03-09 01:17:22', '2017-03-09 01:17:22', '97b2104a-ad04-447a-9ab6-dd736f76602c'),
 ('79', '105', 'en_us', 'mbar bread service: grilled seawolf baguette with house cultured butter, taggisca olives, labneh, and calabrian chile oil', NULL, '6', NULL, NULL, NULL, NULL, NULL, NULL, NULL, NULL, NULL, NULL, '2017-03-09 01:18:17', '2017-03-09 01:18:17', '96ee40ae-51c6-4c7b-b10f-0f3bf824584e'),
 ('80', '106', 'en_us', 'The Stratton Manhattan - wild turkey 101, montenegro, pink bitters, cherry on top, up', NULL, '', NULL, NULL, NULL, NULL, NULL, NULL, NULL, NULL, NULL, NULL, '2017-03-09 01:22:34', '2017-03-09 01:22:34', '749a5472-c6fc-4bc1-88af-543543617496'),
 ('81', '107', 'en_us', 'mbar Negroni - campari, beefeater gin, yzaguirre rojo reserva, rocks', NULL, '', NULL, NULL, NULL, NULL, NULL, NULL, NULL, NULL, NULL, NULL, '2017-03-09 01:23:02', '2017-03-09 01:23:02', 'f1285e5a-de0d-4dce-a675-96e34c9973fb'),
 ('82', '108', 'en_us', 'Mary the Vampyre - absolut lime, tamarind, arbol, citrus, cucumber, rocks', NULL, '', NULL, NULL, NULL, NULL, NULL, NULL, NULL, NULL, NULL, NULL, '2017-03-09 01:23:33', '2017-03-09 01:23:33', 'd7c901b8-e728-42c1-b3af-9f10039156b2'),
 ('83', '109', 'en_us', 'Dali\'s Frosted Donut - absolut, kahlua, coconut, lemongrass, rocks', NULL, '', NULL, NULL, NULL, NULL, NULL, NULL, NULL, NULL, NULL, NULL, '2017-03-09 01:23:57', '2017-03-09 01:23:57', '0176b75d-c7a1-43ce-a21d-85fd1239cd79'),
 ('84', '110', 'en_us', 'Beez in the Trap - poli miele, landy cognac, lemon, black lime & prickly ash rim, up', NULL, '', NULL, NULL, NULL, NULL, NULL, NULL, NULL, NULL, NULL, NULL, '2017-03-09 01:24:19', '2017-03-09 01:24:19', 'd666c260-b500-4c2a-9034-a375d7d876d0'),
 ('85', '111', 'en_us', 'Heat Miser - russell\'s 10 year bourbon, calvados, cynar 70, spiced honey, hot water', NULL, '', NULL, NULL, NULL, NULL, NULL, NULL, NULL, NULL, NULL, NULL, '2017-03-09 01:25:06', '2017-03-09 01:25:06', '285b5ac5-ad75-43d0-a5a3-5949fa567c49'),
 ('86', '112', 'en_us', 'Ay Chihuahua - starbucks reseve, crema de sotol, cynar 70, cream, sprinkles', NULL, '', NULL, NULL, NULL, NULL, NULL, NULL, NULL, NULL, NULL, NULL, '2017-03-09 01:25:36', '2017-03-09 01:25:36', 'd442d57d-28fb-488b-b1fd-2305ddb7428d'),
 ('87', '113', 'en_us', 'Pineapple - absolut elyx, appleton estate rum, citrus, bitters, absinthe, fire', NULL, '27', NULL, NULL, NULL, NULL, NULL, NULL, NULL, NULL, NULL, NULL, '2017-03-09 01:26:03', '2017-03-09 01:26:03', '59d6d212-d6e9-41d1-b573-49fc8fb09426'),
 ('88', '114', 'en_us', 'the mbar: dark chocolate bar with sesame nougat & tamarind caramel', NULL, '7', NULL, NULL, NULL, NULL, NULL, NULL, NULL, NULL, NULL, NULL, '2017-03-10 00:28:42', '2017-03-10 00:41:15', '55fc1287-747b-4345-9786-95a7d8fc844e'),
 ('89', '115', 'en_us', '\'pain perdu\' soaked in rum & orange blossom custard with pineapple ice & vanilla ice cream', NULL, '10', NULL, NULL, NULL, NULL, NULL, NULL, NULL, NULL, NULL, NULL, '2017-03-10 00:29:58', '2017-03-10 00:29:58', '15417d1b-d522-4269-b92d-6fae59a4aee9'),
 ('90', '116', 'en_us', 'sipping chocolate with parsnip malted milk & cornmeal cookies', NULL, '9', NULL, NULL, NULL, NULL, NULL, NULL, NULL, NULL, NULL, NULL, '2017-03-10 00:33:33', '2017-03-10 00:35:53', '53816882-12a8-48f2-8be0-e35bf867da9e'),
 ('91', '117', 'en_us', 'meyer lemon semifreddo with hazelnut nougat ice cream & passionfruit', NULL, '12', NULL, NULL, NULL, NULL, NULL, NULL, NULL, NULL, NULL, NULL, '2017-03-10 00:35:02', '2017-03-10 00:35:45', '80d42dd7-6168-466c-92b9-f0e3793e274d'),
 ('92', '118', 'en_us', 'cheese: Robiola with chestnut honey, carrot halvah & buckwheat crackers', NULL, '12', NULL, NULL, NULL, NULL, NULL, NULL, NULL, NULL, NULL, NULL, '2017-03-10 00:40:47', '2017-03-10 00:40:47', 'f856fc07-e4b9-4af2-b099-c7b7824c9fa7'),
 ('93', '119', 'en_us', 'the purple one: crushed marasche, whey sorbet, wild huckleberry fruit leather, summer savory', NULL, '12', NULL, NULL, NULL, NULL, NULL, NULL, NULL, NULL, NULL, NULL, '2017-03-10 00:42:50', '2017-03-10 00:42:50', '54898517-e128-48bc-bcf1-5bf13c99bf1e'),
 ('94', '120', 'en_us', 'coffee: we offer starbucks reserve roast as a seraphim pour over', NULL, '4.5', NULL, NULL, NULL, NULL, NULL, NULL, NULL, NULL, NULL, NULL, '2017-03-10 00:44:23', '2017-03-10 00:44:23', '5af52ea7-c6f8-438c-8db5-e2847f55f7d7'),
 ('95', '121', 'en_us', 'tea: fukamushi sencha/earl grey/assam/darjeeling/jasmine green/lapsang souchang/shu puer', NULL, '4.5', NULL, NULL, NULL, NULL, NULL, NULL, NULL, NULL, NULL, NULL, '2017-03-10 00:55:27', '2017-03-10 00:55:27', '2a069ac5-1636-4157-955c-9b48b97d7949'),
 ('96', '122', 'en_us', 'tisanes: ginger/spearmint/chamomile', NULL, '4.5', NULL, NULL, NULL, NULL, NULL, NULL, NULL, NULL, NULL, NULL, '2017-03-10 00:56:09', '2017-03-10 00:56:09', '71ba1360-dede-4040-9678-3a6119aa2283'),
 ('97', '123', 'en_us', 'escarole salad with anchovy, walnut & tarragon', NULL, '11', NULL, NULL, NULL, NULL, NULL, NULL, NULL, NULL, NULL, NULL, '2017-03-10 01:18:39', '2017-03-10 01:18:39', '0cb10b4d-3519-4c20-96c8-2a869f771cb4'),
 ('98', '124', 'en_us', 'strozzapreti with braised oxtail, duck confit & black truffle butter', NULL, '24', NULL, NULL, NULL, NULL, NULL, NULL, NULL, NULL, NULL, NULL, '2017-03-10 01:19:25', '2017-03-10 01:19:25', '778570de-7328-4e7d-bc5a-c692d0a36ecd'),
 ('99', '125', 'en_us', '2015 Le Fay d\'Homme Muscadet Sevre et Maine, France', NULL, '12/44', NULL, NULL, NULL, NULL, NULL, NULL, NULL, NULL, NULL, NULL, '2017-03-10 01:32:19', '2017-03-10 01:32:19', '67ff7bd4-0eaf-4e39-b529-001d5c389d74'),
 ('100', '126', 'en_us', '2013 Grillo Centonze, Sicily, Italy', NULL, '12/44', NULL, NULL, NULL, NULL, NULL, NULL, NULL, NULL, NULL, NULL, '2017-03-10 01:32:35', '2017-03-10 01:32:35', '429185f4-7cb3-497c-afda-8948964effb7'),
 ('101', '127', 'en_us', '2015 Frico Bianco by Scarpetta', NULL, '12/44', NULL, NULL, NULL, NULL, NULL, NULL, NULL, NULL, NULL, NULL, '2017-03-10 01:32:55', '2017-03-10 01:32:55', '50f0a56b-fbb0-4796-ad3a-645078431d44'),
 ('102', '128', 'en_us', '2015 Château de la Roche Sauvignon Blanc, Touraine, France', NULL, '12/44', NULL, NULL, NULL, NULL, NULL, NULL, NULL, NULL, NULL, NULL, '2017-03-10 01:33:35', '2017-03-10 01:33:35', 'dd447d82-dae7-49fa-bce7-c32632722fcb'),
 ('103', '129', 'en_us', '2011 Francis Tannahill Gewurtzraminer, Columbia Valley, WA', NULL, '12/44', NULL, NULL, NULL, NULL, NULL, NULL, NULL, NULL, NULL, NULL, '2017-03-10 01:34:07', '2017-03-10 01:34:07', '35079b26-7956-41d9-a53b-7d06e90b8d22'),
 ('104', '130', 'en_us', '2014 Dunham Cellars Chardonnay Shirley Mays, Columbia Valley, WA', NULL, '14/52', NULL, NULL, NULL, NULL, NULL, NULL, NULL, NULL, NULL, NULL, '2017-03-10 01:34:43', '2017-03-10 01:34:43', 'd64bb501-8b1d-4719-b1a0-1e2b3fa3cb57'),
 ('105', '131', 'en_us', '2015 Cidrerie du Vulcain, Fribourg, Switzerland', NULL, '14/52', NULL, NULL, NULL, NULL, NULL, NULL, NULL, NULL, NULL, NULL, '2017-03-10 01:35:45', '2017-03-10 01:35:45', 'b0c5f0f9-4ee2-4d77-905a-c5203d1b0183'),
 ('106', '132', 'en_us', '2015 Ottella RosesRoses, Veneto, Italy', NULL, '12/44', NULL, NULL, NULL, NULL, NULL, NULL, NULL, NULL, NULL, NULL, '2017-03-10 01:38:40', '2017-03-10 01:38:40', '228cff84-3d2e-4828-9a85-2da649958ed6'),
 ('107', '133', 'en_us', '2015 Château Thivin Beaujolais Villages rosé', NULL, '12/44', NULL, NULL, NULL, NULL, NULL, NULL, NULL, NULL, NULL, NULL, '2017-03-10 01:39:09', '2017-03-10 03:01:54', 'ea493dad-f196-43b4-80c7-5ed3c552235b'),
 ('108', '134', 'en_us', '2015 Los Cucos de la Alberquilla, Cabernet Sauvignon, Jumilla, Spain', NULL, '12/44', NULL, NULL, NULL, NULL, NULL, NULL, NULL, NULL, NULL, NULL, '2017-03-10 01:39:45', '2017-03-10 03:01:43', 'bed448ee-4a90-4194-b1be-eee3acb7e1e1'),
 ('109', '135', 'en_us', '2015 Nada Giuseppe Nebbiolo, Langhe, Italy', NULL, '12/44', NULL, NULL, NULL, NULL, NULL, NULL, NULL, NULL, NULL, NULL, '2017-03-10 01:50:35', '2017-03-10 01:50:35', '75bb3d0f-81e0-4cc2-b393-55729207dcc6'),
 ('110', '136', 'en_us', '2014 Omero Pinot Noir, Willamette Valley, Oregon', NULL, '14/52', NULL, NULL, NULL, NULL, NULL, NULL, NULL, NULL, NULL, NULL, '2017-03-10 01:51:14', '2017-03-10 01:51:14', '45cb44e0-8102-4dca-83fe-c855ebad0fb8'),
 ('111', '137', 'en_us', '2007 Sol Ezio Cerruti Moscato Langhe, Italy (3oz)', NULL, '14/52', NULL, NULL, NULL, NULL, NULL, NULL, NULL, NULL, NULL, NULL, '2017-03-10 01:52:12', '2017-03-10 01:52:12', 'a92b06ac-5a8b-4f51-9561-3c648b6d393e'),
 ('112', '140', 'en_us', 'wine list', NULL, NULL, NULL, NULL, NULL, NULL, NULL, NULL, NULL, NULL, NULL, NULL, '2017-03-10 02:01:36', '2017-03-10 02:25:25', 'e8840bc7-bf84-460b-a922-f7d1526d36bf'),
 ('113', '143', 'en_us', '2014 Nicolas Potel Mâcon-Villages Blanc, Mâcon, France', NULL, '', NULL, NULL, NULL, NULL, NULL, NULL, NULL, NULL, NULL, NULL, '2017-03-10 02:03:03', '2017-03-10 02:16:47', 'df39d233-c76d-454c-b263-2f6fa27354b5'),
 ('114', '144', 'en_us', '2015 Leah Jorgensen Sauvignon Blanc, Rogue Valley, OR', NULL, '', NULL, NULL, NULL, NULL, NULL, NULL, NULL, NULL, NULL, NULL, '2017-03-10 02:03:37', '2017-03-10 02:16:44', '7fb7b8fc-c14a-4c23-b998-42b93fc6916c'),
 ('115', '145', 'en_us', '2014 Ulacia Getariako Txakolina, Getaria, Spain', NULL, '', NULL, NULL, NULL, NULL, NULL, NULL, NULL, NULL, NULL, NULL, '2017-03-10 02:05:00', '2017-03-10 02:16:39', '99be9244-cd3a-4d17-90cb-93a86d5d0574'),
 ('116', '146', 'en_us', '2013 La Roche Bézigon Chenin Blanc, Loire, France', NULL, '', NULL, NULL, NULL, NULL, NULL, NULL, NULL, NULL, NULL, NULL, '2017-03-10 02:07:16', '2017-03-10 02:16:16', 'ae71df12-a1b2-42a0-8c16-9816194fd53b'),
 ('117', '147', 'en_us', '2015 CVNE Monopole Clasico', NULL, '', NULL, NULL, NULL, NULL, NULL, NULL, NULL, NULL, NULL, NULL, '2017-03-10 02:07:35', '2017-03-10 02:10:03', '1b6853bf-c7f5-4d15-9cf4-bc8581c00a4e'),
 ('118', '148', 'en_us', '2015 L\'Insolite Chenin Blanc, Saumur, France', NULL, '', NULL, NULL, NULL, NULL, NULL, NULL, NULL, NULL, NULL, NULL, '2017-03-10 02:08:03', '2017-03-10 02:14:14', '7bb09eb5-37b4-46b3-8a74-1ad629187427'),
 ('119', '149', 'en_us', '2013 Les Vignes Derrière Montagny 1er Cru, Burgundy, France', NULL, '', NULL, NULL, NULL, NULL, NULL, NULL, NULL, NULL, NULL, NULL, '2017-03-10 02:08:38', '2017-03-10 02:14:24', 'e0786bcc-ae1b-4280-99db-b5d91739ebed'),
 ('120', '150', 'en_us', '2004 Château D\'Orschwihr Grand Cru Riesling, Alsace, France', NULL, '', NULL, NULL, NULL, NULL, NULL, NULL, NULL, NULL, NULL, NULL, '2017-03-10 02:09:06', '2017-03-10 02:09:06', 'a05c85fb-ba79-4f0b-81e7-f3685cd6789b'),
 ('121', '151', 'en_us', '2014 Leah Jorgensen Blanc De Cabernet Franc', NULL, '', NULL, NULL, NULL, NULL, NULL, NULL, NULL, NULL, NULL, NULL, '2017-03-10 02:09:48', '2017-03-10 02:09:48', '48137e41-47dc-4236-a6ea-c0585b86f0a9'),
 ('122', '152', 'en_us', '2014 Domaine Laroche Chablis \"Vieille Voye\"', NULL, '', NULL, NULL, NULL, NULL, NULL, NULL, NULL, NULL, NULL, NULL, '2017-03-10 02:10:51', '2017-03-10 02:10:51', '4d5be70e-3b0a-423f-9ccd-fc05d76c66bc'),
 ('123', '153', 'en_us', '2015 Mac Forbes Chardonnay, Yarra Valley, Australia', NULL, '', NULL, NULL, NULL, NULL, NULL, NULL, NULL, NULL, NULL, NULL, '2017-03-10 02:11:22', '2017-03-10 02:11:22', '23ac4f1d-9caa-4731-9139-0df30d5a4d54'),
 ('124', '154', 'en_us', '2013 Kracher Cuvée Auslese (375ml), Burgenland, Austria', NULL, '', NULL, NULL, NULL, NULL, NULL, NULL, NULL, NULL, NULL, NULL, '2017-03-10 02:12:17', '2017-03-10 02:12:17', '6569c99b-1df0-4503-8027-91eabcd7cdca'),
 ('125', '155', 'en_us', '2007 Disnókö 5 Puttonyos Tokaj, Hungary', NULL, '', NULL, NULL, NULL, NULL, NULL, NULL, NULL, NULL, NULL, NULL, '2017-03-10 02:13:11', '2017-03-10 02:13:11', 'deade158-42a6-4459-99f8-b24bfa95517e'),
 ('126', '156', 'en_us', '2014 Chateau Gilette Les Justices Sauternes, France', NULL, '', NULL, NULL, NULL, NULL, NULL, NULL, NULL, NULL, NULL, NULL, '2017-03-10 02:13:30', '2017-03-10 02:13:30', '2cd672c4-10c7-43dd-9a5e-5ce368c5c625'),
 ('127', '157', 'en_us', '2010 Colli Euganei Rosso Riserva, Veneto, Italy', NULL, '', NULL, NULL, NULL, NULL, NULL, NULL, NULL, NULL, NULL, NULL, '2017-03-10 02:17:26', '2017-03-10 02:17:26', '5570da7f-9914-425d-8095-52a1b3a4369d'),
 ('128', '158', 'en_us', '2015 Leah Jorgensen \'Tour Rain\' Gamay/Cabernet Franc, Rogue Valley, OR', NULL, '', NULL, NULL, NULL, NULL, NULL, NULL, NULL, NULL, NULL, NULL, '2017-03-10 02:18:16', '2017-03-10 02:18:16', 'a6eeb5cd-1f5a-4022-ac85-f9628aab3441'),
 ('129', '159', 'en_us', '2013 Francis Tannahill Pinot Noir, \'The Hermit\' Dundee Hills, OR', NULL, '', NULL, NULL, NULL, NULL, NULL, NULL, NULL, NULL, NULL, NULL, '2017-03-10 02:18:43', '2017-03-10 02:18:43', '47b68322-392c-4d24-a8bc-31e5967bf940'),
 ('130', '160', 'en_us', '2013 Gilbert Cellars Left Bank Red, Columbia Valley, WA', NULL, '', NULL, NULL, NULL, NULL, NULL, NULL, NULL, NULL, NULL, NULL, '2017-03-10 02:19:12', '2017-03-10 02:19:12', '2b7cce13-3ee3-41a5-9bf9-5affea6fe586'),
 ('131', '161', 'en_us', '2012 Mullineaux Syrah, Swartland, South Africa', NULL, '', NULL, NULL, NULL, NULL, NULL, NULL, NULL, NULL, NULL, NULL, '2017-03-10 02:19:31', '2017-03-10 02:19:31', 'e24715a4-c145-4b4b-8d57-08f3f175ee37');
INSERT INTO `craft_content` (`id`, `elementId`, `locale`, `title`, `field_body`, `field_price`, `field_linkUrl`, `field_navigationLinks`, `field_line1`, `field_line2`, `field_line3Bottom`, `field_pressLinkUrl`, `field_pressLinkText`, `field_timedAnnouncements`, `field_announcementText`, `field_ourFamilyPlainText`, `dateCreated`, `dateUpdated`, `uid`) VALUES
 ('132', '162', 'en_us', '2010 CVNE Gran Reserva, Rioja, Spain', NULL, '', NULL, NULL, NULL, NULL, NULL, NULL, NULL, NULL, NULL, NULL, '2017-03-10 02:19:47', '2017-03-10 02:19:47', '2a330487-0055-4948-8c15-2dc68bf5ee61'),
 ('133', '163', 'en_us', '2015 Leah Jorgensen Southern Oregon Cabernet France, Rogue Valley, OR', NULL, '', NULL, NULL, NULL, NULL, NULL, NULL, NULL, NULL, NULL, NULL, '2017-03-10 02:20:21', '2017-03-10 02:20:21', '84ab4328-82de-41a7-b03a-b6d21d5b4548'),
 ('134', '164', 'en_us', '2013 Woodward Canyon Cabernet Sauvignon, Columbia Valley, WA', NULL, '', NULL, NULL, NULL, NULL, NULL, NULL, NULL, NULL, NULL, NULL, '2017-03-10 02:20:45', '2017-03-10 02:20:45', 'cf0c9db5-e11c-492d-a367-fbb674aba684'),
 ('135', '165', 'en_us', '2013 Darioush, Cabernet Sauvignon, Napa Valley, CA', NULL, '', NULL, NULL, NULL, NULL, NULL, NULL, NULL, NULL, NULL, NULL, '2017-03-10 02:21:05', '2017-03-10 02:21:05', '335fbe7f-b699-4305-9912-ea60a600103e'),
 ('136', '166', 'en_us', '2012 Figgins, Bordeaux Blend, Walla Walla, WA', NULL, '', NULL, NULL, NULL, NULL, NULL, NULL, NULL, NULL, NULL, NULL, '2017-03-10 02:21:27', '2017-03-10 02:21:27', 'b845b6f1-8020-4979-a515-76933c91a38c'),
 ('137', '167', 'en_us', '2011 Numanthia, Toro, Spain', NULL, '', NULL, NULL, NULL, NULL, NULL, NULL, NULL, NULL, NULL, NULL, '2017-03-10 02:21:43', '2017-03-10 02:21:43', 'e5ea004a-1452-4235-b238-7f1cfc0b8b1c'),
 ('138', '168', 'en_us', '2010 Principiano Barolo, Italy', NULL, '', NULL, NULL, NULL, NULL, NULL, NULL, NULL, NULL, NULL, NULL, '2017-03-10 02:21:56', '2017-03-10 02:21:56', '622018dc-419c-43bb-adde-6c2de875bb8e'),
 ('139', '169', 'en_us', '2013 Continuum Napa Valley, CA', NULL, '', NULL, NULL, NULL, NULL, NULL, NULL, NULL, NULL, NULL, NULL, '2017-03-10 02:22:18', '2017-03-10 02:22:18', '25766acd-f620-45ed-a69f-1eddf229cf75'),
 ('140', '170', 'en_us', 'Port Brewing Wipeout IPA', NULL, '7', NULL, NULL, NULL, NULL, NULL, NULL, NULL, NULL, NULL, NULL, '2017-03-10 02:25:51', '2017-03-10 03:01:21', '034b2447-608d-4eeb-83f9-a4caa61c3e4c'),
 ('141', '171', 'en_us', 'Pfriem Brewing Pilsner', NULL, '7', NULL, NULL, NULL, NULL, NULL, NULL, NULL, NULL, NULL, NULL, '2017-03-10 02:26:20', '2017-03-10 03:01:16', 'b70027df-d78b-49f9-98b3-affc202bbcec'),
 ('142', '172', 'en_us', 'Avery Liliko\'i Kepolo Wit', NULL, '7', NULL, NULL, NULL, NULL, NULL, NULL, NULL, NULL, NULL, NULL, '2017-03-10 02:27:06', '2017-03-10 03:01:04', 'b75bbdf4-ff4a-476f-abbd-bec6ad47e84e'),
 ('143', '173', 'en_us', 'Anderson Valley Barney Flats Oatmeal Stout', NULL, '7', NULL, NULL, NULL, NULL, NULL, NULL, NULL, NULL, NULL, NULL, '2017-03-10 02:27:23', '2017-03-10 03:01:12', 'b15ae025-e517-4819-83af-a4e4c057e22e'),
 ('144', '174', 'en_us', 'Dogfish Head Brewing Burton Baton', NULL, '10', NULL, NULL, NULL, NULL, NULL, NULL, NULL, NULL, NULL, NULL, '2017-03-10 02:27:42', '2017-03-10 03:00:58', 'a35a8ec9-f42c-4e13-a1a4-07d4e28a9010'),
 ('146', '176', 'en_us', 'Pratt Mbar Seattle Details 1', NULL, NULL, NULL, NULL, NULL, NULL, NULL, NULL, NULL, NULL, NULL, NULL, '2017-03-15 21:55:26', '2017-03-15 21:59:56', '794748c6-8531-4f56-92ad-6f8f8047e06a'),
 ('147', '177', 'en_us', 'Pratt Mbar Seattle Details 12', NULL, NULL, NULL, NULL, NULL, NULL, NULL, NULL, NULL, NULL, NULL, NULL, '2017-03-15 21:55:28', '2017-03-15 21:55:28', '3598b735-2b6f-43f5-8756-df4e814bb0de'),
 ('148', '178', 'en_us', 'Pratt Mbar Seattle Food 16', NULL, NULL, NULL, NULL, NULL, NULL, NULL, NULL, NULL, NULL, NULL, NULL, '2017-03-15 21:55:31', '2017-03-15 21:55:31', 'fdd96725-c9c1-445f-b684-e759420fd6bd'),
 ('149', '179', 'en_us', 'Pratt Mbar Seattle Food 23', NULL, NULL, NULL, NULL, NULL, NULL, NULL, NULL, NULL, NULL, NULL, NULL, '2017-03-15 21:55:33', '2017-03-15 21:55:33', '787864cd-b213-4ec7-8366-c2445cc10b76'),
 ('150', '180', 'en_us', 'Pratt Mbar Seattle Food 29', NULL, NULL, NULL, NULL, NULL, NULL, NULL, NULL, NULL, NULL, NULL, NULL, '2017-03-15 21:55:36', '2017-03-15 21:55:36', '5c2074f3-04f4-48d3-9908-129cdb005264'),
 ('151', '181', 'en_us', 'Pratt Mbar Seattle Food 31', NULL, NULL, NULL, NULL, NULL, NULL, NULL, NULL, NULL, NULL, NULL, NULL, '2017-03-15 21:55:38', '2017-03-15 21:55:38', '0d6c876a-018b-4208-86dc-68f5d5df2442'),
 ('152', '182', 'en_us', 'Pratt Mbar Seattle Food 38', NULL, NULL, NULL, NULL, NULL, NULL, NULL, NULL, NULL, NULL, NULL, NULL, '2017-03-15 21:55:40', '2017-03-15 21:55:40', '07b3fd66-6f26-4b98-a28f-96c62879fd92'),
 ('153', '183', 'en_us', 'Pratt Mbar Seattle Food 60', NULL, NULL, NULL, NULL, NULL, NULL, NULL, NULL, NULL, NULL, NULL, NULL, '2017-03-15 21:55:42', '2017-03-15 21:55:42', '0010c8cd-ff3d-4d9c-bf53-70acfd3e3c1e'),
 ('154', '184', 'en_us', 'Pratt Mbar Seattle Food 64', NULL, NULL, NULL, NULL, NULL, NULL, NULL, NULL, NULL, NULL, NULL, NULL, '2017-03-15 21:55:44', '2017-03-15 21:55:44', '2279d8a4-451c-4f34-8851-781a08c1e167'),
 ('155', '185', 'en_us', 'Pratt Mbar Seattle Food 65', NULL, NULL, NULL, NULL, NULL, NULL, NULL, NULL, NULL, NULL, NULL, NULL, '2017-03-15 21:55:48', '2017-03-15 21:55:48', 'e3029073-d2cd-4f3c-89f6-516bf8c8dbb8'),
 ('156', '186', 'en_us', 'Pratt Mbar Seattle Interior Exterior 1', NULL, NULL, NULL, NULL, NULL, NULL, NULL, NULL, NULL, NULL, NULL, NULL, '2017-03-15 21:55:51', '2017-03-15 21:55:51', '7100ae60-db62-42b6-af29-543eb5d541f5'),
 ('157', '187', 'en_us', 'Pratt Mbar Seattle Interior Exterior 2', NULL, NULL, NULL, NULL, NULL, NULL, NULL, NULL, NULL, NULL, NULL, NULL, '2017-03-15 21:55:54', '2017-03-15 21:55:54', 'd1ac6b86-6cbc-42f2-b6a5-1e48ad2c5ed3'),
 ('158', '188', 'en_us', 'Pratt Mbar Seattle Interior Exterior 5', NULL, NULL, NULL, NULL, NULL, NULL, NULL, NULL, NULL, NULL, NULL, NULL, '2017-03-15 21:55:56', '2017-03-15 21:55:56', 'b146afea-02bb-4a59-b017-35ce02092937'),
 ('159', '189', 'en_us', 'Pratt Mbar Seattle Interior Exterior 6', NULL, NULL, NULL, NULL, NULL, NULL, NULL, NULL, NULL, NULL, NULL, NULL, '2017-03-15 21:55:59', '2017-03-15 21:55:59', 'fd9e542e-db7e-4aac-809b-38d8b74e7cf1'),
 ('160', '190', 'en_us', 'Pratt Mbar Seattle Interior Exterior 8', NULL, NULL, NULL, NULL, NULL, NULL, NULL, NULL, NULL, NULL, NULL, NULL, '2017-03-15 21:56:02', '2017-03-15 21:56:02', 'a6fca309-9922-40ae-ad7e-7554743cb009'),
 ('161', '191', 'en_us', 'Pratt Mbar Seattle Interior Exterior 12', NULL, NULL, NULL, NULL, NULL, NULL, NULL, NULL, NULL, NULL, NULL, NULL, '2017-03-15 21:56:05', '2017-03-15 21:56:05', '02f0c494-8779-4658-9abf-df4088d6adc4'),
 ('162', '192', 'en_us', 'Pratt Mbar Seattle Interior Exterior 14', NULL, NULL, NULL, NULL, NULL, NULL, NULL, NULL, NULL, NULL, NULL, NULL, '2017-03-15 21:56:08', '2017-04-06 19:53:12', '87d77e91-e610-4a37-a61d-1bcb95e3ae29'),
 ('163', '193', 'en_us', 'Pratt Mbar Seattle Interior Exterior 19', NULL, NULL, NULL, NULL, NULL, NULL, NULL, NULL, NULL, NULL, NULL, NULL, '2017-03-15 21:56:11', '2017-03-15 21:56:11', '2db9a822-24ad-4f9e-bc7f-4f272ff4b494'),
 ('164', '194', 'en_us', 'Pratt Mbar Seattle Interior Exterior 23', NULL, NULL, NULL, NULL, NULL, NULL, NULL, NULL, NULL, NULL, NULL, NULL, '2017-03-15 21:56:13', '2017-03-15 21:56:13', '5f132f1d-893d-4222-8cd4-419089466422'),
 ('165', '195', 'en_us', 'Pratt Mbar Seattle Interior Exterior 25', NULL, NULL, NULL, NULL, NULL, NULL, NULL, NULL, NULL, NULL, NULL, NULL, '2017-03-15 21:56:15', '2017-03-15 21:56:15', '969c055e-7021-4b33-b7ea-eb7b122785ec'),
 ('166', '196', 'en_us', 'Pratt Mbar Seattle Interior Exterior 28', NULL, NULL, NULL, NULL, NULL, NULL, NULL, NULL, NULL, NULL, NULL, NULL, '2017-03-15 21:56:19', '2017-03-15 21:56:19', 'c867d299-f162-43a9-bf3e-110830100660'),
 ('167', '197', 'en_us', 'Pratt Mbar Seattle Interior Exterior 29', NULL, NULL, NULL, NULL, NULL, NULL, NULL, NULL, NULL, NULL, NULL, NULL, '2017-03-15 21:56:24', '2017-03-15 21:56:24', '75e648fd-fcf6-4083-afc6-1adb5c0ec917'),
 ('168', '198', 'en_us', 'Pratt Mbar Seattle Interior 2', NULL, NULL, NULL, NULL, NULL, NULL, NULL, NULL, NULL, NULL, NULL, NULL, '2017-03-15 21:56:27', '2017-03-15 21:56:27', '62f78b9a-45fa-4a49-982b-3bf74205b345'),
 ('169', '199', 'en_us', 'Pratt Mbar Seattle Interior 9', NULL, NULL, NULL, NULL, NULL, NULL, NULL, NULL, NULL, NULL, NULL, NULL, '2017-03-15 21:56:32', '2017-03-15 21:56:32', '91bafe61-f989-4bbe-b9ff-b8652dee7cf9'),
 ('170', '200', 'en_us', 'Pratt Mbar Seattle Interior 15', NULL, NULL, NULL, NULL, NULL, NULL, NULL, NULL, NULL, NULL, NULL, NULL, '2017-03-15 21:56:35', '2017-03-15 21:56:35', '48158c3c-1243-4070-bea2-fa005ea90525'),
 ('171', '201', 'en_us', 'Rainbow Chair', '<p>Our heated and covered section of the patio makes for a fantastic outdoor experience no matter the weather.  Whether it\'s raining sideways and thirty-five degrees, or blue skies and sunshine, the swinging rainbow egg will always be one of the most coveted seats in house.  The covered section of the patio bar is also available for private parties!  Please fill out the event request form below for more details.  <em>*insider tip* - if you\'re still feeling a little chilly, we have a selection of handcrafted quilts by local artist, Joey Veltkamp, to keep you cozy.</em></p>', NULL, NULL, NULL, NULL, NULL, NULL, NULL, NULL, NULL, NULL, NULL, '2017-03-15 21:58:20', '2017-04-12 15:59:43', '1c89e31d-cc39-48ed-bb6e-a626d0448209'),
 ('172', '202', 'en_us', 'Patio Seaplane', '<p>Enjoy unparalleled views of South Lake Union and sip a martini while watching Duck Dodge sailboat races.  Quaff a beer and watch the seaplanes land.  Or hangout by the fire and make some new friends!</p>', NULL, NULL, NULL, NULL, NULL, NULL, NULL, NULL, NULL, NULL, NULL, '2017-03-20 23:12:43', '2017-04-12 16:00:37', '8e56ac38-75a3-46fb-983d-6cc625315c3a'),
 ('174', '204', 'en_us', 'WE ARE CLOSED TODAY, MAY 9TH, FOR A PRIVATE FUNCTION.', NULL, NULL, NULL, NULL, NULL, NULL, NULL, NULL, NULL, NULL, 'Our Ground Control bar will remain open to the public and we hope to see you soon!', NULL, '2017-03-24 20:21:01', '2017-05-09 18:50:52', '9e190b07-9e71-46e7-a2f4-c12182056ad9'),
 ('175', '205', 'en_us', 'Will Moseley - Manager, Business Development', '', NULL, NULL, NULL, NULL, NULL, NULL, NULL, NULL, NULL, NULL, 'will@mamnoonrestaurant.com', '2017-03-24 22:50:59', '2017-04-30 18:31:20', 'a0429633-57cc-4516-840b-186a510c5959'),
 ('177', '207', 'en_us', 'Seaplane', NULL, NULL, NULL, NULL, NULL, NULL, NULL, NULL, NULL, NULL, NULL, NULL, '2017-04-06 19:37:36', '2017-04-06 19:37:36', '505717a2-be8e-4e46-9168-1f9c177d098e'),
 ('178', '208', 'en_us', 'Img 2273', NULL, NULL, NULL, NULL, NULL, NULL, NULL, NULL, NULL, NULL, NULL, NULL, '2017-04-06 19:48:54', '2017-04-06 19:48:54', 'b0f0757a-8456-4f46-8a52-ec2c23aa2b50'),
 ('180', '210', 'en_us', 'Exterior Cover', NULL, NULL, NULL, NULL, NULL, NULL, NULL, NULL, NULL, NULL, NULL, NULL, '2017-04-06 19:53:21', '2017-04-12 16:06:37', '832d0ef2-3fdc-4b65-af43-181c914be942'),
 ('182', '212', 'en_us', 'Izzy Hsieh - Guest Relations Manager', '', NULL, NULL, NULL, NULL, NULL, NULL, NULL, NULL, NULL, NULL, 'izzy@mbarseattle.com\r\n<br><br>\r\n\"You wanna try a weird snack?  It\'s really good. I swear.\"', '2017-04-06 20:02:14', '2017-04-30 18:31:11', '13bd34ef-aad9-48de-ba79-4276f03f8f87'),
 ('184', '214', 'en_us', 'mbar bread service: 1/4 seawolf baguette, labneh, calabrian chiles, olives & cultured butter', NULL, '6', NULL, NULL, NULL, NULL, NULL, NULL, NULL, NULL, NULL, NULL, '2017-04-11 21:08:17', '2017-04-11 21:08:17', 'b677afa8-1950-4aed-8f14-6bb805a2aed1'),
 ('185', '215', 'en_us', 'mbar salumi plate: nightly selection with cornichons & mustard', NULL, '18', NULL, NULL, NULL, NULL, NULL, NULL, NULL, NULL, NULL, NULL, '2017-04-11 21:08:39', '2017-04-23 00:23:35', 'ec53ebb2-07ca-40c4-a073-47d33033f0a6'),
 ('186', '216', 'en_us', 'Olive oil poached salmon with shaved raw baby artichoke, radish & wood sorrel', NULL, '15', NULL, NULL, NULL, NULL, NULL, NULL, NULL, NULL, NULL, NULL, '2017-04-11 21:09:18', '2017-04-11 21:09:18', '53b982f4-4d27-4e94-b059-dc93c16c972a'),
 ('187', '217', 'en_us', 'Roasted cauliflower hummus with crudité & rice beans', NULL, '11', NULL, NULL, NULL, NULL, NULL, NULL, NULL, NULL, NULL, NULL, '2017-04-11 21:09:43', '2017-04-11 21:09:43', '247f9e13-7ad9-4d3b-b7a5-c74ec444886f'),
 ('188', '218', 'en_us', 'Spring vegetable broth with black rice, english peas & parmegiano-reggiano', NULL, '11', NULL, NULL, NULL, NULL, NULL, NULL, NULL, NULL, NULL, NULL, '2017-04-11 21:10:31', '2017-05-04 19:12:20', 'cbad8e5a-20bd-4355-85ec-c0074df3c10f'),
 ('189', '219', 'en_us', 'Escarole salad with anchovy, walnut & tarragon', NULL, '11', NULL, NULL, NULL, NULL, NULL, NULL, NULL, NULL, NULL, NULL, '2017-04-11 21:12:30', '2017-04-11 21:12:30', 'df1a4840-4007-4ca4-a653-35d9d48d3d20'),
 ('190', '220', 'en_us', 'Winter citrus salad with watercress parmigiano-reggiano & chestnut honey', NULL, '14', NULL, NULL, NULL, NULL, NULL, NULL, NULL, NULL, NULL, NULL, '2017-04-11 21:13:48', '2017-04-11 21:13:48', '22fac872-9e7d-4752-a86f-a1c28018552b'),
 ('191', '221', 'en_us', 'King oyster mushroom & baby beets with crushed egg, pecan & cumin', NULL, '13', NULL, NULL, NULL, NULL, NULL, NULL, NULL, NULL, NULL, NULL, '2017-04-11 21:16:44', '2017-04-11 21:16:44', '31c94a49-9b5c-4cca-84d9-b19e178b9896'),
 ('192', '222', 'en_us', 'Grilled Washington aparagus with black garlic molasses, black sesame, lime & soy', NULL, '11', NULL, NULL, NULL, NULL, NULL, NULL, NULL, NULL, NULL, NULL, '2017-04-11 21:18:21', '2017-04-11 21:18:21', 'b674fad9-9aad-49b3-9388-40158121c352'),
 ('193', '223', 'en_us', 'Pauline\'s favorite braised Whidbey Island collard greens with house smoked hamhock, chiles & vinegar', NULL, '11', NULL, NULL, NULL, NULL, NULL, NULL, NULL, NULL, NULL, NULL, '2017-04-11 21:21:37', '2017-04-11 21:21:37', 'e7aadad1-18b4-478e-ae37-c54a9420885f'),
 ('194', '224', 'en_us', 'Tagliatelle with huckleberry marinara, vodka & basil', NULL, '11/21', NULL, NULL, NULL, NULL, NULL, NULL, NULL, NULL, NULL, NULL, '2017-04-11 21:27:11', '2017-04-23 00:23:04', '8323af8e-f5d6-4246-ae27-60e9221d6e3c'),
 ('195', '225', 'en_us', 'Black spaghetti with dungeness crab, trout roe, lime leaf, meyer lemon & brioche breadcrumbs 17/26', NULL, '17/26', NULL, NULL, NULL, NULL, NULL, NULL, NULL, NULL, NULL, NULL, '2017-04-11 21:27:58', '2017-04-11 21:27:58', 'd75a438a-177c-4c36-b04a-4475842c0c92'),
 ('196', '226', 'en_us', 'Strozzapretti with rabbit and foie gras bolognese bianca', NULL, '12/23', NULL, NULL, NULL, NULL, NULL, NULL, NULL, NULL, NULL, NULL, '2017-04-11 21:28:26', '2017-04-11 21:28:26', 'c426274a-75fb-45bf-ac45-af854c22e7c0'),
 ('197', '227', 'en_us', 'Grilled elk chop with chestnuts & wild huckleberry', NULL, '38', NULL, NULL, NULL, NULL, NULL, NULL, NULL, NULL, NULL, NULL, '2017-04-11 21:28:58', '2017-04-11 21:28:58', 'fdaa692e-1c60-4424-a77d-74a6b1a5412b'),
 ('198', '228', 'en_us', 'Steamed halibut with pine nuts, wild leek & tahini sauce', NULL, '34', NULL, NULL, NULL, NULL, NULL, NULL, NULL, NULL, NULL, NULL, '2017-04-11 21:29:24', '2017-04-11 21:29:24', '189fc124-f7eb-467f-9812-fd5c50bd5490'),
 ('199', '229', 'en_us', 'Skirt steak with baby turnip, spring raab, nettles & anchovy butter', NULL, '33', NULL, NULL, NULL, NULL, NULL, NULL, NULL, NULL, NULL, NULL, '2017-04-11 21:30:27', '2017-04-23 00:24:03', '9e3479c3-366b-4e0b-8c23-4dc5301ed6b9'),
 ('200', '230', 'en_us', 'Pacific octopus with spicy fried potatoes, grilled lime & calabrian chiles', NULL, '27', NULL, NULL, NULL, NULL, NULL, NULL, NULL, NULL, NULL, NULL, '2017-04-11 21:33:14', '2017-04-11 21:33:14', '87233cf9-467f-489d-bdd0-1dae05910f99'),
 ('201', '231', 'en_us', 'Grilled trout with avocado, sumac, labneh & fenugreek', NULL, '29', NULL, NULL, NULL, NULL, NULL, NULL, NULL, NULL, NULL, NULL, '2017-04-11 21:33:37', '2017-04-11 21:33:37', 'ccb792d4-235b-4895-a66b-ecdd556598a8'),
 ('202', '233', 'en_us', 'Fb Img 1491949270186', NULL, NULL, NULL, NULL, NULL, NULL, NULL, NULL, NULL, NULL, NULL, NULL, '2017-04-11 22:24:08', '2017-04-11 22:24:08', 'f9308bfa-743f-4e07-8968-79df1e7502c6'),
 ('203', '234', 'en_us', 'Pratt Mbar Seattle Interior Exterior 12', NULL, NULL, NULL, NULL, NULL, NULL, NULL, NULL, NULL, NULL, NULL, NULL, '2017-04-12 15:57:08', '2017-04-12 15:59:38', '68ff4e73-4ccc-4426-8fa9-e30d3b1d78e2'),
 ('204', '235', 'en_us', 'Plane', NULL, NULL, NULL, NULL, NULL, NULL, NULL, NULL, NULL, NULL, NULL, NULL, '2017-04-12 15:57:31', '2017-04-12 16:00:28', 'b9f243c3-94ce-446e-8b3e-ca684a1a33bb'),
 ('207', '238', 'en_us', '2', NULL, NULL, NULL, NULL, NULL, NULL, NULL, NULL, NULL, NULL, NULL, NULL, '2017-04-12 16:05:00', '2017-04-12 16:05:00', 'bf4ef29b-77e0-4de0-ae77-7d1939821231'),
 ('208', '239', 'en_us', '4', NULL, NULL, NULL, NULL, NULL, NULL, NULL, NULL, NULL, NULL, NULL, NULL, '2017-04-12 16:05:34', '2017-04-12 16:05:34', 'b7a26ceb-b835-4740-bba4-ee1629329ff9'),
 ('209', '240', 'en_us', '3', NULL, NULL, NULL, NULL, NULL, NULL, NULL, NULL, NULL, NULL, NULL, NULL, '2017-04-12 16:06:30', '2017-04-12 16:06:30', '30f031ea-79d7-42b9-8c99-5ae41087ae8d'),
 ('210', '241', 'en_us', 'Ani Headshot', NULL, NULL, NULL, NULL, NULL, NULL, NULL, NULL, NULL, NULL, NULL, NULL, '2017-04-14 21:52:11', '2017-04-14 21:52:11', 'e1e379a0-8cfe-452e-a6c0-2f76a2482b1a'),
 ('211', '242', 'en_us', 'Wassef Headshot', NULL, NULL, NULL, NULL, NULL, NULL, NULL, NULL, NULL, NULL, NULL, NULL, '2017-04-14 23:53:25', '2017-04-14 23:53:25', '69b02399-f2ee-4fa9-877f-6b5f8a8cc580'),
 ('212', '243', 'en_us', 'Seattle Magazine', '<p>A tour of Beirut with the Mamnoon and mbar teams</p>', NULL, NULL, NULL, NULL, NULL, NULL, 'http://www.seattlemag.com/eat-and-drink/tour-and-taste-beirut', 'http://www.seattlemag.com/eat-and-drink/tour-and-taste-beirut', NULL, NULL, NULL, '2017-04-15 00:01:12', '2017-04-15 00:03:11', '04cb3d28-541e-4a9d-b08b-bc5c24e8850f'),
 ('213', '244', 'en_us', NULL, NULL, NULL, NULL, NULL, NULL, NULL, NULL, NULL, NULL, NULL, NULL, NULL, '2017-04-18 21:49:33', '2017-04-18 21:50:07', 'a65a21ff-af00-4157-9eba-37dea97d4cd3'),
 ('214', '245', 'en_us', 'Slow roasted duck leg with shaved watermelon radish, cumin & rhubarb', NULL, '26', NULL, NULL, NULL, NULL, NULL, NULL, NULL, NULL, NULL, NULL, '2017-04-23 00:24:21', '2017-04-23 00:24:21', 'de779c01-aa11-4bae-865c-c3c50f43d8da'),
 ('215', '246', 'en_us', 'Fullsizeoutput A34', NULL, NULL, NULL, NULL, NULL, NULL, NULL, NULL, NULL, NULL, NULL, NULL, '2017-04-28 20:04:38', '2017-04-28 20:04:38', 'e48a587a-f983-41cc-91b6-c1979cb9d5f0'),
 ('216', '247', 'en_us', 'Fullsizeoutput A3A', NULL, NULL, NULL, NULL, NULL, NULL, NULL, NULL, NULL, NULL, NULL, NULL, '2017-04-28 20:11:18', '2017-04-28 20:11:18', '7d51b43c-9666-4d9a-a1fc-b60f34ea624e'),
 ('217', '248', 'en_us', 'Fullsizeoutput A38', NULL, NULL, NULL, NULL, NULL, NULL, NULL, NULL, NULL, NULL, NULL, NULL, '2017-04-28 20:11:28', '2017-04-28 20:11:28', '8c6f5dff-c5bd-42e6-b5e2-1d82623f34bf'),
 ('218', '249', 'en_us', 'Anthony Reynaga - Sous Chef', '', NULL, NULL, NULL, NULL, NULL, NULL, NULL, NULL, NULL, NULL, 'anthony@mbarseattle.com', '2017-04-28 20:11:34', '2017-04-30 18:31:28', '9916b2b3-e8fe-4c35-8230-f3cf0b78eb38'),
 ('219', '250', 'en_us', 'Fullsizeoutput A3E', NULL, NULL, NULL, NULL, NULL, NULL, NULL, NULL, NULL, NULL, NULL, NULL, '2017-04-28 20:37:02', '2017-04-28 20:37:02', 'bbfad58b-6a0f-4f70-8171-8e9e3260fdec'),
 ('220', '251', 'en_us', 'Img 4642', NULL, NULL, NULL, NULL, NULL, NULL, NULL, NULL, NULL, NULL, NULL, NULL, '2017-04-28 21:17:02', '2017-04-28 21:17:02', '67ae366d-e710-45ba-accd-e863ccda67b1'),
 ('221', '252', 'en_us', 'Wassef Racha', NULL, NULL, NULL, NULL, NULL, NULL, NULL, NULL, NULL, NULL, NULL, NULL, '2017-04-28 21:19:54', '2017-04-28 21:19:54', '6081e06a-d3b8-4b6a-bff7-57e76902cd99'),
 ('222', '253', 'en_us', 'reservations', NULL, NULL, NULL, NULL, '<p>RESERVATIONS ARE FOR OUR DINING ROOM AND INTERIOR BAR ONLY <br /></p>', '<p>Our patio is seated on a first come, first serve basis with the exception <br />of event bookings. PARTIES MUST BE COMPLETED BEFORE SEATING</p>', 'Our patio is seated on a first come, first serve basis with<br>the exception of event bookings.', NULL, NULL, NULL, NULL, NULL, '2017-04-30 13:51:28', '2017-05-17 20:36:08', '542beb6a-3e16-4c8b-bf4d-2584aad326ed'),
 ('224', '255', 'en_us', 'Privacy', '<p>Our app does not collect any user information. It enables us to pull data from our instagram feed and display it on <a href=\"http://mbarseattle.com/\" target=\"_blank\" rel=\"noreferrer\">mbarseattle.com</a>.</p><p>We leverage the instafeed.js library to create the API request.</p>', NULL, NULL, NULL, NULL, NULL, NULL, NULL, NULL, NULL, NULL, NULL, '2017-04-30 17:40:57', '2017-04-30 17:50:47', '89bf3746-37ec-4f9b-9ee6-d522b795c1c1'),
 ('226', '257', 'en_us', NULL, NULL, NULL, NULL, NULL, NULL, NULL, NULL, NULL, NULL, NULL, NULL, NULL, '2017-05-07 18:58:22', '2017-05-07 18:58:55', '7228cf38-1adc-48f8-b40f-0b87b02de306');



DROP TABLE IF EXISTS `craft_deprecationerrors`;


--
-- Schema for table `craft_deprecationerrors`
--
CREATE TABLE `craft_deprecationerrors` (
  `id` int(11) NOT NULL AUTO_INCREMENT,
  `key` varchar(255) COLLATE utf8_unicode_ci NOT NULL,
  `fingerprint` varchar(255) COLLATE utf8_unicode_ci NOT NULL,
  `lastOccurrence` datetime NOT NULL,
  `file` varchar(255) COLLATE utf8_unicode_ci NOT NULL,
  `line` smallint(6) unsigned NOT NULL,
  `class` varchar(255) COLLATE utf8_unicode_ci DEFAULT NULL,
  `method` varchar(255) COLLATE utf8_unicode_ci DEFAULT NULL,
  `template` varchar(255) COLLATE utf8_unicode_ci DEFAULT NULL,
  `templateLine` smallint(6) unsigned DEFAULT NULL,
  `message` varchar(255) COLLATE utf8_unicode_ci DEFAULT NULL,
  `traces` text COLLATE utf8_unicode_ci,
  `dateCreated` datetime NOT NULL,
  `dateUpdated` datetime NOT NULL,
  `uid` char(36) COLLATE utf8_unicode_ci NOT NULL DEFAULT '0',
  PRIMARY KEY (`id`),
  UNIQUE KEY `craft_deprecationerrors_key_fingerprint_unq_idx` (`key`,`fingerprint`)
) ENGINE=InnoDB DEFAULT CHARSET=utf8 COLLATE=utf8_unicode_ci;

DROP TABLE IF EXISTS `craft_elementindexsettings`;


--
-- Schema for table `craft_elementindexsettings`
--
CREATE TABLE `craft_elementindexsettings` (
  `id` int(11) NOT NULL AUTO_INCREMENT,
  `type` varchar(150) COLLATE utf8_unicode_ci NOT NULL,
  `settings` text COLLATE utf8_unicode_ci,
  `dateCreated` datetime NOT NULL,
  `dateUpdated` datetime NOT NULL,
  `uid` char(36) COLLATE utf8_unicode_ci NOT NULL DEFAULT '0',
  PRIMARY KEY (`id`),
  UNIQUE KEY `craft_elementindexsettings_type_unq_idx` (`type`)
) ENGINE=InnoDB AUTO_INCREMENT=2 DEFAULT CHARSET=utf8 COLLATE=utf8_unicode_ci;

--
-- Data for table `craft_elementindexsettings`
--

INSERT INTO `craft_elementindexsettings` (`id`, `type`, `settings`, `dateCreated`, `dateUpdated`, `uid`) VALUES
 ('1', 'Entry', '{\"sourceOrder\":[[\"key\",\"*\"],[\"key\",\"singles\"],[\"heading\",\"Channels\"],[\"key\",\"section:2\"],[\"key\",\"section:6\"],[\"key\",\"section:5\"],[\"key\",\"section:7\"],[\"heading\",\"STRUCTUREs\"],[\"key\",\"section:4\"],[\"key\",\"section:9\"],[\"key\",\"section:10\"],[\"key\",\"section:12\"],[\"key\",\"section:13\"],[\"key\",\"section:14\"]],\"sources\":{\"section:6\":{\"tableAttributes\":{\"1\":\"postDate\",\"2\":\"expiryDate\",\"3\":\"link\"}},\"*\":{\"tableAttributes\":{\"1\":\"section\",\"2\":\"postDate\",\"3\":\"expiryDate\",\"4\":\"link\"}},\"singles\":{\"tableAttributes\":{\"1\":\"link\"}},\"section:9\":{\"tableAttributes\":{\"1\":\"postDate\",\"2\":\"expiryDate\",\"3\":\"link\"}},\"section:10\":{\"tableAttributes\":{\"1\":\"postDate\",\"2\":\"expiryDate\",\"3\":\"link\"}},\"section:12\":{\"tableAttributes\":{\"1\":\"postDate\",\"2\":\"expiryDate\",\"3\":\"link\"}}}}', '2017-03-04 22:19:23', '2017-03-05 17:33:48', 'f8c4a52c-45fc-4afa-8ef0-b0ae721aa1ae');



DROP TABLE IF EXISTS `craft_elements`;


--
-- Schema for table `craft_elements`
--
CREATE TABLE `craft_elements` (
  `id` int(11) NOT NULL AUTO_INCREMENT,
  `type` varchar(150) COLLATE utf8_unicode_ci NOT NULL,
  `enabled` tinyint(1) unsigned NOT NULL DEFAULT '1',
  `archived` tinyint(1) unsigned NOT NULL DEFAULT '0',
  `dateCreated` datetime NOT NULL,
  `dateUpdated` datetime NOT NULL,
  `uid` char(36) COLLATE utf8_unicode_ci NOT NULL DEFAULT '0',
  PRIMARY KEY (`id`),
  KEY `craft_elements_type_idx` (`type`),
  KEY `craft_elements_enabled_idx` (`enabled`),
  KEY `craft_elements_archived_dateCreated_idx` (`archived`,`dateCreated`)
) ENGINE=InnoDB AUTO_INCREMENT=258 DEFAULT CHARSET=utf8 COLLATE=utf8_unicode_ci;

--
-- Data for table `craft_elements`
--

INSERT INTO `craft_elements` (`id`, `type`, `enabled`, `archived`, `dateCreated`, `dateUpdated`, `uid`) VALUES
 ('1', 'User', '1', '0', '2017-03-04 21:05:16', '2017-03-04 21:05:16', 'a589ce0b-3552-43b4-9f69-169fb4d83827'),
 ('2', 'Entry', '1', '0', '2017-03-04 21:05:19', '2017-05-11 23:08:26', '25b6f35f-8734-4663-baaf-5e1ac980fae3'),
 ('3', 'Entry', '1', '0', '2017-03-04 21:05:20', '2017-03-04 21:10:42', 'ba7db5a8-b201-4604-910c-731ea24b878d'),
 ('4', 'MatrixBlock', '1', '0', '2017-03-04 21:25:30', '2017-05-11 23:08:26', 'cfd4b5df-6563-4f58-92e1-a754152afead'),
 ('6', 'MatrixBlock', '1', '0', '2017-03-04 21:25:30', '2017-05-11 23:08:26', '40072b04-d57f-40cf-9015-58320119ce32'),
 ('7', 'MatrixBlock', '1', '0', '2017-03-04 21:25:30', '2017-05-11 23:08:26', 'e6ea44c9-a1c6-4f78-8a85-33a28234c9b0'),
 ('8', 'MatrixBlock', '1', '0', '2017-03-04 21:25:30', '2017-05-11 23:08:26', '6c74671c-fdca-4d58-81fe-0f654c3e219f'),
 ('9', 'MatrixBlock', '1', '0', '2017-03-04 21:45:03', '2017-05-11 23:08:26', '10730fa9-2775-489f-ba5c-c1c09d70a589'),
 ('10', 'MatrixBlock', '1', '0', '2017-03-04 21:53:20', '2017-05-11 23:08:26', '87c6eb68-292d-4b44-8aef-acffd755dc04'),
 ('15', 'Entry', '1', '0', '2017-03-04 22:47:17', '2017-03-10 03:38:41', '99bfa1c8-cc1a-4c57-8cee-06378f68b2c0'),
 ('16', 'Entry', '1', '0', '2017-03-04 22:47:24', '2017-03-10 00:56:27', 'eab466d8-86c0-48d2-a5dd-cf41f5368578'),
 ('17', 'Entry', '1', '0', '2017-03-04 22:47:32', '2017-03-10 01:24:28', 'eb62a8bd-93f5-4a54-9a20-0c368960ee8b'),
 ('18', 'Entry', '1', '0', '2017-03-04 22:47:40', '2017-04-23 00:25:09', '4f64ad8e-9473-4016-88f7-26cddf885cdf'),
 ('19', 'MatrixBlock', '1', '0', '2017-03-04 23:11:10', '2017-03-10 03:38:41', 'e754e10f-a162-4243-9d63-59a0bd63ab9b'),
 ('23', 'Entry', '1', '0', '2017-03-04 23:37:12', '2017-03-04 23:40:25', '0c7f51e2-ea6a-48cb-ae47-ab783a584405'),
 ('24', 'Entry', '1', '0', '2017-03-04 23:40:34', '2017-03-04 23:40:34', '59128f38-6fe1-49a6-9b3b-3cf972562a96'),
 ('25', 'MatrixBlock', '1', '0', '2017-03-04 23:42:15', '2017-03-10 00:56:27', 'f3383808-a6c0-43c4-b563-bded0aa2d848'),
 ('29', 'MatrixBlock', '1', '0', '2017-03-04 23:51:17', '2017-03-10 01:24:28', '515e6b58-277b-46e2-9f9f-514102884c08'),
 ('32', 'MatrixBlock', '1', '0', '2017-03-04 23:52:03', '2017-04-23 00:25:09', 'ebf1891f-639a-4458-b87e-ec136edfcad7'),
 ('33', 'MatrixBlock', '1', '0', '2017-03-04 23:52:03', '2017-04-23 00:25:09', '1f7720e7-ec2b-451a-9add-a98731a15309'),
 ('34', 'MatrixBlock', '1', '0', '2017-03-04 23:52:03', '2017-04-23 00:25:09', 'a093ac8c-309b-46af-a3f3-64fc59e48c3c'),
 ('38', 'Asset', '1', '0', '2017-03-05 00:11:12', '2017-03-05 00:11:12', '209531fa-5970-4885-ae7a-cf6358d4e017'),
 ('44', 'Asset', '1', '0', '2017-03-05 02:10:47', '2017-03-05 02:10:47', 'a0745dc0-2301-45b5-8b82-3bcec050d1c8'),
 ('45', 'Asset', '1', '0', '2017-03-05 02:11:19', '2017-03-05 02:11:19', '0db2911f-e2c8-45e3-b34a-bfe87867d809'),
 ('46', 'MatrixBlock', '1', '0', '2017-03-05 02:41:21', '2017-05-11 23:08:26', '003a6566-2355-445e-bc5b-3ae6a1d900da'),
 ('49', 'Asset', '1', '0', '2017-03-05 02:56:37', '2017-03-05 02:56:38', '42d2fcaa-4986-48fb-849d-60647c20bee5'),
 ('51', 'Asset', '1', '0', '2017-03-05 02:56:46', '2017-03-05 02:56:46', '2e7e2d8c-0ec2-4caa-9235-92b9d5c164bd'),
 ('55', 'Entry', '1', '0', '2017-03-05 03:11:52', '2017-04-06 18:28:00', 'c3bcec8b-b331-47cb-9ab2-93bf285ac4e4'),
 ('57', 'Entry', '1', '0', '2017-03-05 03:32:34', '2017-03-20 19:16:10', 'c5ffe9c6-ce83-4e7a-b965-604571efb994'),
 ('59', 'Asset', '1', '0', '2017-03-05 03:37:29', '2017-03-05 03:37:29', '38db9ff5-a9d5-4cc5-906c-ea305f2ffb98'),
 ('61', 'Asset', '1', '0', '2017-03-05 03:38:04', '2017-03-05 03:38:04', 'ee4da896-d540-47cc-94ab-0d451a04262a'),
 ('62', 'Entry', '1', '0', '2017-03-05 03:38:13', '2017-03-20 19:15:48', '0199392e-ad22-419b-be0b-158f1f7b6bf6'),
 ('64', 'Asset', '1', '0', '2017-03-05 03:38:29', '2017-03-05 03:38:29', 'eead4c8f-4d57-497b-843c-52fbffac76d7'),
 ('65', 'Entry', '1', '0', '2017-03-05 03:38:38', '2017-03-20 19:15:24', 'c80d482d-e9be-49bb-b958-59498da99285'),
 ('72', 'Entry', '1', '0', '2017-03-05 04:11:57', '2017-03-05 04:11:57', 'b0e3809a-a8f7-468c-84e4-983bd46ed05c'),
 ('73', 'Entry', '1', '0', '2017-03-05 04:12:04', '2017-03-05 04:12:04', 'ecfdf0e1-65a7-4a71-bd3b-cba43a40e056'),
 ('74', 'Entry', '1', '0', '2017-03-05 04:12:12', '2017-03-05 04:12:12', '6f6e79f5-8510-4596-9148-3e62fd00ebb3'),
 ('75', 'Entry', '1', '0', '2017-03-05 04:12:19', '2017-03-05 04:12:19', 'f181c615-c6e9-4140-ac13-9af0125207ef'),
 ('76', 'Entry', '1', '0', '2017-03-05 04:12:28', '2017-03-05 04:12:28', '0f28a8ed-2298-41ac-b25e-844aef26cae1'),
 ('77', 'Entry', '1', '0', '2017-03-05 04:12:48', '2017-03-05 04:12:48', '567a551f-9dbe-4d66-89a2-fd8338653e74'),
 ('78', 'Entry', '1', '0', '2017-03-05 17:24:01', '2017-04-21 00:02:31', '3b813d1c-fbd8-431e-bef1-687ec6ec1879'),
 ('80', 'Asset', '1', '0', '2017-03-05 17:38:24', '2017-03-05 17:38:24', '20d6102b-85ae-4804-bb1b-ae983523a24a'),
 ('81', 'Entry', '1', '0', '2017-03-05 17:38:30', '2017-04-12 16:05:06', '7247dab2-599f-4ce5-bae9-cd0f1ca7771a'),
 ('83', 'Asset', '1', '0', '2017-03-05 17:38:44', '2017-03-05 17:38:44', '1adcca66-53ef-41af-8be0-9f6249afd938'),
 ('84', 'Entry', '1', '0', '2017-03-05 17:38:47', '2017-04-12 16:05:49', 'a4b1354b-dee2-40a6-97cc-2c1bd1c58c74'),
 ('86', 'Asset', '1', '0', '2017-03-05 17:39:03', '2017-03-05 17:39:04', '2f879939-b8aa-4266-a1f0-38b0f8d79a97'),
 ('87', 'Entry', '1', '0', '2017-03-05 17:39:07', '2017-03-05 17:39:07', '82cc8d82-e7bc-48b8-b528-7c2f1bc38cb4'),
 ('88', 'Entry', '1', '0', '2017-03-05 17:58:56', '2017-05-04 22:49:28', '6db201f3-83e0-4ce1-982d-b8bf3cd788dd'),
 ('89', 'Entry', '1', '0', '2017-03-05 17:59:09', '2017-05-04 22:49:38', '1ecd419f-2e0c-41fa-8432-c0277f044c75'),
 ('91', 'Entry', '1', '0', '2017-03-05 18:03:14', '2017-03-10 03:15:20', 'b37a5185-3ae2-4c40-915b-fc6347d91342'),
 ('92', 'Entry', '1', '0', '2017-03-07 06:43:48', '2017-04-30 18:30:26', '908b846f-e013-492b-836e-04434992311e'),
 ('93', 'Entry', '1', '0', '2017-03-07 06:44:04', '2017-04-30 18:30:09', 'c2511f54-b53b-4a3a-8eef-9ff9c9ad9cab'),
 ('95', 'Entry', '1', '0', '2017-03-07 06:44:44', '2017-04-30 18:30:56', '2908979d-4d4f-4d56-8f32-a9f802c09110'),
 ('96', 'Entry', '1', '0', '2017-03-07 06:45:40', '2017-04-14 23:58:10', 'b3d290bc-f141-46a7-8c6f-e35d248ab35f'),
 ('97', 'Entry', '1', '0', '2017-03-07 06:46:02', '2017-04-14 23:57:18', 'c13d4445-b351-4bb3-841a-7341c50a3796'),
 ('100', 'Entry', '1', '0', '2017-03-09 01:13:29', '2017-03-09 01:13:29', 'ada7463f-2b65-4468-818f-429e7f129db4'),
 ('101', 'Entry', '1', '0', '2017-03-09 01:14:03', '2017-03-09 01:14:03', 'bd66d68e-c88f-4460-b848-709b86e7720d'),
 ('102', 'Entry', '1', '0', '2017-03-09 01:14:37', '2017-03-09 01:14:37', '029b278d-e34e-4512-91c2-2f83442630b0'),
 ('103', 'Entry', '1', '0', '2017-03-09 01:16:33', '2017-03-09 01:16:33', '9a318ee8-e3c5-4e69-bf37-d953dde6a1b3'),
 ('104', 'Entry', '1', '0', '2017-03-09 01:17:22', '2017-03-09 01:17:22', 'c2a6d192-e071-4757-a0b0-149fb396555a'),
 ('105', 'Entry', '1', '0', '2017-03-09 01:18:17', '2017-03-09 01:18:17', '04c70b05-511b-44b9-b54f-ffb03297167e'),
 ('106', 'Entry', '1', '0', '2017-03-09 01:22:34', '2017-03-09 01:22:34', 'fb4794c7-396c-439f-b943-72b2b5744697'),
 ('107', 'Entry', '1', '0', '2017-03-09 01:23:02', '2017-03-09 01:23:02', '13349539-3da4-4335-93f7-7c1f766ad6b7'),
 ('108', 'Entry', '1', '0', '2017-03-09 01:23:33', '2017-03-09 01:23:33', 'da11e3bc-4dc8-4a96-a713-a1187501cfa6'),
 ('109', 'Entry', '1', '0', '2017-03-09 01:23:57', '2017-03-09 01:23:57', '34251945-6b5a-42ad-9f1c-006152526523'),
 ('110', 'Entry', '1', '0', '2017-03-09 01:24:19', '2017-03-09 01:24:19', '5b8dec4e-c15e-465c-86e0-b001111c6d23'),
 ('111', 'Entry', '1', '0', '2017-03-09 01:25:06', '2017-03-09 01:25:06', '99feacf0-6af1-4f7b-84ba-d8575ac632db'),
 ('112', 'Entry', '1', '0', '2017-03-09 01:25:36', '2017-03-09 01:25:36', '5401eb7b-2366-4d4e-b547-46b6da098df7'),
 ('113', 'Entry', '1', '0', '2017-03-09 01:26:03', '2017-03-09 01:26:03', '096f5665-f692-46ce-a1ce-fe1625db6214'),
 ('114', 'Entry', '1', '0', '2017-03-10 00:28:42', '2017-03-10 00:41:15', '48d4ceff-61c1-41a6-9bb1-6731ca5362d5'),
 ('115', 'Entry', '1', '0', '2017-03-10 00:29:58', '2017-03-10 00:29:58', '00a7a579-9f6a-4666-bc60-146064c6f2a0'),
 ('116', 'Entry', '1', '0', '2017-03-10 00:33:33', '2017-03-10 00:35:53', 'b6ddefb8-6c9e-4a16-9f3c-bfaa01793c51'),
 ('117', 'Entry', '1', '0', '2017-03-10 00:35:02', '2017-03-10 00:35:45', '6ca076f8-6869-4633-95c3-c5149a000960'),
 ('118', 'Entry', '1', '0', '2017-03-10 00:40:47', '2017-03-10 00:40:47', '856bce77-4534-4544-80cf-5234fa6f283d'),
 ('119', 'Entry', '1', '0', '2017-03-10 00:42:50', '2017-03-10 00:42:50', '69514473-17ed-4874-8551-104ae280d6ad'),
 ('120', 'Entry', '1', '0', '2017-03-10 00:44:23', '2017-03-10 00:44:23', '066f2828-f7a8-479f-8d29-cbe5405860d9'),
 ('121', 'Entry', '1', '0', '2017-03-10 00:55:27', '2017-03-10 00:55:27', 'e25472d0-fdc4-41f3-8674-3b58ac041fce'),
 ('122', 'Entry', '1', '0', '2017-03-10 00:56:09', '2017-03-10 00:56:09', '5c2aa0a4-4ed0-41a0-9706-175b93a2e849'),
 ('123', 'Entry', '1', '0', '2017-03-10 01:18:39', '2017-03-10 01:18:39', 'b3410d9d-d63d-44c7-b7cb-8aef101164db'),
 ('124', 'Entry', '1', '0', '2017-03-10 01:19:25', '2017-03-10 01:19:25', 'ada34ce0-3c08-418f-9161-be331ce60eee'),
 ('125', 'Entry', '1', '0', '2017-03-10 01:32:19', '2017-03-10 01:32:19', '38a33408-3ac8-486e-8f4b-d8094c25adcb'),
 ('126', 'Entry', '1', '0', '2017-03-10 01:32:35', '2017-03-10 01:32:35', '3dec8200-bb6b-4a84-b5b0-f0f554cd130f'),
 ('127', 'Entry', '1', '0', '2017-03-10 01:32:55', '2017-03-10 01:32:55', '10cf63d2-6960-4727-a110-9e3ab2fe4f97'),
 ('128', 'Entry', '1', '0', '2017-03-10 01:33:35', '2017-03-10 01:33:35', '61c765c0-3240-4806-b3d7-011c4ab934d6'),
 ('129', 'Entry', '1', '0', '2017-03-10 01:34:07', '2017-03-10 01:34:07', 'f72748a2-6016-4fd8-809c-7970ade64861'),
 ('130', 'Entry', '1', '0', '2017-03-10 01:34:43', '2017-03-10 01:34:43', '5b848c29-11e0-4485-b9f8-11b9c450331d'),
 ('131', 'Entry', '1', '0', '2017-03-10 01:35:45', '2017-03-10 01:35:45', '83245df1-85ff-40d1-b135-f61ad5f38a1a'),
 ('132', 'Entry', '1', '0', '2017-03-10 01:38:40', '2017-03-10 01:38:40', '9a752f9f-471f-421f-a71f-017019e20b3d'),
 ('133', 'Entry', '1', '0', '2017-03-10 01:39:09', '2017-03-10 03:01:54', '98363700-bc70-460b-8e5b-4ba9c48cbabc'),
 ('134', 'Entry', '1', '0', '2017-03-10 01:39:45', '2017-03-10 03:01:43', 'a8e4fe78-71d6-4d5d-a98c-c6ad217468dc'),
 ('135', 'Entry', '1', '0', '2017-03-10 01:50:35', '2017-03-10 01:50:35', '1525f44e-da9f-4b32-917e-dd453afe14f2'),
 ('136', 'Entry', '1', '0', '2017-03-10 01:51:14', '2017-03-10 01:51:14', '28b9d2ec-00cf-4aa0-8bad-f8e1e11f676e'),
 ('137', 'Entry', '1', '0', '2017-03-10 01:52:12', '2017-03-10 01:52:12', '1b1bb714-0e71-4aae-a973-5ab5b0a2c6f0'),
 ('138', 'MatrixBlock', '1', '0', '2017-03-10 01:52:41', '2017-03-10 03:38:41', '7343b2ee-8507-4ff4-bcdd-a398f0773b7f'),
 ('139', 'MatrixBlock', '1', '0', '2017-03-10 02:01:05', '2017-03-10 03:38:41', 'db867c99-b16c-4ee4-ab35-ab978620550e'),
 ('140', 'Entry', '1', '0', '2017-03-10 02:01:36', '2017-03-10 02:25:25', '98d9c9d7-8cea-4443-9d06-d0ac93a5139c'),
 ('141', 'MatrixBlock', '1', '0', '2017-03-10 02:01:36', '2017-03-10 02:25:25', '6f348e44-bb13-4a0e-9e18-0b05496eb638'),
 ('142', 'MatrixBlock', '1', '0', '2017-03-10 02:01:36', '2017-03-10 02:25:25', 'c147b4ca-5b15-457a-8c02-a08d2762d47d'),
 ('143', 'Entry', '1', '0', '2017-03-10 02:03:03', '2017-03-10 02:16:47', '4bee6ad3-9ee8-4fbf-8eee-a59b6d2aea42'),
 ('144', 'Entry', '1', '0', '2017-03-10 02:03:37', '2017-03-10 02:16:44', '6814cbd3-0361-462d-a5e0-5713fb4e8a45');
INSERT INTO `craft_elements` (`id`, `type`, `enabled`, `archived`, `dateCreated`, `dateUpdated`, `uid`) VALUES
 ('145', 'Entry', '1', '0', '2017-03-10 02:05:00', '2017-03-10 02:16:39', '5cfceb83-96b1-440b-970d-675a2a6d04aa'),
 ('146', 'Entry', '1', '0', '2017-03-10 02:07:16', '2017-03-10 02:16:16', '90d130b7-0dfb-4b5c-ac48-c3cd59570233'),
 ('147', 'Entry', '1', '0', '2017-03-10 02:07:35', '2017-03-10 02:10:03', '318d2d21-c8c8-485b-82fd-4dfcbc6ff536'),
 ('148', 'Entry', '1', '0', '2017-03-10 02:08:03', '2017-03-10 02:14:14', '5e1271ca-a995-4222-9813-a94a1f18e49c'),
 ('149', 'Entry', '1', '0', '2017-03-10 02:08:38', '2017-03-10 02:14:24', 'f855bbf4-4b49-4a31-b442-ddaf8de63bbb'),
 ('150', 'Entry', '1', '0', '2017-03-10 02:09:06', '2017-03-10 02:09:06', '750d124c-7722-4fe1-abc8-c7d383d77d2f'),
 ('151', 'Entry', '1', '0', '2017-03-10 02:09:48', '2017-03-10 02:09:48', '936e9f7e-d181-463f-85e3-7dd207b86886'),
 ('152', 'Entry', '1', '0', '2017-03-10 02:10:51', '2017-03-10 02:10:51', '22994e44-7fd4-4f94-9799-8ce79f86a77b'),
 ('153', 'Entry', '1', '0', '2017-03-10 02:11:22', '2017-03-10 02:11:22', '5b8f5f4e-1331-47f0-a01a-2b6e52a2b289'),
 ('154', 'Entry', '1', '0', '2017-03-10 02:12:17', '2017-03-10 02:12:17', '106303ba-cdbb-42db-82b3-0ab1913b891d'),
 ('155', 'Entry', '1', '0', '2017-03-10 02:13:11', '2017-03-10 02:13:11', 'f4bc1762-ab87-4f42-81df-76e03381b82b'),
 ('156', 'Entry', '1', '0', '2017-03-10 02:13:30', '2017-03-10 02:13:30', '91a512b0-ae6c-4195-b577-34b0fa862f53'),
 ('157', 'Entry', '1', '0', '2017-03-10 02:17:26', '2017-03-10 02:17:26', '7f704206-e552-42bc-82a1-c5d3cd8449e5'),
 ('158', 'Entry', '1', '0', '2017-03-10 02:18:16', '2017-03-10 02:18:16', '713952c2-de6a-422a-aea5-f7d66aa4bbec'),
 ('159', 'Entry', '1', '0', '2017-03-10 02:18:43', '2017-03-10 02:18:43', 'feed1ff0-8a62-435c-a679-eda4565a9558'),
 ('160', 'Entry', '1', '0', '2017-03-10 02:19:12', '2017-03-10 02:19:12', '10fa4b94-da1d-490d-b513-5f94140de383'),
 ('161', 'Entry', '1', '0', '2017-03-10 02:19:31', '2017-03-10 02:19:31', 'bac70a84-f62d-4c7a-8a7f-2c9505a2e8f6'),
 ('162', 'Entry', '1', '0', '2017-03-10 02:19:47', '2017-03-10 02:19:47', '7861c110-05ce-49e1-8c5b-9483d5a6b393'),
 ('163', 'Entry', '1', '0', '2017-03-10 02:20:21', '2017-03-10 02:20:21', '9abd69d4-a5a4-4ef5-8e4b-35d0a9ed28c3'),
 ('164', 'Entry', '1', '0', '2017-03-10 02:20:45', '2017-03-10 02:20:45', 'ca785edc-d628-45d7-acdd-245eec99d3a5'),
 ('165', 'Entry', '1', '0', '2017-03-10 02:21:05', '2017-03-10 02:21:05', 'c2d97ea9-ef91-44a1-a6d1-bafe78e0ac21'),
 ('166', 'Entry', '1', '0', '2017-03-10 02:21:27', '2017-03-10 02:21:27', '46c19f05-ef68-49aa-a945-8e9b44642698'),
 ('167', 'Entry', '1', '0', '2017-03-10 02:21:43', '2017-03-10 02:21:43', '4c8171ce-d514-4c24-81eb-fd134739b9ae'),
 ('168', 'Entry', '1', '0', '2017-03-10 02:21:56', '2017-03-10 02:21:56', 'b7d5f917-04e8-4aa0-ad0a-a58ca2615813'),
 ('169', 'Entry', '1', '0', '2017-03-10 02:22:18', '2017-03-10 02:22:18', '34c95c4c-9afd-4f11-a687-fb51463f6833'),
 ('170', 'Entry', '1', '0', '2017-03-10 02:25:51', '2017-03-10 03:01:21', '1587cdc1-2953-4c5a-b34b-251529cd38bd'),
 ('171', 'Entry', '1', '0', '2017-03-10 02:26:20', '2017-03-10 03:01:16', '8e211914-d752-4d81-8dd1-a9746b5a18ca'),
 ('172', 'Entry', '1', '0', '2017-03-10 02:27:06', '2017-03-10 03:01:04', '30bc5888-5573-46ad-85cd-5bb3af9f05bc'),
 ('173', 'Entry', '1', '0', '2017-03-10 02:27:23', '2017-03-10 03:01:12', '95565948-234b-4f30-a206-53d2c5b58ad6'),
 ('174', 'Entry', '1', '0', '2017-03-10 02:27:42', '2017-03-10 03:00:58', '6bc05035-5d24-45c7-ac73-45b5c7be742b'),
 ('176', 'Asset', '1', '0', '2017-03-15 21:55:26', '2017-03-15 21:59:56', '28284e23-c422-470a-9d69-5253179ce5e5'),
 ('177', 'Asset', '1', '0', '2017-03-15 21:55:28', '2017-03-15 21:55:28', 'eaa15e6b-6cbf-4b33-a9b4-11c7feb1fdaa'),
 ('178', 'Asset', '1', '0', '2017-03-15 21:55:31', '2017-03-15 21:55:31', '4c6ddbce-5ffc-4418-afa3-52e875db5f52'),
 ('179', 'Asset', '1', '0', '2017-03-15 21:55:33', '2017-03-15 21:55:33', '68ae61f3-67c5-4aaf-9983-37f17138bec2'),
 ('180', 'Asset', '1', '0', '2017-03-15 21:55:36', '2017-03-15 21:55:36', 'dea787b0-ffe4-4312-a6eb-c3709680968d'),
 ('181', 'Asset', '1', '0', '2017-03-15 21:55:38', '2017-03-15 21:55:38', '8be54c55-65ea-460a-af2b-e9dec98133e5'),
 ('182', 'Asset', '1', '0', '2017-03-15 21:55:40', '2017-03-15 21:55:40', '4dbd3106-4050-4206-8304-aa952ba5e7d3'),
 ('183', 'Asset', '1', '0', '2017-03-15 21:55:42', '2017-03-15 21:55:42', '5b0ba965-9217-43be-aec8-12415f238023'),
 ('184', 'Asset', '1', '0', '2017-03-15 21:55:44', '2017-03-15 21:55:44', 'eaf4edff-c5a0-4519-9e7f-e1ba8b7e6b29'),
 ('185', 'Asset', '1', '0', '2017-03-15 21:55:48', '2017-03-15 21:55:48', '7b05bd4d-a617-4288-9605-8a2e3337bd79'),
 ('186', 'Asset', '1', '0', '2017-03-15 21:55:51', '2017-03-15 21:55:51', '4d9cb525-c20e-4c2f-9aab-e39f3f38cba7'),
 ('187', 'Asset', '1', '0', '2017-03-15 21:55:54', '2017-03-15 21:55:54', '0a7c5c95-1d7d-4473-838d-cc74e0406705'),
 ('188', 'Asset', '1', '0', '2017-03-15 21:55:56', '2017-03-15 21:55:56', '333e49d0-a100-4d96-8ccb-7b97271db568'),
 ('189', 'Asset', '1', '0', '2017-03-15 21:55:59', '2017-03-15 21:55:59', '03b5802a-f5c0-496f-a649-c52feb533719'),
 ('190', 'Asset', '1', '0', '2017-03-15 21:56:01', '2017-03-15 21:56:01', 'e6aa8053-2ff0-4032-945b-20d23fe06192'),
 ('191', 'Asset', '1', '0', '2017-03-15 21:56:05', '2017-03-15 21:56:05', '0616113e-b674-4863-bc4f-86bb799f7979'),
 ('192', 'Asset', '1', '0', '2017-03-15 21:56:08', '2017-04-06 19:53:12', 'abe0512a-27a7-4c65-88e7-ca3ff0a955ee'),
 ('193', 'Asset', '1', '0', '2017-03-15 21:56:11', '2017-03-15 21:56:11', '8df61e0f-f87f-49eb-8e65-919d8998bee8'),
 ('194', 'Asset', '1', '0', '2017-03-15 21:56:13', '2017-03-15 21:56:13', '0e0d7184-9aef-43fc-8a16-429f484d6068'),
 ('195', 'Asset', '1', '0', '2017-03-15 21:56:15', '2017-03-15 21:56:15', 'd43937b6-8e7c-4409-824c-933bf31af4cb'),
 ('196', 'Asset', '1', '0', '2017-03-15 21:56:19', '2017-03-15 21:56:19', '2042ceb3-6644-449d-aa36-51a13ed2c929'),
 ('197', 'Asset', '1', '0', '2017-03-15 21:56:24', '2017-03-15 21:56:24', '7027c4fb-c735-4761-b882-293220cf32af'),
 ('198', 'Asset', '1', '0', '2017-03-15 21:56:27', '2017-03-15 21:56:27', '73d4caa4-d6e4-4efc-bbc4-362a027decf6'),
 ('199', 'Asset', '1', '0', '2017-03-15 21:56:32', '2017-03-15 21:56:32', '0280941a-4d4b-4890-a7d7-8375fa5308fa'),
 ('200', 'Asset', '1', '0', '2017-03-15 21:56:35', '2017-03-15 21:56:35', 'f1b60557-1ccc-4fb6-8ece-58078ba22a4f'),
 ('201', 'Entry', '1', '0', '2017-03-15 21:58:20', '2017-04-12 15:59:43', 'e56397db-4868-4290-a02f-ba0c8771332d'),
 ('202', 'Entry', '1', '0', '2017-03-20 23:12:43', '2017-04-12 16:00:37', 'eb080b4f-0872-47e5-83b5-940786201289'),
 ('204', 'Entry', '1', '0', '2017-03-24 20:21:01', '2017-05-09 18:50:52', 'a11c21cc-6c9e-4963-8242-f6ac93560513'),
 ('205', 'Entry', '1', '0', '2017-03-24 22:50:59', '2017-04-30 18:31:20', 'cf431237-3755-4ee6-9460-f1f5998e8716'),
 ('207', 'Asset', '1', '0', '2017-04-06 19:37:36', '2017-04-06 19:37:36', '738b16a3-52d6-41e2-9050-717ce160e94c'),
 ('208', 'Asset', '1', '0', '2017-04-06 19:48:54', '2017-04-06 19:48:54', '08e3a8e8-6549-4b20-9b06-0c2cf45b44cc'),
 ('210', 'Entry', '1', '0', '2017-04-06 19:53:21', '2017-04-12 16:06:37', '10156fad-4156-440c-8e53-ac4c3812d5a0'),
 ('212', 'Entry', '1', '0', '2017-04-06 20:02:13', '2017-04-30 18:31:11', '4b95dfad-fcaa-4b32-abea-57b960cac693'),
 ('214', 'Entry', '1', '0', '2017-04-11 21:08:17', '2017-04-11 21:08:17', '4eab6aaa-4a23-4b5a-af47-916eaacba49c'),
 ('215', 'Entry', '1', '0', '2017-04-11 21:08:39', '2017-04-23 00:23:35', 'bd4ebb06-0296-404d-8d34-09f61ade7a1a'),
 ('216', 'Entry', '1', '0', '2017-04-11 21:09:18', '2017-04-11 21:09:18', 'b06fe2a7-b020-4259-a6bc-0b207339817f'),
 ('217', 'Entry', '1', '0', '2017-04-11 21:09:43', '2017-04-11 21:09:43', 'fa234870-799c-4dac-afa0-404988bfc80d'),
 ('218', 'Entry', '1', '0', '2017-04-11 21:10:31', '2017-05-04 19:12:20', '00ea298c-9eb7-4d5d-a8e0-6b8db1ff3d51'),
 ('219', 'Entry', '1', '0', '2017-04-11 21:12:30', '2017-04-11 21:12:30', '6b7df0d4-cb3b-4cf4-adc1-0cd442fdf086'),
 ('220', 'Entry', '0', '0', '2017-04-11 21:13:48', '2017-04-23 00:23:16', '1eb18a83-aa49-4d57-97d2-250da71af785'),
 ('221', 'Entry', '1', '0', '2017-04-11 21:16:44', '2017-04-11 21:16:44', '90bf0950-285a-4356-9ca1-303c034de579'),
 ('222', 'Entry', '1', '0', '2017-04-11 21:18:21', '2017-04-11 21:18:21', '04da852e-0ab6-4e1e-af1a-60037572fb66'),
 ('223', 'Entry', '1', '0', '2017-04-11 21:21:37', '2017-04-11 21:21:37', 'fca00b11-e008-47cf-9051-7e8d6971f207'),
 ('224', 'Entry', '1', '0', '2017-04-11 21:27:11', '2017-04-23 00:23:04', '752c6025-6d15-48bf-8911-c10208d358f4'),
 ('225', 'Entry', '1', '0', '2017-04-11 21:27:58', '2017-04-11 21:27:58', '27eece7a-2368-46cb-989a-4eb49c1424d2'),
 ('226', 'Entry', '1', '0', '2017-04-11 21:28:26', '2017-04-11 21:28:26', '639f54a9-e696-4b8a-9ed2-7c4ec971b7df'),
 ('227', 'Entry', '0', '0', '2017-04-11 21:28:58', '2017-04-23 00:23:50', 'c3c2622e-548a-4fce-9e57-200773cf19ee'),
 ('228', 'Entry', '1', '0', '2017-04-11 21:29:24', '2017-04-11 21:29:24', 'cca3b458-28b0-4f25-8b15-002795bc8069'),
 ('229', 'Entry', '1', '0', '2017-04-11 21:30:27', '2017-04-23 00:24:03', 'f09aa971-0915-433d-a4af-13cd37499c75'),
 ('230', 'Entry', '1', '0', '2017-04-11 21:33:14', '2017-04-11 21:33:14', '563fb05c-f9c7-4499-8458-9ef8e221c492'),
 ('231', 'Entry', '1', '0', '2017-04-11 21:33:37', '2017-04-11 21:33:37', 'b87eb26f-313d-4e51-9549-d4ef1bb48101'),
 ('232', 'MatrixBlock', '1', '0', '2017-04-11 22:15:08', '2017-05-11 23:08:26', '4c41177f-2419-46d1-91ce-1d351e823f2c'),
 ('233', 'Asset', '1', '0', '2017-04-11 22:24:08', '2017-04-11 22:24:08', 'b72cd3d9-e8e9-462a-81dc-332a7fde197d'),
 ('234', 'Asset', '1', '0', '2017-04-12 15:57:08', '2017-04-12 15:59:38', '022fd507-18e2-4b96-b541-14e02d814db7'),
 ('235', 'Asset', '1', '0', '2017-04-12 15:57:31', '2017-04-12 16:00:28', 'f33f9e9e-6958-437b-9c4c-863626b70575'),
 ('238', 'Asset', '1', '0', '2017-04-12 16:05:00', '2017-04-12 16:05:00', '2d862a55-95af-4853-8541-3bc5a649d106'),
 ('239', 'Asset', '1', '0', '2017-04-12 16:05:34', '2017-04-12 16:05:34', 'fd958363-3083-41b0-ab3b-2e6a34b03ca4'),
 ('240', 'Asset', '1', '0', '2017-04-12 16:06:30', '2017-04-12 16:06:30', 'd0830e82-65c4-40b0-8e58-230f8a280249'),
 ('241', 'Asset', '1', '0', '2017-04-14 21:52:11', '2017-04-14 21:52:11', '98818765-f577-4378-a0ae-3ee0863a174a'),
 ('242', 'Asset', '1', '0', '2017-04-14 23:53:25', '2017-04-14 23:53:25', 'dabfbc11-7392-46b6-aa28-b0b4d4f65611'),
 ('243', 'Entry', '1', '0', '2017-04-15 00:01:12', '2017-04-15 00:03:11', '6f51b3fd-66ce-4f8c-9511-2adc13fb0ef8'),
 ('244', 'User', '1', '0', '2017-04-18 21:49:33', '2017-04-18 21:50:07', '82705851-542c-438c-a6df-71a1bb3d58dd'),
 ('245', 'Entry', '1', '0', '2017-04-23 00:24:21', '2017-04-23 00:24:21', '80410597-b191-47fc-bdd2-c32bcc6e6b82'),
 ('246', 'Asset', '1', '0', '2017-04-28 20:04:38', '2017-04-28 20:04:38', '1a4bf476-e9a4-46fc-982d-13a0d7f44bd6'),
 ('247', 'Asset', '1', '0', '2017-04-28 20:11:18', '2017-04-28 20:11:18', '5ef09436-b242-4f72-8833-9e337a26144b'),
 ('248', 'Asset', '1', '0', '2017-04-28 20:11:28', '2017-04-28 20:11:28', '26e105aa-1db1-405b-8e82-a665017fcd23'),
 ('249', 'Entry', '1', '0', '2017-04-28 20:11:34', '2017-04-30 18:31:28', 'ca0184b7-d770-47f8-813f-fdbfc49b4e89'),
 ('250', 'Asset', '1', '0', '2017-04-28 20:37:02', '2017-04-28 20:37:02', '5b45427c-5975-4c98-bd4e-11562d1f1cd3'),
 ('251', 'Asset', '1', '0', '2017-04-28 21:17:02', '2017-04-28 21:17:02', 'b64c9d06-3f98-4a30-8ab0-ca7609939ed9'),
 ('252', 'Asset', '1', '0', '2017-04-28 21:19:54', '2017-04-28 21:19:54', 'b49ce9ea-0289-4a03-ad5b-a800fd20462a');
INSERT INTO `craft_elements` (`id`, `type`, `enabled`, `archived`, `dateCreated`, `dateUpdated`, `uid`) VALUES
 ('253', 'Entry', '1', '0', '2017-04-30 13:51:28', '2017-05-17 20:36:08', 'e5e9d9c0-8070-47ed-aa1b-bf52e870cda7'),
 ('255', 'Entry', '1', '0', '2017-04-30 17:40:57', '2017-04-30 17:50:47', 'e86967bb-b605-4c30-bbba-0bee97b43703'),
 ('257', 'User', '1', '0', '2017-05-07 18:58:22', '2017-05-07 18:58:55', '4a700fbe-dd8c-4faa-8694-fc180f15f375');



DROP TABLE IF EXISTS `craft_elements_i18n`;


--
-- Schema for table `craft_elements_i18n`
--
CREATE TABLE `craft_elements_i18n` (
  `id` int(11) NOT NULL AUTO_INCREMENT,
  `elementId` int(11) NOT NULL,
  `locale` char(12) COLLATE utf8_unicode_ci NOT NULL,
  `slug` varchar(255) COLLATE utf8_unicode_ci DEFAULT NULL,
  `uri` varchar(255) COLLATE utf8_unicode_ci DEFAULT NULL,
  `enabled` tinyint(1) unsigned NOT NULL DEFAULT '1',
  `dateCreated` datetime NOT NULL,
  `dateUpdated` datetime NOT NULL,
  `uid` char(36) COLLATE utf8_unicode_ci NOT NULL DEFAULT '0',
  PRIMARY KEY (`id`),
  UNIQUE KEY `craft_elements_i18n_elementId_locale_unq_idx` (`elementId`,`locale`),
  UNIQUE KEY `craft_elements_i18n_uri_locale_unq_idx` (`uri`,`locale`),
  KEY `craft_elements_i18n_slug_locale_idx` (`slug`,`locale`),
  KEY `craft_elements_i18n_enabled_idx` (`enabled`),
  KEY `craft_elements_i18n_locale_fk` (`locale`)
) ENGINE=InnoDB AUTO_INCREMENT=258 DEFAULT CHARSET=utf8 COLLATE=utf8_unicode_ci;

--
-- Data for table `craft_elements_i18n`
--

INSERT INTO `craft_elements_i18n` (`id`, `elementId`, `locale`, `slug`, `uri`, `enabled`, `dateCreated`, `dateUpdated`, `uid`) VALUES
 ('1', '1', 'en_us', '', NULL, '1', '2017-03-04 21:05:16', '2017-03-04 21:05:16', '307f4d56-a16a-4b14-a8ae-3285f44db087'),
 ('2', '2', 'en_us', 'homepage', '__home__', '1', '2017-03-04 21:05:19', '2017-05-11 23:08:26', 'cbbe6048-f850-4670-92a0-f4addeae9a6b'),
 ('3', '3', 'en_us', 'we-just-installed-craft', 'news/2017/we-just-installed-craft', '1', '2017-03-04 21:05:20', '2017-03-04 21:10:43', '4ce3ceb6-394e-4dd1-86d7-aa40b3b6f7a1'),
 ('4', '4', 'en_us', '', NULL, '1', '2017-03-04 21:25:30', '2017-05-11 23:08:26', '4f1631cd-3a19-4d5a-97d2-5cb3e7e376dc'),
 ('6', '6', 'en_us', '', NULL, '1', '2017-03-04 21:25:30', '2017-05-11 23:08:26', '17af9a37-dde4-434f-bf9a-86cc50e5c41f'),
 ('7', '7', 'en_us', '', NULL, '1', '2017-03-04 21:25:30', '2017-05-11 23:08:26', '9f8c241b-c771-4e5a-b93b-d2c64bba0998'),
 ('8', '8', 'en_us', '', NULL, '1', '2017-03-04 21:25:30', '2017-05-11 23:08:26', '448cb977-c211-4505-baa7-dbe0bd4f429d'),
 ('9', '9', 'en_us', '', NULL, '1', '2017-03-04 21:45:03', '2017-05-11 23:08:26', '8b55f06b-8fee-47f8-9680-06219961b022'),
 ('10', '10', 'en_us', '', NULL, '1', '2017-03-04 21:53:20', '2017-05-11 23:08:26', 'e3e6c2ab-d361-444e-8400-97d1a7e6245d'),
 ('15', '15', 'en_us', 'breakfast', NULL, '1', '2017-03-04 22:47:17', '2017-04-06 21:50:15', '43d25646-bfdd-4eea-953e-622405793caa'),
 ('16', '16', 'en_us', 'lunch', NULL, '1', '2017-03-04 22:47:24', '2017-04-12 18:46:58', '62baee50-a05f-4e14-894d-d2799f1bf883'),
 ('17', '17', 'en_us', 'happy-hour', NULL, '1', '2017-03-04 22:47:32', '2017-04-12 18:47:00', '73e21ea7-af4a-45e0-bce4-06be77157be9'),
 ('18', '18', 'en_us', 'dinner', NULL, '1', '2017-03-04 22:47:40', '2017-04-23 00:25:09', '5153ec80-8f5d-46bf-a516-c6b6313d6ee3'),
 ('19', '19', 'en_us', '', NULL, '1', '2017-03-04 23:11:10', '2017-03-10 03:38:41', '12b6ea8e-c255-4355-b983-90ae32138a04'),
 ('23', '23', 'en_us', 'tabouleh', NULL, '1', '2017-03-04 23:37:12', '2017-03-04 23:40:25', '07800915-9e75-4687-8ded-139e0cfc622e'),
 ('24', '24', 'en_us', 'chicken-wings', NULL, '1', '2017-03-04 23:40:34', '2017-03-04 23:40:34', '3f1670df-18df-4633-8898-35fe43553b3a'),
 ('25', '25', 'en_us', '', NULL, '1', '2017-03-04 23:42:15', '2017-03-10 00:56:27', 'f25c6efc-3b92-4fba-a8db-b8de04eddd70'),
 ('29', '29', 'en_us', '', NULL, '1', '2017-03-04 23:51:17', '2017-03-10 01:24:28', 'b5efcfb6-ca74-4fa3-b6e1-78144e217341'),
 ('32', '32', 'en_us', '', NULL, '1', '2017-03-04 23:52:03', '2017-04-23 00:25:09', '2a899504-79f3-4ed5-9fb0-12b5995eaa6e'),
 ('33', '33', 'en_us', '', NULL, '1', '2017-03-04 23:52:03', '2017-04-23 00:25:09', '6e0a7d4a-e544-42bb-8e07-b87c51755369'),
 ('34', '34', 'en_us', '', NULL, '1', '2017-03-04 23:52:03', '2017-04-23 00:25:09', 'df8999da-78e5-4658-a5bd-ea2070f00d67'),
 ('38', '38', 'en_us', 'member', NULL, '1', '2017-03-05 00:11:12', '2017-03-05 00:11:12', '562d133f-bc95-4601-9aee-41a3d86adab9'),
 ('44', '44', 'en_us', 'screen-shot-2017-03-04-at-5-44-26-pm', NULL, '1', '2017-03-05 02:10:47', '2017-03-05 02:10:47', '1aeab56a-76ea-4770-b4dc-dc0985f181dd'),
 ('45', '45', 'en_us', 'screen-shot-2017-03-04-at-6-11-07-pm', NULL, '1', '2017-03-05 02:11:19', '2017-03-05 02:11:19', '769b7339-0753-4da3-904c-45047f8c6439'),
 ('46', '46', 'en_us', '', NULL, '1', '2017-03-05 02:41:21', '2017-05-11 23:08:26', 'e18861af-e6c5-4fdd-aed8-16f9f7edeaf3'),
 ('49', '49', 'en_us', 'about-2', NULL, '1', '2017-03-05 02:56:37', '2017-03-05 02:56:38', '9cadabf5-bb04-40e2-a439-f02bdb8e244a'),
 ('51', '51', 'en_us', 'about', NULL, '1', '2017-03-05 02:56:46', '2017-03-05 02:56:46', '1688a201-3ca0-4056-8e22-ea462363cfff'),
 ('55', '55', 'en_us', 'slide-1', NULL, '1', '2017-03-05 03:11:52', '2017-04-06 18:28:00', 'bb8b117d-2e22-4d15-aae7-74a54f778cbf'),
 ('57', '57', 'en_us', 'twitter', NULL, '1', '2017-03-05 03:32:34', '2017-03-20 19:16:10', 'fd914a42-c606-4dce-a06e-62aef7dbd379'),
 ('59', '59', 'en_us', 'tw', NULL, '1', '2017-03-05 03:37:29', '2017-03-05 03:37:29', '4ed00ea4-1dd6-4f27-a281-211e67a2a192'),
 ('61', '61', 'en_us', 'ig', NULL, '1', '2017-03-05 03:38:04', '2017-03-05 03:38:04', 'e785a375-5063-4cd1-926e-4376f9a8f0b9'),
 ('62', '62', 'en_us', 'instagram', NULL, '1', '2017-03-05 03:38:13', '2017-03-20 19:15:48', '91c92170-3bd1-4cdb-b474-38f3903ec29d'),
 ('64', '64', 'en_us', 'fb', NULL, '1', '2017-03-05 03:38:29', '2017-03-05 03:38:29', 'ea7ae1ef-8da4-4241-bdaf-e91d428077ae'),
 ('65', '65', 'en_us', 'facebook', NULL, '1', '2017-03-05 03:38:38', '2017-03-20 19:15:24', '60d2315d-e0c3-4a46-8688-e6e91990019c'),
 ('72', '72', 'en_us', 'about', NULL, '1', '2017-03-05 04:11:57', '2017-03-16 21:59:03', '9fb0f5d4-c3ec-4f94-8617-759e4724b9cb'),
 ('73', '73', 'en_us', 'menu', NULL, '1', '2017-03-05 04:12:04', '2017-03-05 04:12:53', '6fbb0e72-a123-4883-ad58-d3af362a0b29'),
 ('74', '74', 'en_us', 'find-us', NULL, '1', '2017-03-05 04:12:12', '2017-03-16 20:32:47', '4625f2b4-36a0-451a-9333-8949b9cf2fbe'),
 ('75', '75', 'en_us', 'media', NULL, '1', '2017-03-05 04:12:19', '2017-03-05 04:12:19', '8db6349c-a123-4bb4-b733-2a5c294d8a55'),
 ('76', '76', 'en_us', 'events-booking', NULL, '1', '2017-03-05 04:12:28', '2017-03-16 20:32:51', '1dcc5093-c704-466f-9eb1-d9f910c0b712'),
 ('77', '77', 'en_us', 'our-family', NULL, '1', '2017-03-05 04:12:48', '2017-03-16 20:32:58', 'b6ebfc91-ce03-42cc-bf63-902586669246'),
 ('78', '78', 'en_us', 'schedule-items', NULL, '1', '2017-03-05 17:24:01', '2017-04-21 00:02:31', 'b3b3e517-1a11-40ff-a0c6-9dae75fad7f3'),
 ('80', '80', 'en_us', 'event-slide-1', NULL, '1', '2017-03-05 17:38:24', '2017-03-05 17:38:24', '5939c288-f23e-4318-b563-aa1d43b722cb'),
 ('81', '81', 'en_us', 'slide-1', NULL, '1', '2017-03-05 17:38:30', '2017-04-12 16:05:06', '6183a5ed-a661-4ad5-b6f1-2d1487e152ce'),
 ('83', '83', 'en_us', 'event-slide-2', NULL, '1', '2017-03-05 17:38:44', '2017-03-05 17:38:44', '42dc527a-4eff-44e7-adcb-185e0f271840'),
 ('84', '84', 'en_us', 'slide-2', NULL, '1', '2017-03-05 17:38:47', '2017-04-12 16:05:49', 'd83316b8-16d2-4435-9ff0-9d62c63122c2'),
 ('86', '86', 'en_us', 'event-slide-3', NULL, '1', '2017-03-05 17:39:03', '2017-03-05 17:39:04', 'fcb96840-5e2a-43b8-92e9-8b7920311e8e'),
 ('87', '87', 'en_us', 'slide-3', NULL, '1', '2017-03-05 17:39:07', '2017-03-05 17:39:07', 'f6ced266-a3fa-463a-bf7b-df63553122f1'),
 ('88', '88', 'en_us', 'wassef', NULL, '1', '2017-03-05 17:58:56', '2017-05-04 22:49:28', '0c8b227c-2235-4f50-9fec-f232a1f497b5'),
 ('89', '89', 'en_us', 'racha', NULL, '1', '2017-03-05 17:59:09', '2017-05-04 22:49:38', '0059a477-29b7-401e-ab8c-699721ecb12d'),
 ('91', '91', 'en_us', 'seattle-metro', NULL, '1', '2017-03-05 18:03:14', '2017-03-10 03:15:20', '0df947fd-cdb0-4f43-9926-8db31864491c'),
 ('92', '92', 'en_us', 'wassef', NULL, '1', '2017-03-07 06:43:48', '2017-04-30 18:30:26', '564e190c-1268-4647-ad26-613bb93de3c4'),
 ('93', '93', 'en_us', 'seattle', NULL, '1', '2017-03-07 06:44:04', '2017-04-30 18:30:09', 'f6d02649-053a-4ae5-9968-180a942878b2'),
 ('95', '95', 'en_us', 'bellevue', NULL, '1', '2017-03-07 06:44:44', '2017-04-30 18:30:56', 'd19d70b7-1792-48d5-bece-6a5b90d34e39'),
 ('96', '96', 'en_us', 'the-stranger', NULL, '1', '2017-03-07 06:45:40', '2017-04-14 23:58:10', '938c7467-edfc-4474-8d10-9588ada4a2dd'),
 ('97', '97', 'en_us', 'bellevue-newspaper', NULL, '1', '2017-03-07 06:46:02', '2017-04-14 23:57:18', '9e958b7f-4140-457c-a02f-0611a3bab3e9'),
 ('100', '100', 'en_us', 'fried-potatoes-with-chiles-and-cilantro', NULL, '1', '2017-03-09 01:13:29', '2017-03-09 01:13:29', 'a7dbe709-97dc-4675-8e45-3d277a32910a'),
 ('101', '101', 'en_us', 'cauliflower-hummus-with-rice-beans-allspice-and-crudite', NULL, '1', '2017-03-09 01:14:03', '2017-03-09 01:14:03', 'bf8864f2-52bd-4320-bec1-99922849099d'),
 ('102', '102', 'en_us', 'grilled-trout-with-avocado-sumac-fenugreek-labneh-brown-butter', NULL, '1', '2017-03-09 01:14:37', '2017-03-09 01:14:37', '43d89a99-df05-46d1-90cd-df3442807656'),
 ('103', '103', 'en_us', 'soft-polenta-with-rabbit-foie-gras-bolognese-bianca-carrot-sauce', NULL, '1', '2017-03-09 01:16:33', '2017-03-09 01:16:33', 'd5f4e1a0-e60a-49f9-900e-46f53755aa70'),
 ('104', '104', 'en_us', 'skirt-steak-au-poivre-with-cognac-cream-sichuan-peppercorn-and-grilled-lime', NULL, '1', '2017-03-09 01:17:22', '2017-03-09 01:17:22', '3618e84d-2ae0-478c-a7e4-3dd4e099a3bd'),
 ('105', '105', 'en_us', 'mbar-bread-service-grilled-seawolf-baguette-with-house-cultured-butter-taggisca-olives-labneh-and-calabrian-chile-oil', NULL, '1', '2017-03-09 01:18:17', '2017-03-09 01:18:17', '04616fd4-fb3d-4c21-a49f-cfd802556e74'),
 ('106', '106', 'en_us', 'the-stratton-manhattan-wild-turkey-101-montenegro-pink-bitters-cherry-on-top-up', NULL, '1', '2017-03-09 01:22:34', '2017-03-09 01:22:34', '90cc9a26-d21f-419f-9854-a93d94071e69'),
 ('107', '107', 'en_us', 'mbar-negroni-campari-beefeater-gin-yzaguirre-rojo-reserva-rocks', NULL, '1', '2017-03-09 01:23:02', '2017-03-09 01:23:02', '3bd23119-7e8b-4e86-9389-85f0db03406d'),
 ('108', '108', 'en_us', 'mary-the-vampyre-absolut-lime-tamarind-arbol-citrus-cucumber-rocks', NULL, '1', '2017-03-09 01:23:33', '2017-03-09 01:23:33', 'f51ba6cd-7c3d-44c1-8d01-6706a0b38a22'),
 ('109', '109', 'en_us', 'dalis-frosted-donut-absolut-kahlua-coconut-lemongrass-rocks', NULL, '1', '2017-03-09 01:23:57', '2017-03-09 01:23:57', 'ea47f30c-7fce-4095-9174-0a88bd70597d'),
 ('110', '110', 'en_us', 'beez-in-the-trap-poli-miele-landy-cognac-lemon-black-lime-prickly-ash-rim-up', NULL, '1', '2017-03-09 01:24:19', '2017-03-09 01:24:19', 'aaf1c2fc-4123-4e44-b720-4dfd108ef384'),
 ('111', '111', 'en_us', 'heat-miser-russells-10-year-bourbon-calvados-cynar-70-spiced-honey-hot-water', NULL, '1', '2017-03-09 01:25:06', '2017-03-09 01:25:06', '492f60a2-0d36-40ed-92eb-ee948b97893f'),
 ('112', '112', 'en_us', 'ay-chihuahua-starbucks-reseve-crema-de-sotol-cynar-70-cream-sprinkles', NULL, '1', '2017-03-09 01:25:36', '2017-03-09 01:25:36', 'aa2e2132-552a-462a-bfa0-6281c71e91a0'),
 ('113', '113', 'en_us', 'pineapple-absolut-elyx-appleton-estate-rum-citrus-bitters-absinthe-fire', NULL, '1', '2017-03-09 01:26:03', '2017-03-09 01:26:03', 'b8a8d420-ae70-4bf9-a62a-be4cf3538be8'),
 ('114', '114', 'en_us', 'the-mbar-dark-chocolate-bar-with-sesame-nougat-tamarin-caramel', NULL, '1', '2017-03-10 00:28:42', '2017-03-10 00:41:15', '7d83505d-8216-4ae9-8093-d09a44f411db'),
 ('115', '115', 'en_us', 'pain-perdu-soaked-in-rum-orange-blossom-custard-with-pineapple-ice-vanilla-ice-cream', NULL, '1', '2017-03-10 00:29:58', '2017-03-10 00:29:58', '610453b2-383a-4d30-ab35-c22c1db08ff1'),
 ('116', '116', 'en_us', 'sipping-chocolate-with-parsnip-malted-milk-cornmeal', NULL, '1', '2017-03-10 00:33:33', '2017-03-10 00:35:53', 'c01da5b3-26b9-439d-9815-9b2c11727b69'),
 ('117', '117', 'en_us', 'meyer-lemon-semifreddo-with-hazelnut-nougat-ice-cream-passionfruit', NULL, '1', '2017-03-10 00:35:02', '2017-03-10 00:35:45', '617ff516-cc54-4d20-bfc8-7700d0744550'),
 ('118', '118', 'en_us', 'cheese-robiola-with-chestnut-honey-carrot-halvah-buckwheat-crackers', NULL, '1', '2017-03-10 00:40:47', '2017-03-10 00:40:47', 'eb11d2df-3295-4a13-8b96-48bbf40c5984'),
 ('119', '119', 'en_us', 'the-purple-one-crushed-marasche-whey-sorbet-wild-huckleberry-fruit-leather-summer-savory', NULL, '1', '2017-03-10 00:42:50', '2017-03-10 00:42:50', 'c39bceb0-4094-4212-93f4-5d60540c2faa'),
 ('120', '120', 'en_us', 'coffee-we-offer-starbucks-reserve-roast-as-a-seraphim-pour-over', NULL, '1', '2017-03-10 00:44:23', '2017-03-10 00:44:23', '65264838-289d-40d8-b5c6-15eb1c1c35b2'),
 ('121', '121', 'en_us', 'tea-fukamushi-sencha-earl-grey-assam-darjeeling-jasmine-green-lapsang-souchang-shu-puer', NULL, '1', '2017-03-10 00:55:27', '2017-03-10 00:55:27', '3100574a-56ed-4dfb-b46d-32c91fa7e103'),
 ('122', '122', 'en_us', 'tisanes-ginger-spearmint-chamomile', NULL, '1', '2017-03-10 00:56:09', '2017-03-10 00:56:09', 'dd3e4e27-68f3-4e2c-b551-9d8670c046c7'),
 ('123', '123', 'en_us', 'escarole-salad-with-anchovy-walnut-tarragon', NULL, '1', '2017-03-10 01:18:39', '2017-03-10 01:18:39', '59510be2-a8cd-4b5d-bcdb-c652d4d26e1f'),
 ('124', '124', 'en_us', 'strozzapreti-with-braised-oxtail-duck-confit-black-truffle-butter', NULL, '1', '2017-03-10 01:19:25', '2017-03-10 01:19:25', 'b7a93170-2f8b-4153-b913-24fe6ff94930'),
 ('125', '125', 'en_us', '2015-le-fay-dhomme-muscadet-sevre-et-maine-france', NULL, '1', '2017-03-10 01:32:19', '2017-03-10 01:32:19', '7f446d47-6afd-4117-9bc7-693289ad8244'),
 ('126', '126', 'en_us', '2013-grillo-centonze-sicily-italy', NULL, '1', '2017-03-10 01:32:35', '2017-03-10 01:32:35', '62d52bbb-bd8a-4312-acb7-b8a3256ea64e'),
 ('127', '127', 'en_us', '2015-frico-bianco-by-scarpetta', NULL, '1', '2017-03-10 01:32:55', '2017-03-10 01:32:55', 'baded0bc-2af5-40e2-9de9-0fb4a97e4a24'),
 ('128', '128', 'en_us', '2015-château-de-la-roche-sauvignon-blanc-touraine-france', NULL, '1', '2017-03-10 01:33:35', '2017-03-10 01:33:35', 'bb8fb462-13c3-4db2-8449-6431bba42aff'),
 ('129', '129', 'en_us', '2011-francis-tannahill-gewurtzraminer-columbia-valley-wa', NULL, '1', '2017-03-10 01:34:07', '2017-03-10 01:34:07', '670c3f34-8d31-4b20-8e10-d2444382aa32'),
 ('130', '130', 'en_us', '2014-dunham-cellars-chardonnay-shirley-mays-columbia-valley-wa', NULL, '1', '2017-03-10 01:34:43', '2017-03-10 01:34:43', '61a9338f-38f1-4f6f-b42e-99c627390ec3'),
 ('131', '131', 'en_us', '2015-cidrerie-du-vulcain-fribourg-switzerland', NULL, '1', '2017-03-10 01:35:45', '2017-03-10 01:35:45', '3ca68574-096c-45b6-9c38-9ac86a206258'),
 ('132', '132', 'en_us', '2015-ottella-rosesroses-veneto-italy', NULL, '1', '2017-03-10 01:38:40', '2017-03-10 01:38:40', '9703692e-a647-4c1e-ab16-87a4fc4cc0f3'),
 ('133', '133', 'en_us', 'château-thivin-beaujolais-villages-rosé', NULL, '1', '2017-03-10 01:39:09', '2017-03-10 03:01:54', '6d5a704c-1bc1-44c2-ac1c-3e70faa131f0'),
 ('134', '134', 'en_us', 'los-cucos-de-la-alberquilla-cabernet-sauvignon-jumilla-spain', NULL, '1', '2017-03-10 01:39:45', '2017-03-10 03:01:43', '35ef64af-a445-48a3-8e59-cba9f450588d'),
 ('135', '135', 'en_us', '2015-nada-giuseppe-nebbiolo-langhe-italy', NULL, '1', '2017-03-10 01:50:35', '2017-03-10 01:50:35', '7a0f1b4c-3c9e-4812-bb07-8c637c913823'),
 ('136', '136', 'en_us', '2014-omero-pinot-noir-willamette-valley-oregon', NULL, '1', '2017-03-10 01:51:14', '2017-03-10 01:51:14', 'af7d4358-675f-4979-96b6-1fcd43b609ad'),
 ('137', '137', 'en_us', '2007-sol-ezio-cerruti-moscato-langhe-italy-3oz', NULL, '1', '2017-03-10 01:52:12', '2017-03-10 01:52:12', '77cd1f62-4098-4bf9-b1ee-9e06c0cba3f5'),
 ('138', '138', 'en_us', '', NULL, '1', '2017-03-10 01:52:42', '2017-03-10 03:38:41', '83ad99d9-7a57-4673-a643-ff6d485589c9'),
 ('139', '139', 'en_us', '', NULL, '1', '2017-03-10 02:01:05', '2017-03-10 03:38:41', 'f67009a5-d2fd-4b95-a5d0-b58c24f1885b'),
 ('140', '140', 'en_us', 'wine-list', NULL, '1', '2017-03-10 02:01:36', '2017-04-12 18:47:02', 'c198e691-3c4c-416a-a30d-26dc3af1feaf'),
 ('141', '141', 'en_us', '', NULL, '1', '2017-03-10 02:01:36', '2017-03-10 02:25:25', '51c5eb1c-3c66-47f6-9c9e-d0cc90cd566c'),
 ('142', '142', 'en_us', '', NULL, '1', '2017-03-10 02:01:36', '2017-03-10 02:25:25', 'e21295d7-2bda-46f0-90b7-2ac913a53837'),
 ('143', '143', 'en_us', '2014-nicolas-potel-mâcon-villages-blanc-mâcon-france', NULL, '1', '2017-03-10 02:03:03', '2017-03-10 02:16:47', 'e15c12b7-eac3-4187-a4b1-a1369d583697'),
 ('144', '144', 'en_us', '2015-leah-jorgensen-sauvignon-blanc-rogue-valley-or', NULL, '1', '2017-03-10 02:03:37', '2017-03-10 02:16:44', '1470fd8a-34a6-4980-9661-2d84fe15314e');
INSERT INTO `craft_elements_i18n` (`id`, `elementId`, `locale`, `slug`, `uri`, `enabled`, `dateCreated`, `dateUpdated`, `uid`) VALUES
 ('145', '145', 'en_us', '2014-ulacia-getariako-txakolina-getaria-spain', NULL, '1', '2017-03-10 02:05:00', '2017-03-10 02:16:39', '221bb7c6-7d8a-4228-8502-d7970476e5c0'),
 ('146', '146', 'en_us', '2013-la-roche-bézigon-chenin-blanc-loire-france', NULL, '1', '2017-03-10 02:07:16', '2017-03-10 02:16:16', 'd695e4b0-f05d-46e0-93d6-08957beb6b0e'),
 ('147', '147', 'en_us', 'cvne-monopole-clasico', NULL, '1', '2017-03-10 02:07:35', '2017-03-10 02:10:03', '72f2eee0-c4fc-4f13-b072-c77b106fcfbf'),
 ('148', '148', 'en_us', 'linsolite-chenin-blanc-saumur-france', NULL, '1', '2017-03-10 02:08:03', '2017-03-10 02:14:15', '13ed0c0a-2c5d-4423-8c45-71c5a3127948'),
 ('149', '149', 'en_us', 'les-vignes-derrière-montagny-1er-cru-burgundy-france', NULL, '1', '2017-03-10 02:08:38', '2017-03-10 02:14:24', '54fb2cfb-8524-425c-b05e-ec25f14255e5'),
 ('150', '150', 'en_us', '2004-château-dorschwihr-grand-cru-riesling-alsace-france', NULL, '1', '2017-03-10 02:09:06', '2017-03-10 02:09:06', '45aca431-8e07-4168-a2a7-d164ef1f7c99'),
 ('151', '151', 'en_us', '2014-leah-jorgensen-blanc-de-cabernet-franc', NULL, '1', '2017-03-10 02:09:48', '2017-03-10 02:09:48', 'cd9458c7-f945-4932-8b7f-45ec623458e0'),
 ('152', '152', 'en_us', '2014-domaine-laroche-chablis-vieille-voye', NULL, '1', '2017-03-10 02:10:51', '2017-03-10 02:10:51', '9856fb10-9a20-437d-a18e-842b593fc035'),
 ('153', '153', 'en_us', '2015-mac-forbes-chardonnay-yarra-valley-australia', NULL, '1', '2017-03-10 02:11:22', '2017-03-10 02:11:22', 'ffafb580-cfc4-4db9-be17-e7ba6ebe2be1'),
 ('154', '154', 'en_us', '2013-kracher-cuvée-auslese-375ml-burgenland-austria', NULL, '1', '2017-03-10 02:12:17', '2017-03-10 02:12:17', 'eaf3dccf-516f-4aa5-813b-e89a6a25f06e'),
 ('155', '155', 'en_us', '2007-disnókö-5-puttonyos-tokaj-hungary', NULL, '1', '2017-03-10 02:13:11', '2017-03-10 02:13:11', '4fcaecaf-a24a-4777-9281-52499f4e7864'),
 ('156', '156', 'en_us', '2014-chateau-gilette-les-justices-sauternes-france', NULL, '1', '2017-03-10 02:13:30', '2017-03-10 02:13:30', 'ec502f32-2540-4fda-9157-931cdda161ec'),
 ('157', '157', 'en_us', '2010-colli-euganei-rosso-riserva-veneto-italy', NULL, '1', '2017-03-10 02:17:26', '2017-03-10 02:17:26', '9829307a-5801-4ace-8e24-90b8464c01df'),
 ('158', '158', 'en_us', '2015-leah-jorgensen-tour-rain-gamay-cabernet-franc-rogue-valley-or', NULL, '1', '2017-03-10 02:18:16', '2017-03-10 02:18:16', 'dad19499-d8d5-4655-aa41-dcaa6e0a26b3'),
 ('159', '159', 'en_us', '2013-francis-tannahill-pinot-noir-the-hermit-dundee-hills-or', NULL, '1', '2017-03-10 02:18:43', '2017-03-10 02:18:43', 'cdeeec21-af07-4daa-a83d-5863487b6a7f'),
 ('160', '160', 'en_us', '2013-gilbert-cellars-left-bank-red-columbia-valley-wa', NULL, '1', '2017-03-10 02:19:12', '2017-03-10 02:19:12', '51639e89-7ff6-4556-87ff-3c9398b312e3'),
 ('161', '161', 'en_us', '2012-mullineaux-syrah-swartland-south-africa', NULL, '1', '2017-03-10 02:19:31', '2017-03-10 02:19:31', 'f17b5f57-b4d9-41cc-8fda-f5c91c7ade0d'),
 ('162', '162', 'en_us', '2010-cvne-gran-reserva-rioja-spain', NULL, '1', '2017-03-10 02:19:47', '2017-03-10 02:19:47', 'f6b5f8e8-e4ac-4e7e-b493-f529d24f8e7b'),
 ('163', '163', 'en_us', '2015-leah-jorgensen-southern-oregon-cabernet-france-rogue-valley-or', NULL, '1', '2017-03-10 02:20:21', '2017-03-10 02:20:21', '000ce490-8751-4768-8614-ef927f5c78ff'),
 ('164', '164', 'en_us', '2013-woodward-canyon-cabernet-sauvignon-columbia-valley-wa', NULL, '1', '2017-03-10 02:20:45', '2017-03-10 02:20:45', 'b84109dc-51e0-4052-9ca7-a2c80c976439'),
 ('165', '165', 'en_us', '2013-darioush-cabernet-sauvignon-napa-valley-ca', NULL, '1', '2017-03-10 02:21:05', '2017-03-10 02:21:05', '7efc6885-2fe4-477d-b925-141a14da795b'),
 ('166', '166', 'en_us', '2012-figgins-bordeaux-blend-walla-walla-wa', NULL, '1', '2017-03-10 02:21:27', '2017-03-10 02:21:27', '349737c0-dd1c-4575-b7d9-2c01483cb577'),
 ('167', '167', 'en_us', '2011-numanthia-toro-spain', NULL, '1', '2017-03-10 02:21:43', '2017-03-10 02:21:43', '6ce1a503-ec20-4a81-b509-0af006a83f12'),
 ('168', '168', 'en_us', '2010-principiano-barolo-italy', NULL, '1', '2017-03-10 02:21:56', '2017-03-10 02:21:56', '79148eea-df09-4889-99a5-d3e588c801a4'),
 ('169', '169', 'en_us', '2013-continuum-napa-valley-ca', NULL, '1', '2017-03-10 02:22:18', '2017-03-10 02:22:18', '678e8965-e0c0-40b3-8107-ab357690d3eb'),
 ('170', '170', 'en_us', 'port-brewing-wipeout-ipa', NULL, '1', '2017-03-10 02:25:51', '2017-03-10 03:01:21', 'ded61316-9ee1-40e0-80e5-0a638ec41287'),
 ('171', '171', 'en_us', 'pfriem-brewing-pilsner', NULL, '1', '2017-03-10 02:26:20', '2017-03-10 03:01:16', 'bc583a62-d576-4f08-90aa-237e61816354'),
 ('172', '172', 'en_us', 'avery-lilikoi-kepolo-wit', NULL, '1', '2017-03-10 02:27:06', '2017-03-10 03:01:04', '4b7e5465-d441-479d-8fb5-765318fff49f'),
 ('173', '173', 'en_us', 'anderson-valley-barney-flats-oatmeal-stout', NULL, '1', '2017-03-10 02:27:23', '2017-03-10 03:01:12', '667f3047-e52e-452c-83a5-dae2cc26e103'),
 ('174', '174', 'en_us', 'dogfish-head-brewing-burton-baton', NULL, '1', '2017-03-10 02:27:42', '2017-03-10 03:00:58', '05a8316a-8bfd-4688-8dc8-d78169385d60'),
 ('176', '176', 'en_us', 'pratt-mbar-seattle-details-1', NULL, '1', '2017-03-15 21:55:26', '2017-03-15 21:59:56', 'e39460a5-99aa-45a2-a2b9-1ea77ae17e79'),
 ('177', '177', 'en_us', 'pratt-mbar-seattle-details-12', NULL, '1', '2017-03-15 21:55:28', '2017-03-15 21:55:28', '352dbbb1-d04b-4d69-bbd5-95024a5e9410'),
 ('178', '178', 'en_us', 'pratt-mbar-seattle-food-16', NULL, '1', '2017-03-15 21:55:31', '2017-03-15 21:55:31', 'f4d3b2f6-66d9-4234-8faa-51b9812a1720'),
 ('179', '179', 'en_us', 'pratt-mbar-seattle-food-23', NULL, '1', '2017-03-15 21:55:33', '2017-03-15 21:55:33', '5f417f69-f3a5-415c-97fa-8ded79cb825d'),
 ('180', '180', 'en_us', 'pratt-mbar-seattle-food-29', NULL, '1', '2017-03-15 21:55:36', '2017-03-15 21:55:36', '92ad448c-a96d-4867-86e8-c788c587e08e'),
 ('181', '181', 'en_us', 'pratt-mbar-seattle-food-31', NULL, '1', '2017-03-15 21:55:38', '2017-03-15 21:55:38', '177513d7-a58f-49a4-9f9a-5bda64b9865e'),
 ('182', '182', 'en_us', 'pratt-mbar-seattle-food-38', NULL, '1', '2017-03-15 21:55:40', '2017-03-15 21:55:40', '1c08dc50-7ebf-4d90-9a05-95ca05e075d4'),
 ('183', '183', 'en_us', 'pratt-mbar-seattle-food-60', NULL, '1', '2017-03-15 21:55:42', '2017-03-15 21:55:42', 'e0a6c0eb-1e08-466b-823f-1d61dee5add9'),
 ('184', '184', 'en_us', 'pratt-mbar-seattle-food-64', NULL, '1', '2017-03-15 21:55:44', '2017-03-15 21:55:44', 'aa3ddab5-3efc-4a64-ae39-ea4a46b7be83'),
 ('185', '185', 'en_us', 'pratt-mbar-seattle-food-65', NULL, '1', '2017-03-15 21:55:48', '2017-03-15 21:55:48', 'bfab5a7f-b6b6-42dc-a829-a2d5dff2a864'),
 ('186', '186', 'en_us', 'pratt-mbar-seattle-interior-exterior-1', NULL, '1', '2017-03-15 21:55:51', '2017-03-15 21:55:51', 'ba592842-3330-4681-bc7c-da6740e7e768'),
 ('187', '187', 'en_us', 'pratt-mbar-seattle-interior-exterior-2', NULL, '1', '2017-03-15 21:55:54', '2017-03-15 21:55:54', '7f446d84-0f8d-4cf8-89c6-666f029663fc'),
 ('188', '188', 'en_us', 'pratt-mbar-seattle-interior-exterior-5', NULL, '1', '2017-03-15 21:55:56', '2017-03-15 21:55:56', 'b283951b-f123-4891-93cb-da5263ecc44a'),
 ('189', '189', 'en_us', 'pratt-mbar-seattle-interior-exterior-6', NULL, '1', '2017-03-15 21:55:59', '2017-03-15 21:55:59', '1fb83e63-79e8-412a-a3c2-4014fea4a06a'),
 ('190', '190', 'en_us', 'pratt-mbar-seattle-interior-exterior-8', NULL, '1', '2017-03-15 21:56:02', '2017-03-15 21:56:02', '0f66b142-a72f-4f64-8372-91c8b9412123'),
 ('191', '191', 'en_us', 'pratt-mbar-seattle-interior-exterior-12', NULL, '1', '2017-03-15 21:56:05', '2017-03-15 21:56:05', '05d8d34e-8dc0-4372-8e5a-f46ff6ac6cf6'),
 ('192', '192', 'en_us', 'pratt-mbar-seattle-interior-exterior-14', NULL, '1', '2017-03-15 21:56:08', '2017-04-06 19:53:12', '9d4d2c22-f5a6-43c0-979e-bd4fc33c343d'),
 ('193', '193', 'en_us', 'pratt-mbar-seattle-interior-exterior-19', NULL, '1', '2017-03-15 21:56:11', '2017-03-15 21:56:11', '7d8c8869-dc03-435c-962b-6b7fdda909da'),
 ('194', '194', 'en_us', 'pratt-mbar-seattle-interior-exterior-23', NULL, '1', '2017-03-15 21:56:13', '2017-03-15 21:56:13', 'bfde2ddd-0acb-4ab4-b015-e9ebdfd8d872'),
 ('195', '195', 'en_us', 'pratt-mbar-seattle-interior-exterior-25', NULL, '1', '2017-03-15 21:56:15', '2017-03-15 21:56:15', 'f26f4a5e-9eb0-482c-8a5a-45652bdc4f68'),
 ('196', '196', 'en_us', 'pratt-mbar-seattle-interior-exterior-28', NULL, '1', '2017-03-15 21:56:19', '2017-03-15 21:56:19', '97b0a19e-65f0-443c-80cd-766f2c2cd772'),
 ('197', '197', 'en_us', 'pratt-mbar-seattle-interior-exterior-29', NULL, '1', '2017-03-15 21:56:24', '2017-03-15 21:56:24', '5ef23741-b4e4-44f8-bc20-563bd9eea59f'),
 ('198', '198', 'en_us', 'pratt-mbar-seattle-interior-2', NULL, '1', '2017-03-15 21:56:27', '2017-03-15 21:56:27', 'de2a2572-e695-477a-b017-0fe39f3f53f9'),
 ('199', '199', 'en_us', 'pratt-mbar-seattle-interior-9', NULL, '1', '2017-03-15 21:56:32', '2017-03-15 21:56:32', '7e7616d0-bab6-4917-9685-4661532ce4fe'),
 ('200', '200', 'en_us', 'pratt-mbar-seattle-interior-15', NULL, '1', '2017-03-15 21:56:35', '2017-03-15 21:56:35', 'e80e8dfb-29ad-4e74-bc88-768581f5da8a'),
 ('201', '201', 'en_us', 'rainbow-chair', NULL, '1', '2017-03-15 21:58:20', '2017-04-12 15:59:43', '4a262435-b7da-4730-be0b-d92abb9966d4'),
 ('202', '202', 'en_us', 'patio-shot', NULL, '1', '2017-03-20 23:12:43', '2017-04-12 16:00:37', '0cf5261e-ce09-48ea-aca5-89445d4789e2'),
 ('204', '204', 'en_us', 'timed-announcement', NULL, '1', '2017-03-24 20:21:01', '2017-05-09 18:50:52', '07eb0c9a-6954-420e-b422-796cff014b31'),
 ('205', '205', 'en_us', 'will', NULL, '1', '2017-03-24 22:50:59', '2017-04-30 18:31:20', '36555c4e-dbf0-4288-b8cd-ecd6e1ca6e58'),
 ('207', '207', 'en_us', 'seaplane', NULL, '1', '2017-04-06 19:37:36', '2017-04-06 19:37:36', 'd97700d3-79dd-40f0-a7e4-a8de10c27cbf'),
 ('208', '208', 'en_us', 'img-2273', NULL, '1', '2017-04-06 19:48:54', '2017-04-06 19:48:54', '5dcd545d-13ac-4555-9e47-9a120851166f'),
 ('210', '210', 'en_us', 'exterior-cover', NULL, '1', '2017-04-06 19:53:21', '2017-04-12 16:06:37', '0a60a3f3-a7da-41ef-bed1-c50f0b154236'),
 ('212', '212', 'en_us', 'izzy-hsieh-guest-relations-manager', NULL, '1', '2017-04-06 20:02:14', '2017-04-30 18:31:11', '75d574b7-1f46-4e34-964e-ea329d701c6a'),
 ('214', '214', 'en_us', 'mbar-bread-service-1-4-seawolf-baguette-labneh-calabrian-chiles-olives-cultured-butter', NULL, '1', '2017-04-11 21:08:17', '2017-04-11 21:08:17', '7dac6d9f-b1b6-4460-9deb-4aab77deb71e'),
 ('215', '215', 'en_us', 'mbar-salumi-plate-nightly-selection-with-grilled-baguette', NULL, '1', '2017-04-11 21:08:39', '2017-04-23 00:23:35', '821e2adf-06a8-4b5d-a512-d42a6ce7f78a'),
 ('216', '216', 'en_us', 'olive-oil-poached-salmon-with-shaved-raw-baby-artichoke-radish-wood-sorrel', NULL, '1', '2017-04-11 21:09:18', '2017-04-11 21:09:18', '476c62c4-cf20-4d16-9486-270b02a2e7d9'),
 ('217', '217', 'en_us', 'roasted-cauliflower-hummus-with-crudité-rice-beans', NULL, '1', '2017-04-11 21:09:43', '2017-04-11 21:09:43', '707d8ef7-d2bf-49f7-a2fb-6e8c5dd16b77'),
 ('218', '218', 'en_us', 'hedgehog-mushroom-soup-with-toasted-pine-nuts-pine-bud-syrup', NULL, '1', '2017-04-11 21:10:31', '2017-05-04 19:12:20', 'b18ae7e7-5a00-416f-ab96-910e06ad58a5'),
 ('219', '219', 'en_us', 'escarole-salad-with-anchovy-walnut-tarragon', NULL, '1', '2017-04-11 21:12:30', '2017-04-11 21:12:30', '77e39644-4c55-46c8-a12f-ce6bddce7616'),
 ('220', '220', 'en_us', 'winter-citrus-salad-with-watercress-parmigiano-reggiano-chestnut-honey', NULL, '1', '2017-04-11 21:13:48', '2017-04-11 21:13:48', 'e4f53df6-454a-4fd5-b5f9-15ac4e241f75'),
 ('221', '221', 'en_us', 'king-oyster-mushroom-baby-beets-with-crushed-egg-pecan-cumin', NULL, '1', '2017-04-11 21:16:44', '2017-04-11 21:16:44', '9bb0a416-6aca-42a1-a7f5-3bc03f0958ef'),
 ('222', '222', 'en_us', 'grilled-washington-aparagus-with-black-garlic-molasses-black-sesame-lime-soy', NULL, '1', '2017-04-11 21:18:21', '2017-04-11 21:18:21', 'b538bda0-bbdc-41d8-9fc9-c20a836ab12a'),
 ('223', '223', 'en_us', 'paulines-favorite-braised-whidbey-island-collard-greens-with-house-smoked-hamhock-chiles-vinegar', NULL, '1', '2017-04-11 21:21:37', '2017-04-11 21:21:37', '0b37a75f-e1a0-4e56-b4e0-b9529a72f4a5'),
 ('224', '224', 'en_us', 'tagliatelle-with-walnut-sauce-mint-chile-oil', NULL, '1', '2017-04-11 21:27:11', '2017-04-23 00:23:04', 'd739a13e-5742-4138-86af-347896186c36'),
 ('225', '225', 'en_us', 'black-spaghetti-with-dungeness-crab-trout-roe-lime-leaf-meyer-lemon-brioche-breadcrumbs-17-26', NULL, '1', '2017-04-11 21:27:58', '2017-04-11 21:27:58', 'c73ecf82-e353-4a47-bc27-e9347ec8d2a2'),
 ('226', '226', 'en_us', 'strozzapretti-with-rabbit-and-foie-gras-bolognese-bianca', NULL, '1', '2017-04-11 21:28:26', '2017-04-11 21:28:26', '669dc730-1b7f-4172-b84c-25d12e5f798b'),
 ('227', '227', 'en_us', 'grilled-elk-chop-with-chestnuts-wild-huckleberry', NULL, '1', '2017-04-11 21:28:58', '2017-04-11 21:28:58', '7dc25d03-55a6-4877-b7af-d4b7893314ff'),
 ('228', '228', 'en_us', 'steamed-halibut-with-pine-nuts-wild-leek-tahini-sauce', NULL, '1', '2017-04-11 21:29:24', '2017-04-11 21:29:24', '581f340b-2e98-49ed-9e7e-916468d701e9'),
 ('229', '229', 'en_us', 'skirt-steak-with-baby-turnip-flowering-kale-nettles-anchovy-butter', NULL, '1', '2017-04-11 21:30:27', '2017-04-23 00:24:03', 'fb154999-dda2-4dcc-a4e9-e5e6428460b0'),
 ('230', '230', 'en_us', 'pacific-octopus-with-spicy-fried-potatoes-grilled-lime-calabrian-chiles', NULL, '1', '2017-04-11 21:33:14', '2017-04-11 21:33:14', 'b701647d-6dbd-4057-a23d-b1ddd205329f'),
 ('231', '231', 'en_us', 'grilled-trout-with-avocado-sumac-labneh-fenugreek', NULL, '1', '2017-04-11 21:33:37', '2017-04-11 21:33:37', '9d1c3185-2ee0-4748-8a75-a014239c82b0'),
 ('232', '232', 'en_us', '', NULL, '1', '2017-04-11 22:15:08', '2017-05-11 23:08:26', 'ba750578-77d9-4d4b-bdf3-d0db31760201'),
 ('233', '233', 'en_us', 'fb-img-1491949270186', NULL, '1', '2017-04-11 22:24:08', '2017-04-11 22:24:08', '2cf8245d-e196-4eb8-80d4-663d2c231b25'),
 ('234', '234', 'en_us', 'pratt-mbar-seattle-interior-exterior-12', NULL, '1', '2017-04-12 15:57:08', '2017-04-12 15:59:38', '981dfc47-080e-4fbe-bf3a-7bd72d2f70d8'),
 ('235', '235', 'en_us', 'plane', NULL, '1', '2017-04-12 15:57:31', '2017-04-12 16:00:28', '4a8c7bf0-a1fc-47ae-80e5-bb5e240294af'),
 ('238', '238', 'en_us', '2', NULL, '1', '2017-04-12 16:05:00', '2017-04-12 16:05:00', '8cf96ae4-64cd-4134-a46b-d3e23dc69493'),
 ('239', '239', 'en_us', '4', NULL, '1', '2017-04-12 16:05:34', '2017-04-12 16:05:34', '0d2b7ecb-707e-490e-8f63-d0b8475d5070'),
 ('240', '240', 'en_us', '3', NULL, '1', '2017-04-12 16:06:30', '2017-04-12 16:06:30', '98eedaff-51e8-4873-b4cc-a0a019557099'),
 ('241', '241', 'en_us', 'ani-headshot', NULL, '1', '2017-04-14 21:52:11', '2017-04-14 21:52:11', '5439bdfb-6e53-4b5e-aa06-6bd10ed27ba9'),
 ('242', '242', 'en_us', 'wassef-headshot', NULL, '1', '2017-04-14 23:53:25', '2017-04-14 23:53:25', '2cc285f3-f33c-460f-9a7d-27914d359973'),
 ('243', '243', 'en_us', 'seattle-magazine', NULL, '1', '2017-04-15 00:01:12', '2017-04-15 00:03:11', 'c91686c7-318c-45a0-9260-26c54f917db5'),
 ('244', '244', 'en_us', '', NULL, '1', '2017-04-18 21:49:33', '2017-04-18 21:50:07', '7bc657ad-3e81-4300-baa5-667a32aead25'),
 ('245', '245', 'en_us', 'slow-roasted-duck-leg-with-shaved-watermelon-radish-cumin-rhubarb', NULL, '1', '2017-04-23 00:24:22', '2017-04-23 00:24:22', 'c14a061a-63fd-48a2-af5a-14905fc85724'),
 ('246', '246', 'en_us', 'fullsizeoutput-a34', NULL, '1', '2017-04-28 20:04:38', '2017-04-28 20:04:38', '094b18b8-2003-41b4-9c37-11c0528ef27a'),
 ('247', '247', 'en_us', 'fullsizeoutput-a3a', NULL, '1', '2017-04-28 20:11:18', '2017-04-28 20:11:18', 'd5f289d5-5ab2-4d86-bb9a-5c7b6c33d175'),
 ('248', '248', 'en_us', 'fullsizeoutput-a38', NULL, '1', '2017-04-28 20:11:28', '2017-04-28 20:11:28', 'd97f88b9-10a5-4760-ba69-712ac403c0fb'),
 ('249', '249', 'en_us', 'anthony-reynaga-sous-chef', NULL, '1', '2017-04-28 20:11:34', '2017-04-30 18:31:28', '0d36da47-b003-4066-96d0-83d6c404ee16'),
 ('250', '250', 'en_us', 'fullsizeoutput-a3e', NULL, '1', '2017-04-28 20:37:02', '2017-04-28 20:37:02', '7e1bff41-da44-44f1-96a5-6d062e2639a6'),
 ('251', '251', 'en_us', 'img-4642', NULL, '1', '2017-04-28 21:17:02', '2017-04-28 21:17:02', '6bd45221-fd8d-4114-a0be-c7760240d61b'),
 ('252', '252', 'en_us', 'wassef-racha', NULL, '1', '2017-04-28 21:19:54', '2017-04-28 21:19:54', '3b1b622f-f1bb-4a57-87c5-8c6b4f61997f');
INSERT INTO `craft_elements_i18n` (`id`, `elementId`, `locale`, `slug`, `uri`, `enabled`, `dateCreated`, `dateUpdated`, `uid`) VALUES
 ('253', '253', 'en_us', 'reservations', NULL, '1', '2017-04-30 13:51:28', '2017-05-17 20:36:08', '68093467-ac81-4464-acd3-04759d439c90'),
 ('255', '255', 'en_us', 'privacy', 'privacy', '1', '2017-04-30 17:40:57', '2017-04-30 17:50:47', '0d27b5a4-8458-4281-91e5-3099377f4ee4'),
 ('257', '257', 'en_us', '', NULL, '1', '2017-05-07 18:58:22', '2017-05-07 18:58:55', '27135c34-830b-4c7a-8a4d-97f744e01b4f');



DROP TABLE IF EXISTS `craft_emailmessages`;


--
-- Schema for table `craft_emailmessages`
--
CREATE TABLE `craft_emailmessages` (
  `id` int(11) NOT NULL AUTO_INCREMENT,
  `key` char(150) COLLATE utf8_unicode_ci NOT NULL,
  `locale` char(12) COLLATE utf8_unicode_ci NOT NULL,
  `subject` varchar(1000) COLLATE utf8_unicode_ci NOT NULL,
  `body` text COLLATE utf8_unicode_ci NOT NULL,
  `dateCreated` datetime NOT NULL,
  `dateUpdated` datetime NOT NULL,
  `uid` char(36) COLLATE utf8_unicode_ci NOT NULL DEFAULT '0',
  PRIMARY KEY (`id`),
  UNIQUE KEY `craft_emailmessages_key_locale_unq_idx` (`key`,`locale`),
  KEY `craft_emailmessages_locale_fk` (`locale`)
) ENGINE=InnoDB DEFAULT CHARSET=utf8 COLLATE=utf8_unicode_ci;

DROP TABLE IF EXISTS `craft_entries`;


--
-- Schema for table `craft_entries`
--
CREATE TABLE `craft_entries` (
  `id` int(11) NOT NULL,
  `sectionId` int(11) NOT NULL,
  `typeId` int(11) DEFAULT NULL,
  `authorId` int(11) DEFAULT NULL,
  `postDate` datetime DEFAULT NULL,
  `expiryDate` datetime DEFAULT NULL,
  `dateCreated` datetime NOT NULL,
  `dateUpdated` datetime NOT NULL,
  `uid` char(36) COLLATE utf8_unicode_ci NOT NULL DEFAULT '0',
  PRIMARY KEY (`id`),
  KEY `craft_entries_sectionId_idx` (`sectionId`),
  KEY `craft_entries_typeId_idx` (`typeId`),
  KEY `craft_entries_postDate_idx` (`postDate`),
  KEY `craft_entries_expiryDate_idx` (`expiryDate`),
  KEY `craft_entries_authorId_fk` (`authorId`)
) ENGINE=InnoDB DEFAULT CHARSET=utf8 COLLATE=utf8_unicode_ci;

--
-- Data for table `craft_entries`
--

INSERT INTO `craft_entries` (`id`, `sectionId`, `typeId`, `authorId`, `postDate`, `expiryDate`, `dateCreated`, `dateUpdated`, `uid`) VALUES
 ('2', '1', NULL, NULL, '2017-03-04 21:05:19', NULL, '2017-03-04 21:05:19', '2017-05-11 23:08:26', '40d7949c-9cd7-4eef-80d4-bdc12693447d'),
 ('3', '2', '2', '1', '2017-03-04 21:05:00', NULL, '2017-03-04 21:05:20', '2017-03-04 21:10:43', '0627106f-62d3-40cf-a056-7d0404368f34'),
 ('15', '4', '4', '1', '2017-03-04 22:47:00', NULL, '2017-03-04 22:47:17', '2017-03-10 03:38:41', '62ffcd13-1c67-4829-b17a-82c4943ccb3d'),
 ('16', '4', '4', '1', '2017-03-04 22:47:00', NULL, '2017-03-04 22:47:24', '2017-03-10 00:56:27', '3fd6a977-5f69-4bcf-8768-ea3ac04a1abe'),
 ('17', '4', '4', '1', '2017-03-04 22:47:00', NULL, '2017-03-04 22:47:32', '2017-03-10 01:24:28', '811d3382-d97e-4749-8a09-ab8a5c49a2b0'),
 ('18', '4', '4', '1', '2017-03-04 22:47:00', NULL, '2017-03-04 22:47:40', '2017-04-23 00:25:09', '5f0527e2-6807-4900-a136-c920ba263ecc'),
 ('23', '5', '5', '1', '2017-03-04 23:37:00', NULL, '2017-03-04 23:37:12', '2017-03-04 23:40:25', '23db5a10-d558-4da8-943e-b74b466d21c8'),
 ('24', '5', '5', '1', '2017-03-04 23:40:34', NULL, '2017-03-04 23:40:34', '2017-03-04 23:40:34', '8128d37e-4918-491d-b94f-843f98430a82'),
 ('55', '9', '9', '1', '2017-03-05 03:11:00', NULL, '2017-03-05 03:11:52', '2017-04-06 18:28:00', '38dc67c6-7f3a-4709-9925-5200bf8f03a2'),
 ('57', '10', '10', '1', '2017-03-05 03:32:00', NULL, '2017-03-05 03:32:34', '2017-03-20 19:16:10', '5970ed37-9a87-430e-b9c7-d97cbdabfd0f'),
 ('62', '10', '10', '1', '2017-03-05 03:38:00', NULL, '2017-03-05 03:38:13', '2017-03-20 19:15:48', '9dbd5be9-c974-4664-a995-ff97b9311ab6'),
 ('65', '10', '10', '1', '2017-03-05 03:38:00', NULL, '2017-03-05 03:38:38', '2017-03-20 19:15:24', '9efe82f3-c9c6-4063-8d0c-b99b30a8fc7a'),
 ('72', '12', '12', '1', '2017-03-05 04:11:57', NULL, '2017-03-05 04:11:57', '2017-03-05 04:11:57', '501188b3-b97b-4dbb-ae6d-9ac033dae164'),
 ('73', '12', '12', '1', '2017-03-05 04:12:04', NULL, '2017-03-05 04:12:04', '2017-03-05 04:12:04', 'fe5e8972-db8b-496b-9976-6c365aacf5c2'),
 ('74', '12', '12', '1', '2017-03-05 04:12:12', NULL, '2017-03-05 04:12:12', '2017-03-05 04:12:12', '7584ab62-bcb8-4361-b893-d6e82ca456a8'),
 ('75', '12', '12', '1', '2017-03-05 04:12:19', NULL, '2017-03-05 04:12:19', '2017-03-05 04:12:19', '2ca305bf-31aa-430b-ac0e-512dff161057'),
 ('76', '12', '12', '1', '2017-03-05 04:12:28', NULL, '2017-03-05 04:12:28', '2017-03-05 04:12:28', '39cb26e7-879d-448a-a0fd-5c6209d33a4e'),
 ('77', '12', '12', '1', '2017-03-05 04:12:48', NULL, '2017-03-05 04:12:48', '2017-03-05 04:12:48', '9e58c68e-f3e8-4b88-b012-1ad08415978f'),
 ('78', '13', '13', '1', '2017-03-05 17:24:00', NULL, '2017-03-05 17:24:01', '2017-04-21 00:02:31', '3d28029c-388e-485d-a4cf-6536d09406f4'),
 ('81', '14', '14', '1', '2017-03-05 17:38:00', NULL, '2017-03-05 17:38:30', '2017-04-12 16:05:06', '20966c77-b20e-4cb2-89c3-4e476192044f'),
 ('84', '14', '14', '1', '2017-03-05 17:38:00', NULL, '2017-03-05 17:38:47', '2017-04-12 16:05:49', '94971719-2fce-48ae-8e17-3a6d825b6727'),
 ('87', '14', '14', '1', '2017-03-05 17:39:07', NULL, '2017-03-05 17:39:07', '2017-03-05 17:39:07', '362d89f3-c1bb-4cd4-bea2-56205cdba28d'),
 ('88', '15', '15', '1', '2017-03-05 17:58:00', NULL, '2017-03-05 17:58:56', '2017-05-04 22:49:29', 'f3e14d4a-cf03-4c73-a100-ffd22b29ad22'),
 ('89', '15', '15', '1', '2017-03-05 17:59:00', NULL, '2017-03-05 17:59:09', '2017-05-04 22:49:38', '5d4d8246-a68f-4632-8809-b5853f8fab71'),
 ('91', '16', '16', '1', '2017-03-05 18:03:00', NULL, '2017-03-05 18:03:14', '2017-03-10 03:15:20', 'd7d2fbcb-2c05-4e4f-83c0-410c6e5eb1a7'),
 ('92', '15', '15', '1', '2017-03-07 06:43:00', NULL, '2017-03-07 06:43:48', '2017-04-30 18:30:26', 'c13a015e-9cf0-4678-aa0f-fd9401accd03'),
 ('93', '15', '15', '1', '2017-03-07 06:44:00', NULL, '2017-03-07 06:44:04', '2017-04-30 18:30:09', '849186f3-0238-445b-9f41-1178a1074e1a'),
 ('95', '15', '15', '1', '2017-03-07 06:44:00', NULL, '2017-03-07 06:44:44', '2017-04-30 18:30:56', '379153ad-6dac-4856-89bd-4712d723fdea'),
 ('96', '16', '16', '1', '2017-03-07 06:45:00', NULL, '2017-03-07 06:45:40', '2017-04-14 23:58:10', 'b9da0a65-f8df-425e-989e-63fe2bd125ad'),
 ('97', '16', '16', '1', '2017-03-07 06:46:00', NULL, '2017-03-07 06:46:02', '2017-04-14 23:57:18', '364619ca-b50c-449e-8901-d48468c10985'),
 ('100', '5', '5', '1', '2017-03-09 01:13:29', NULL, '2017-03-09 01:13:29', '2017-03-09 01:13:29', 'ed2d15cc-e5c3-41e4-ba2f-5ee68553c4a8'),
 ('101', '5', '5', '1', '2017-03-09 01:14:03', NULL, '2017-03-09 01:14:03', '2017-03-09 01:14:03', '419b42b7-3c79-48dd-801d-b7f9eb142ccd'),
 ('102', '5', '5', '1', '2017-03-09 01:14:37', NULL, '2017-03-09 01:14:37', '2017-03-09 01:14:37', '0c3a4338-1ffb-42cc-a798-8dff867b40fe'),
 ('103', '5', '5', '1', '2017-03-09 01:16:33', NULL, '2017-03-09 01:16:33', '2017-03-09 01:16:33', '7e3714fa-9e4e-486b-8fef-c5a85c2839e7'),
 ('104', '5', '5', '1', '2017-03-09 01:17:22', NULL, '2017-03-09 01:17:22', '2017-03-09 01:17:22', '3ff7b2e8-015e-49ab-99ea-c1829d288994'),
 ('105', '5', '5', '1', '2017-03-09 01:18:17', NULL, '2017-03-09 01:18:17', '2017-03-09 01:18:17', '185d1594-a344-4a75-86f0-f96ac1975963'),
 ('106', '5', '5', '1', '2017-03-09 01:22:34', NULL, '2017-03-09 01:22:34', '2017-03-09 01:22:34', 'e87edf65-0849-46fb-b89a-c43418e57665'),
 ('107', '5', '5', '1', '2017-03-09 01:23:02', NULL, '2017-03-09 01:23:02', '2017-03-09 01:23:02', 'f665b32e-b96d-4231-ad83-fa6343571b19'),
 ('108', '5', '5', '1', '2017-03-09 01:23:33', NULL, '2017-03-09 01:23:33', '2017-03-09 01:23:33', 'd66e1a44-0fcf-43d3-9173-18605273b8df'),
 ('109', '5', '5', '1', '2017-03-09 01:23:57', NULL, '2017-03-09 01:23:57', '2017-03-09 01:23:57', '8c9ac98c-86b4-494f-acd2-b18a70bddbea'),
 ('110', '5', '5', '1', '2017-03-09 01:24:19', NULL, '2017-03-09 01:24:19', '2017-03-09 01:24:19', 'e38be55d-a5b8-4ef2-a0aa-50ae211c33fe'),
 ('111', '5', '5', '1', '2017-03-09 01:25:06', NULL, '2017-03-09 01:25:06', '2017-03-09 01:25:06', '826d9491-b80e-4fc1-a7ff-aa263c77da00'),
 ('112', '5', '5', '1', '2017-03-09 01:25:36', NULL, '2017-03-09 01:25:36', '2017-03-09 01:25:36', '5d5c93f0-20b8-43f3-9346-0d67e23e1071'),
 ('113', '5', '5', '1', '2017-03-09 01:26:03', NULL, '2017-03-09 01:26:03', '2017-03-09 01:26:03', 'a18a3ba1-c174-4d0e-a906-da44e1592293'),
 ('114', '5', '5', '1', '2017-03-10 00:28:42', NULL, '2017-03-10 00:28:42', '2017-03-10 00:41:15', '99e93dcf-0f17-4c85-b8dc-341f303a34a4'),
 ('115', '5', '5', '1', '2017-03-10 00:29:58', NULL, '2017-03-10 00:29:58', '2017-03-10 00:29:58', 'f9854bf7-2e2a-4cd1-bb74-9a98fb43fc27'),
 ('116', '5', '5', '1', '2017-03-10 00:33:00', NULL, '2017-03-10 00:33:33', '2017-03-10 00:35:53', '5a4b213b-5c91-4400-947c-7b3cb5b97e75'),
 ('117', '5', '5', '1', '2017-03-10 00:35:00', NULL, '2017-03-10 00:35:02', '2017-03-10 00:35:45', '050d038a-cddb-43e4-af1b-10925482a9b7'),
 ('118', '5', '5', '1', '2017-03-10 00:40:47', NULL, '2017-03-10 00:40:47', '2017-03-10 00:40:47', '1bcb874d-8fb0-4019-bd7d-0984011a56c1'),
 ('119', '5', '5', '1', '2017-03-10 00:42:50', NULL, '2017-03-10 00:42:50', '2017-03-10 00:42:50', '709d219c-7b1c-4307-a098-045a906c080d'),
 ('120', '5', '5', '1', '2017-03-10 00:44:23', NULL, '2017-03-10 00:44:23', '2017-03-10 00:44:23', '95a19a45-1acd-470f-bb25-8d9f5a2326bd'),
 ('121', '5', '5', '1', '2017-03-10 00:55:27', NULL, '2017-03-10 00:55:27', '2017-03-10 00:55:27', 'b4f6134a-83e5-4f18-a791-67ecd6f53dd3'),
 ('122', '5', '5', '1', '2017-03-10 00:56:09', NULL, '2017-03-10 00:56:09', '2017-03-10 00:56:09', '43ec0e9d-bed4-43db-9de1-e2bb65af526d'),
 ('123', '5', '5', '1', '2017-03-10 01:18:39', NULL, '2017-03-10 01:18:39', '2017-03-10 01:18:39', '34b73d6e-3a7c-4298-9781-eb6985dced40'),
 ('124', '5', '5', '1', '2017-03-10 01:19:25', NULL, '2017-03-10 01:19:25', '2017-03-10 01:19:25', '25279afa-1c2f-4955-a004-4e5f0797d0b9'),
 ('125', '5', '5', '1', '2017-03-10 01:32:19', NULL, '2017-03-10 01:32:19', '2017-03-10 01:32:19', '9539d8cd-7595-4fa5-b7f9-62a6754d7eb6'),
 ('126', '5', '5', '1', '2017-03-10 01:32:35', NULL, '2017-03-10 01:32:35', '2017-03-10 01:32:35', '524d5b98-1aa2-465b-9341-9be5f34f8641'),
 ('127', '5', '5', '1', '2017-03-10 01:32:55', NULL, '2017-03-10 01:32:55', '2017-03-10 01:32:55', '87d32ce6-3478-47bc-975a-77c37634ed40'),
 ('128', '5', '5', '1', '2017-03-10 01:33:35', NULL, '2017-03-10 01:33:35', '2017-03-10 01:33:35', 'f95c159f-4a3b-4c4f-8f75-d284f226d823'),
 ('129', '5', '5', '1', '2017-03-10 01:34:07', NULL, '2017-03-10 01:34:07', '2017-03-10 01:34:07', '61d93fbd-44ca-4e45-b9fb-98cae793dda7'),
 ('130', '5', '5', '1', '2017-03-10 01:34:43', NULL, '2017-03-10 01:34:43', '2017-03-10 01:34:43', '560dff3d-eb19-46ea-bf05-d312ae13bae1'),
 ('131', '5', '5', '1', '2017-03-10 01:35:45', NULL, '2017-03-10 01:35:45', '2017-03-10 01:35:45', '052e2ffe-5a03-4afa-8941-d5b7a73bb796'),
 ('132', '5', '5', '1', '2017-03-10 01:38:40', NULL, '2017-03-10 01:38:40', '2017-03-10 01:38:40', '40ee3312-6b2f-4e7b-b787-7963c09fca53'),
 ('133', '5', '5', '1', '2017-03-10 01:39:00', NULL, '2017-03-10 01:39:09', '2017-03-10 03:01:54', '01317c03-080b-4ae4-8333-025f5e0ca1de'),
 ('134', '5', '5', '1', '2017-03-10 01:39:00', NULL, '2017-03-10 01:39:45', '2017-03-10 03:01:43', '5762a45d-7857-4a8e-b92d-ce5989d87ae4'),
 ('135', '5', '5', '1', '2017-03-10 01:50:35', NULL, '2017-03-10 01:50:35', '2017-03-10 01:50:35', '1740f992-768a-4bec-9f36-b4994be5161f'),
 ('136', '5', '5', '1', '2017-03-10 01:51:14', NULL, '2017-03-10 01:51:14', '2017-03-10 01:51:14', '77566659-28e7-44df-9709-53adc9965409'),
 ('137', '5', '5', '1', '2017-03-10 01:52:12', NULL, '2017-03-10 01:52:12', '2017-03-10 01:52:12', 'e5683dd2-ac56-4a54-81ba-8671135120d6'),
 ('140', '4', '4', '1', '2017-03-10 02:01:00', NULL, '2017-03-10 02:01:36', '2017-03-10 02:25:25', '3eb15e11-78b7-4fb0-b496-8d9fe292447b'),
 ('143', '5', '5', '1', '2017-03-10 02:03:03', NULL, '2017-03-10 02:03:03', '2017-03-10 02:16:47', '619d0915-027e-4c07-8016-ad6257331571'),
 ('144', '5', '5', '1', '2017-03-10 02:03:37', NULL, '2017-03-10 02:03:37', '2017-03-10 02:16:44', '4dde8c50-192b-49e4-9391-fd0f3d219b73'),
 ('145', '5', '5', '1', '2017-03-10 02:05:00', NULL, '2017-03-10 02:05:00', '2017-03-10 02:16:39', '75a4f6e5-92b5-4c97-89b1-684d4b2cf28f'),
 ('146', '5', '5', '1', '2017-03-10 02:07:16', NULL, '2017-03-10 02:07:16', '2017-03-10 02:16:16', '1cad0d71-07d6-4e5a-9cec-f47135b42550'),
 ('147', '5', '5', '1', '2017-03-10 02:07:35', NULL, '2017-03-10 02:07:35', '2017-03-10 02:10:03', '4bb23961-0d5f-4615-93cc-6c39b2b94ed9'),
 ('148', '5', '5', '1', '2017-03-10 02:08:03', NULL, '2017-03-10 02:08:03', '2017-03-10 02:14:15', '41e16cb1-96f3-4aee-8e23-d0cd23764c94'),
 ('149', '5', '5', '1', '2017-03-10 02:08:38', NULL, '2017-03-10 02:08:38', '2017-03-10 02:14:24', '02ffb3f9-c1ad-4898-b8c2-7957a83f7854'),
 ('150', '5', '5', '1', '2017-03-10 02:09:06', NULL, '2017-03-10 02:09:06', '2017-03-10 02:09:06', '2b5089bd-7259-4ed6-8a18-1597d6bbdc0c'),
 ('151', '5', '5', '1', '2017-03-10 02:09:48', NULL, '2017-03-10 02:09:48', '2017-03-10 02:09:48', '756b74e7-34fd-423a-9e08-1399e5405ed4'),
 ('152', '5', '5', '1', '2017-03-10 02:10:51', NULL, '2017-03-10 02:10:51', '2017-03-10 02:10:51', '4c561095-8ef4-4e6d-9de4-fe86865bacc6'),
 ('153', '5', '5', '1', '2017-03-10 02:11:22', NULL, '2017-03-10 02:11:22', '2017-03-10 02:11:22', '56c1e2b1-4485-4071-8393-b40a3ac76c4a'),
 ('154', '5', '5', '1', '2017-03-10 02:12:17', NULL, '2017-03-10 02:12:17', '2017-03-10 02:12:17', '82266448-e0b0-400d-9818-949b5bf01faa'),
 ('155', '5', '5', '1', '2017-03-10 02:13:11', NULL, '2017-03-10 02:13:11', '2017-03-10 02:13:11', '1afded0d-98d7-481e-8a2e-ab093fe284f3'),
 ('156', '5', '5', '1', '2017-03-10 02:13:30', NULL, '2017-03-10 02:13:30', '2017-03-10 02:13:30', '960b5c77-e3b2-4cc7-bea3-ab1da955d87e'),
 ('157', '5', '5', '1', '2017-03-10 02:17:26', NULL, '2017-03-10 02:17:26', '2017-03-10 02:17:26', 'd7e1a030-cbf0-41da-b4f3-285ee9bc66d5'),
 ('158', '5', '5', '1', '2017-03-10 02:18:16', NULL, '2017-03-10 02:18:16', '2017-03-10 02:18:16', '1150e847-ab34-470f-8d02-9dd9d2f66723'),
 ('159', '5', '5', '1', '2017-03-10 02:18:43', NULL, '2017-03-10 02:18:43', '2017-03-10 02:18:43', '9c9eb44b-64fc-4c82-a3f0-5fde14dec02e'),
 ('160', '5', '5', '1', '2017-03-10 02:19:12', NULL, '2017-03-10 02:19:12', '2017-03-10 02:19:12', '89747083-90b4-495d-a5ea-7fd7a922487b'),
 ('161', '5', '5', '1', '2017-03-10 02:19:31', NULL, '2017-03-10 02:19:31', '2017-03-10 02:19:31', '99a7a419-190c-4388-90ca-d817a35467af'),
 ('162', '5', '5', '1', '2017-03-10 02:19:47', NULL, '2017-03-10 02:19:47', '2017-03-10 02:19:47', '0e1513a2-4d25-48a4-a6bd-57cc05a762dd'),
 ('163', '5', '5', '1', '2017-03-10 02:20:21', NULL, '2017-03-10 02:20:21', '2017-03-10 02:20:21', 'b8342a1a-2351-4e72-b4f7-92a4dfb17833'),
 ('164', '5', '5', '1', '2017-03-10 02:20:45', NULL, '2017-03-10 02:20:45', '2017-03-10 02:20:45', '9060c0ba-4c58-4c56-96f2-64ed84814b48'),
 ('165', '5', '5', '1', '2017-03-10 02:21:05', NULL, '2017-03-10 02:21:05', '2017-03-10 02:21:05', '6500175d-91ec-4391-b067-658be10c33a4'),
 ('166', '5', '5', '1', '2017-03-10 02:21:27', NULL, '2017-03-10 02:21:27', '2017-03-10 02:21:27', 'a525c8bc-915d-44e0-9d99-474ead37791b'),
 ('167', '5', '5', '1', '2017-03-10 02:21:43', NULL, '2017-03-10 02:21:43', '2017-03-10 02:21:43', '29ed2870-19fd-45ef-b4a8-728a26428ddb'),
 ('168', '5', '5', '1', '2017-03-10 02:21:56', NULL, '2017-03-10 02:21:56', '2017-03-10 02:21:56', '6e351a1e-82e7-4062-80df-dd0ae72f790b'),
 ('169', '5', '5', '1', '2017-03-10 02:22:18', NULL, '2017-03-10 02:22:18', '2017-03-10 02:22:18', '9b6f89a5-183b-4a00-845d-accc54f4bdb4'),
 ('170', '5', '5', '1', '2017-03-10 02:25:00', NULL, '2017-03-10 02:25:51', '2017-03-10 03:01:21', '2bab320f-cced-4c60-8253-71ddf74f917d'),
 ('171', '5', '5', '1', '2017-03-10 02:26:00', NULL, '2017-03-10 02:26:20', '2017-03-10 03:01:16', '3b47d68b-43b4-4b77-a05b-a1a473a3bf4a'),
 ('172', '5', '5', '1', '2017-03-10 02:27:00', NULL, '2017-03-10 02:27:06', '2017-03-10 03:01:04', 'f500513a-a5e0-4a5b-b26c-4c7bd9b700bd'),
 ('173', '5', '5', '1', '2017-03-10 02:27:00', NULL, '2017-03-10 02:27:23', '2017-03-10 03:01:12', '648fe5e1-8ad1-4905-bc47-faf507b725f3');
INSERT INTO `craft_entries` (`id`, `sectionId`, `typeId`, `authorId`, `postDate`, `expiryDate`, `dateCreated`, `dateUpdated`, `uid`) VALUES
 ('174', '5', '5', '1', '2017-03-10 02:27:00', NULL, '2017-03-10 02:27:42', '2017-03-10 03:00:58', '3e0ec4d8-01c4-436e-8f4b-2ee17064bc03'),
 ('201', '9', '9', '1', '2017-03-15 21:58:00', NULL, '2017-03-15 21:58:20', '2017-04-12 15:59:43', '158830e3-bf49-4c5d-978c-f163dd418b4f'),
 ('202', '9', '9', '1', '2017-03-20 23:12:00', NULL, '2017-03-20 23:12:43', '2017-04-12 16:00:37', 'd56455f1-754c-4aec-b6c8-cf94ce9a1539'),
 ('204', '17', '17', '1', '2017-04-28 01:25:00', '2017-05-10 07:30:00', '2017-03-24 20:21:01', '2017-05-09 18:50:52', '60701549-86c5-4847-a371-2d56bc7de194'),
 ('205', '15', '15', '1', '2017-03-24 22:50:00', NULL, '2017-03-24 22:50:59', '2017-04-30 18:31:20', '636f96a0-5b4b-4f46-ac16-a5e09eda1184'),
 ('210', '14', '14', '1', '2017-04-06 19:53:00', NULL, '2017-04-06 19:53:21', '2017-04-12 16:06:37', 'ca92f7a1-0c5a-4cdd-a0b0-df8a5156b8fc'),
 ('212', '15', '15', '1', '2017-04-06 20:02:00', NULL, '2017-04-06 20:02:14', '2017-04-30 18:31:11', '5bd078f4-6390-46c3-8a14-99111ee2cf06'),
 ('214', '5', '5', '1', '2017-04-11 21:08:16', NULL, '2017-04-11 21:08:17', '2017-04-11 21:08:17', '10596020-4010-4b88-94ea-8eeaca31f4d3'),
 ('215', '5', '5', '1', '2017-04-11 21:08:00', NULL, '2017-04-11 21:08:39', '2017-04-23 00:23:35', '3406fdf7-9d35-44ec-a17c-ae1b55199c41'),
 ('216', '5', '5', '1', '2017-04-11 21:09:18', NULL, '2017-04-11 21:09:18', '2017-04-11 21:09:18', '39639486-13ac-4d53-b910-7448de11b42d'),
 ('217', '5', '5', '1', '2017-04-11 21:09:43', NULL, '2017-04-11 21:09:43', '2017-04-11 21:09:43', 'da2670ac-2a7d-41e2-9396-b44348e056aa'),
 ('218', '5', '5', '1', '2017-04-11 21:10:31', NULL, '2017-04-11 21:10:31', '2017-05-04 19:12:20', '4cb3b32c-8f6c-4895-955f-1d584abe427c'),
 ('219', '5', '5', '1', '2017-04-11 21:12:30', NULL, '2017-04-11 21:12:30', '2017-04-11 21:12:30', 'fe4f7d6e-3775-49c3-acd2-e984709d4ced'),
 ('220', '5', '5', '1', '2017-04-11 21:13:48', NULL, '2017-04-11 21:13:48', '2017-04-11 21:13:48', '78d1d523-5ffa-4107-b355-9df78578e1e1'),
 ('221', '5', '5', '1', '2017-04-11 21:16:44', NULL, '2017-04-11 21:16:44', '2017-04-11 21:16:44', '8829b017-b495-4c1b-8f79-15620b70b3d2'),
 ('222', '5', '5', '1', '2017-04-11 21:18:21', NULL, '2017-04-11 21:18:21', '2017-04-11 21:18:21', 'e22d9b5c-75d6-4a83-8531-d925d1fccf81'),
 ('223', '5', '5', '1', '2017-04-11 21:21:37', NULL, '2017-04-11 21:21:37', '2017-04-11 21:21:37', 'fd865a3e-074f-4b40-9146-d3b13de241b3'),
 ('224', '5', '5', '1', '2017-04-11 21:27:00', NULL, '2017-04-11 21:27:11', '2017-04-23 00:23:04', '9f045cca-df56-415e-ae3f-db814ba94d4d'),
 ('225', '5', '5', '1', '2017-04-11 21:27:58', NULL, '2017-04-11 21:27:58', '2017-04-11 21:27:58', '0b0989ed-4ee0-4209-8139-41c55bdf8cd1'),
 ('226', '5', '5', '1', '2017-04-11 21:28:26', NULL, '2017-04-11 21:28:26', '2017-04-11 21:28:26', '6ae2c161-7a8c-4825-b336-42c393fed147'),
 ('227', '5', '5', '1', '2017-04-11 21:28:58', NULL, '2017-04-11 21:28:58', '2017-04-11 21:28:58', 'ad714508-c526-4b08-9230-98b721b7af60'),
 ('228', '5', '5', '1', '2017-04-11 21:29:24', NULL, '2017-04-11 21:29:24', '2017-04-11 21:29:24', '26fb3aea-e14e-4d7e-ad38-ec5a9822fa3b'),
 ('229', '5', '5', '1', '2017-04-11 21:30:00', NULL, '2017-04-11 21:30:27', '2017-04-23 00:24:03', '0e757706-44a1-4673-ae15-ed3ea9c91214'),
 ('230', '5', '5', '1', '2017-04-11 21:33:14', NULL, '2017-04-11 21:33:14', '2017-04-11 21:33:14', 'f496008d-2d1d-4036-9415-0a98127c602d'),
 ('231', '5', '5', '1', '2017-04-11 21:33:37', NULL, '2017-04-11 21:33:37', '2017-04-11 21:33:37', 'b0ed628a-ba47-494b-8260-3a43613ea894'),
 ('243', '16', '16', '1', '2017-04-15 00:01:00', NULL, '2017-04-15 00:01:13', '2017-04-15 00:03:11', '306c15b7-f6b7-4b16-8d35-b57ea4fd57e0'),
 ('245', '5', '5', '1', '2017-04-23 00:24:21', NULL, '2017-04-23 00:24:22', '2017-04-23 00:24:22', 'de71b85c-3210-428c-9cf6-babc77fdfc53'),
 ('249', '15', '15', '1', '2017-04-28 20:11:00', NULL, '2017-04-28 20:11:34', '2017-04-30 18:31:28', '674843cc-eff6-4496-8d35-c8b52f2fd379'),
 ('253', '18', '18', '1', '2017-04-30 13:51:00', NULL, '2017-04-30 13:51:28', '2017-05-17 20:36:08', '3b0b708b-ccdc-4b6c-9abb-3aa44b6b60aa'),
 ('255', '20', NULL, NULL, '2017-04-30 17:40:57', NULL, '2017-04-30 17:40:57', '2017-04-30 17:50:47', 'e46b2e75-555c-434c-b011-66e3f5574624');



DROP TABLE IF EXISTS `craft_entrydrafts`;


--
-- Schema for table `craft_entrydrafts`
--
CREATE TABLE `craft_entrydrafts` (
  `id` int(11) NOT NULL AUTO_INCREMENT,
  `entryId` int(11) NOT NULL,
  `sectionId` int(11) NOT NULL,
  `creatorId` int(11) NOT NULL,
  `locale` char(12) COLLATE utf8_unicode_ci NOT NULL,
  `name` varchar(255) COLLATE utf8_unicode_ci NOT NULL,
  `notes` tinytext COLLATE utf8_unicode_ci,
  `data` mediumtext COLLATE utf8_unicode_ci NOT NULL,
  `dateCreated` datetime NOT NULL,
  `dateUpdated` datetime NOT NULL,
  `uid` char(36) COLLATE utf8_unicode_ci NOT NULL DEFAULT '0',
  PRIMARY KEY (`id`),
  KEY `craft_entrydrafts_entryId_locale_idx` (`entryId`,`locale`),
  KEY `craft_entrydrafts_sectionId_fk` (`sectionId`),
  KEY `craft_entrydrafts_creatorId_fk` (`creatorId`),
  KEY `craft_entrydrafts_locale_fk` (`locale`)
) ENGINE=InnoDB DEFAULT CHARSET=utf8 COLLATE=utf8_unicode_ci;

DROP TABLE IF EXISTS `craft_entrytypes`;


--
-- Schema for table `craft_entrytypes`
--
CREATE TABLE `craft_entrytypes` (
  `id` int(11) NOT NULL AUTO_INCREMENT,
  `sectionId` int(11) NOT NULL,
  `fieldLayoutId` int(11) DEFAULT NULL,
  `name` varchar(255) COLLATE utf8_unicode_ci NOT NULL,
  `handle` varchar(255) COLLATE utf8_unicode_ci NOT NULL,
  `hasTitleField` tinyint(1) unsigned NOT NULL DEFAULT '1',
  `titleLabel` varchar(255) COLLATE utf8_unicode_ci DEFAULT 'Title',
  `titleFormat` varchar(255) COLLATE utf8_unicode_ci DEFAULT NULL,
  `sortOrder` smallint(6) unsigned DEFAULT NULL,
  `dateCreated` datetime NOT NULL,
  `dateUpdated` datetime NOT NULL,
  `uid` char(36) COLLATE utf8_unicode_ci NOT NULL DEFAULT '0',
  PRIMARY KEY (`id`),
  UNIQUE KEY `craft_entrytypes_name_sectionId_unq_idx` (`name`,`sectionId`),
  UNIQUE KEY `craft_entrytypes_handle_sectionId_unq_idx` (`handle`,`sectionId`),
  KEY `craft_entrytypes_sectionId_fk` (`sectionId`),
  KEY `craft_entrytypes_fieldLayoutId_fk` (`fieldLayoutId`)
) ENGINE=InnoDB AUTO_INCREMENT=21 DEFAULT CHARSET=utf8 COLLATE=utf8_unicode_ci;

--
-- Data for table `craft_entrytypes`
--

INSERT INTO `craft_entrytypes` (`id`, `sectionId`, `fieldLayoutId`, `name`, `handle`, `hasTitleField`, `titleLabel`, `titleFormat`, `sortOrder`, `dateCreated`, `dateUpdated`, `uid`) VALUES
 ('1', '1', '12', 'Homepage', 'homepage', '1', 'Title', NULL, '1', '2017-03-04 21:05:19', '2017-03-04 21:17:15', 'a17cff1f-53d3-4538-a6ec-d15b53a4aba5'),
 ('2', '2', '5', 'News', 'news', '1', 'Title', NULL, '1', '2017-03-04 21:05:20', '2017-03-04 21:05:20', '1bd10a8e-25fc-4660-9314-28aa9fbb02cd'),
 ('4', '4', '98', 'Menus', 'menus', '1', 'Title', NULL, '1', '2017-03-04 22:42:42', '2017-03-04 23:09:36', '3c6040a4-a55e-4ffa-adf2-8e58c958e29b'),
 ('5', '5', '99', 'Menu Items', 'menuItems', '1', 'Title', NULL, '1', '2017-03-04 22:43:48', '2017-03-04 23:39:23', 'd77a5ff5-c4df-4df6-888e-c2a6a964357c'),
 ('9', '9', '153', 'About Us', 'aboutUs', '1', 'Title', NULL, '1', '2017-03-05 03:09:31', '2017-04-08 23:35:39', 'c5b7721f-11a6-4393-89ea-1da6641f5100'),
 ('10', '10', '117', 'social links', 'socialLinks', '1', 'Title', NULL, '1', '2017-03-05 03:26:27', '2017-03-05 03:28:26', '12ee790a-7854-404e-b061-da022ef8bc50'),
 ('12', '12', '124', 'top navigation', 'topNavigation', '1', 'Title', NULL, '1', '2017-03-05 04:11:08', '2017-03-05 04:11:08', '0fea86bc-6970-4625-81e3-9ae5b1b1cc9d'),
 ('13', '13', '126', 'schedule module', 'scheduleModule', '1', 'Title', NULL, '1', '2017-03-05 17:18:10', '2017-03-05 17:21:03', 'e72508b1-48c1-43b2-b140-12b0da43b0d3'),
 ('14', '14', '136', 'events booking slides', 'eventsBookingSlides', '1', 'Title', NULL, '1', '2017-03-05 17:31:55', '2017-03-05 17:32:34', 'a773809a-567c-42a6-8621-bb57b37cda61'),
 ('15', '15', '163', 'our family', 'ourFamily', '1', 'Title', NULL, '1', '2017-03-05 17:57:55', '2017-04-30 18:27:54', 'a0af1cb3-b42d-4121-9d22-53cfc19ee8a0'),
 ('16', '16', '150', 'Media', 'media', '1', 'Title', NULL, '1', '2017-03-05 18:01:51', '2017-03-05 18:08:57', '09fdaf4f-f25c-4d91-ac15-eb869fd39745'),
 ('17', '17', '152', 'Timed Announcements', 'timedAnnouncements', '1', 'Title', NULL, '1', '2017-03-11 01:39:12', '2017-03-21 03:06:01', '6ed07e93-fadd-4714-afd3-18c916f8d717'),
 ('18', '18', '157', 'top schedule module', 'topScheduleModule', '1', 'Title', NULL, '1', '2017-04-30 13:48:36', '2017-04-30 13:57:42', '7af1eecc-2e3c-4af1-a3b2-37414ef1386a'),
 ('19', '19', '159', 'privacy policy', 'privacyPolicy', '1', 'Title', NULL, '1', '2017-04-30 17:34:56', '2017-04-30 17:35:45', '7a712b8f-da45-4206-8f5c-24e7c4ebf4db'),
 ('20', '20', '161', 'Privacy', 'privacy', '0', NULL, '{section.name|raw}', '1', '2017-04-30 17:40:57', '2017-04-30 17:41:31', '608d969d-e1a9-4a8e-8be9-333514121db9');



DROP TABLE IF EXISTS `craft_entryversions`;


--
-- Schema for table `craft_entryversions`
--
CREATE TABLE `craft_entryversions` (
  `id` int(11) NOT NULL AUTO_INCREMENT,
  `entryId` int(11) NOT NULL,
  `sectionId` int(11) NOT NULL,
  `creatorId` int(11) DEFAULT NULL,
  `locale` char(12) COLLATE utf8_unicode_ci NOT NULL,
  `num` smallint(6) unsigned NOT NULL,
  `notes` tinytext COLLATE utf8_unicode_ci,
  `data` mediumtext COLLATE utf8_unicode_ci NOT NULL,
  `dateCreated` datetime NOT NULL,
  `dateUpdated` datetime NOT NULL,
  `uid` char(36) COLLATE utf8_unicode_ci NOT NULL DEFAULT '0',
  PRIMARY KEY (`id`),
  KEY `craft_entryversions_entryId_locale_idx` (`entryId`,`locale`),
  KEY `craft_entryversions_sectionId_fk` (`sectionId`),
  KEY `craft_entryversions_creatorId_fk` (`creatorId`),
  KEY `craft_entryversions_locale_fk` (`locale`)
) ENGINE=InnoDB AUTO_INCREMENT=414 DEFAULT CHARSET=utf8 COLLATE=utf8_unicode_ci;

--
-- Data for table `craft_entryversions`
--

INSERT INTO `craft_entryversions` (`id`, `entryId`, `sectionId`, `creatorId`, `locale`, `num`, `notes`, `data`, `dateCreated`, `dateUpdated`, `uid`) VALUES
 ('1', '2', '1', '1', 'en_us', '1', NULL, '{\"typeId\":\"1\",\"authorId\":null,\"title\":\"Homepage\",\"slug\":\"homepage\",\"postDate\":1488661519,\"expiryDate\":null,\"enabled\":1,\"parentId\":null,\"fields\":[]}', '2017-03-04 21:05:19', '2017-03-04 21:05:19', '03e99fd7-bbca-4feb-91a6-d8a052b3791d'),
 ('2', '2', '1', '1', 'en_us', '2', NULL, '{\"typeId\":null,\"authorId\":null,\"title\":\"Welcome to Localhost!\",\"slug\":\"homepage\",\"postDate\":1488661519,\"expiryDate\":null,\"enabled\":\"1\",\"parentId\":null,\"fields\":{\"1\":\"<p>It\\u2019s true, this site doesn\\u2019t have a whole lot of content yet, but don\\u2019t worry. Our web developers have just installed the CMS, and they\\u2019re setting things up for the content editors this very moment. Soon Localhost will be an oasis of fresh perspectives, sharp analyses, and astute opinions that will keep you coming back again and again.<\\/p>\"}}', '2017-03-04 21:05:20', '2017-03-04 21:05:20', '4b9432f7-8b51-41ff-a10a-a803f55e8e88'),
 ('3', '3', '2', '1', 'en_us', '1', NULL, '{\"typeId\":\"2\",\"authorId\":\"1\",\"title\":\"We just installed Craft!\",\"slug\":\"we-just-installed-craft\",\"postDate\":1488661520,\"expiryDate\":null,\"enabled\":1,\"parentId\":null,\"fields\":[]}', '2017-03-04 21:05:20', '2017-03-04 21:05:20', '5823d36e-2011-45e1-ad3b-de95b3abe18d'),
 ('4', '3', '2', '1', 'en_us', '2', '', '{\"typeId\":\"2\",\"authorId\":\"1\",\"title\":\"We just installed Craft!\",\"slug\":\"we-just-installed-craft\",\"postDate\":1488661500,\"expiryDate\":null,\"enabled\":1,\"parentId\":null,\"fields\":{\"1\":\"<p>Craft is the CMS that\\u2019s powering Localhost. It\\u2019s beautiful, powerful, flexible, and easy-to-use, and it\\u2019s made by Pixel & Tonic. We can\\u2019t wait to dive in and see what it\\u2019s capable of!<\\/p>\\r\\n<hr class=\\\"redactor_pagebreak\\\" style=\\\"display:none\\\" unselectable=\\\"on\\\" contenteditable=\\\"false\\\">\\r\\n<p>This is even more captivating content, which you couldn\\u2019t see on the News index page because it was entered after a Page Break, and the News index template only likes to show the content on the first page.<\\/p>\\r\\n<p>Craft: a nice alternative to Word, if you\\u2019re making a website.<\\/p>\",\"2\":\"\"}}', '2017-03-04 21:10:43', '2017-03-04 21:10:43', 'a234287c-4a1f-4b81-a070-4fa0540fb60d'),
 ('5', '2', '1', '1', 'en_us', '3', '', '{\"typeId\":null,\"authorId\":null,\"title\":\"MBAR Seattle\",\"slug\":\"homepage\",\"postDate\":1488661519,\"expiryDate\":null,\"enabled\":1,\"parentId\":null,\"fields\":{\"1\":\"<p>Body<\\/p>\"}}', '2017-03-04 21:11:45', '2017-03-04 21:11:45', 'b96651f7-d48b-452a-a7b8-d7ec10904993'),
 ('6', '2', '1', '1', 'en_us', '4', '', '{\"typeId\":null,\"authorId\":null,\"title\":\"MBAR Seattle\",\"slug\":\"homepage\",\"postDate\":1488661519,\"expiryDate\":null,\"enabled\":1,\"parentId\":null,\"fields\":{\"3\":{\"new1\":{\"type\":\"hero\",\"enabled\":\"1\",\"fields\":{\"nav\":\"nav\"}},\"new2\":{\"type\":\"instagramFeed\",\"enabled\":\"1\",\"fields\":{\"instagramUserId\":\"1234\"}},\"new3\":{\"type\":\"menu\",\"enabled\":\"1\",\"fields\":{\"menuCategory\":\"category\"}},\"new4\":{\"type\":\"ourFamily\",\"enabled\":\"1\",\"fields\":{\"familyTitle\":\"family\"}},\"new5\":{\"type\":\"media\",\"enabled\":\"1\",\"fields\":{\"mediaTitle\":\"media\"}}}}}', '2017-03-04 21:25:30', '2017-03-04 21:25:30', '9406c046-b85d-4e08-bd86-a9825c233a78'),
 ('7', '2', '1', '1', 'en_us', '5', '', '{\"typeId\":null,\"authorId\":null,\"title\":\"MBAR Seattle\",\"slug\":\"homepage\",\"postDate\":1488661519,\"expiryDate\":null,\"enabled\":1,\"parentId\":null,\"fields\":{\"3\":{\"4\":{\"type\":\"hero\",\"enabled\":\"1\",\"fields\":{\"nav\":\"nav\"}},\"5\":{\"type\":\"instagramFeed\",\"enabled\":\"1\",\"fields\":{\"instagramUserId\":\"1234\"}},\"6\":{\"type\":\"menu\",\"enabled\":\"1\",\"fields\":{\"menuCategory\":\"category\"}},\"new1\":{\"type\":\"findUs\",\"enabled\":\"1\",\"fields\":{\"youtubeUrl\":\"url\",\"googleMapsUrl\":\"url\"}},\"7\":{\"type\":\"ourFamily\",\"enabled\":\"1\",\"fields\":{\"familyTitle\":\"family\"}},\"8\":{\"type\":\"media\",\"enabled\":\"1\",\"fields\":{\"mediaTitle\":\"media\"}}}}}', '2017-03-04 21:45:03', '2017-03-04 21:45:03', '4fe69245-59a6-4988-838b-63f7bcd122dc'),
 ('8', '2', '1', '1', 'en_us', '6', '', '{\"typeId\":null,\"authorId\":null,\"title\":\"MBAR Seattle\",\"slug\":\"homepage\",\"postDate\":1488661519,\"expiryDate\":null,\"enabled\":1,\"parentId\":null,\"fields\":{\"3\":{\"4\":{\"type\":\"hero\",\"enabled\":\"1\",\"fields\":{\"nav\":\"nav\"}},\"5\":{\"type\":\"instagramFeed\",\"enabled\":\"1\",\"fields\":{\"instagramUserId\":\"1234\"}},\"6\":{\"type\":\"menu\",\"enabled\":\"1\",\"fields\":{\"menuCategory\":\"category\"}},\"9\":{\"type\":\"findUs\",\"enabled\":\"1\",\"fields\":{\"youtubeUrl\":\"url\",\"googleMapsUrl\":\"url\"}},\"new1\":{\"type\":\"eventsBooking\",\"enabled\":\"1\",\"fields\":{\"eventsBookingTitle\":\"events booking\"}},\"7\":{\"type\":\"ourFamily\",\"enabled\":\"1\",\"fields\":{\"familyTitle\":\"family\"}},\"8\":{\"type\":\"media\",\"enabled\":\"1\",\"fields\":{\"mediaTitle\":\"media\"}}}}}', '2017-03-04 21:53:20', '2017-03-04 21:53:20', 'a1dc72c1-cda0-4f87-ae45-0971439e23eb'),
 ('9', '2', '1', '1', 'en_us', '7', '', '{\"typeId\":null,\"authorId\":null,\"title\":\"MBAR Seattle\",\"slug\":\"homepage\",\"postDate\":1488661519,\"expiryDate\":null,\"enabled\":1,\"parentId\":null,\"fields\":{\"3\":{\"4\":{\"type\":\"hero\",\"enabled\":\"1\",\"fields\":{\"nav\":\"nav\"}},\"5\":{\"type\":\"instagramFeed\",\"enabled\":\"1\",\"fields\":{\"instagramUserId\":\"1234\"}},\"6\":{\"type\":\"menu\",\"enabled\":\"1\",\"fields\":{\"menuCategory\":\"category\"}},\"9\":{\"type\":\"findUs\",\"enabled\":\"1\",\"fields\":{\"youtubeUrl\":\"url\",\"googleMapsUrl\":\"url\"}},\"10\":{\"type\":\"eventsBooking\",\"enabled\":\"1\",\"fields\":{\"eventsBookingTitle\":\"events booking\"}},\"7\":{\"type\":\"ourFamily\",\"enabled\":\"1\",\"fields\":{\"familyTitle\":\"family\"}},\"8\":{\"type\":\"media\",\"enabled\":\"1\",\"fields\":{\"mediaTitle\":\"media\"}}}}}', '2017-03-04 21:55:23', '2017-03-04 21:55:23', '32ead137-aabc-48dd-ade9-89ef20d4fe96'),
 ('10', '2', '1', '1', 'en_us', '8', '', '{\"typeId\":null,\"authorId\":null,\"title\":\"MBAR Seattle\",\"slug\":\"homepage\",\"postDate\":1488661519,\"expiryDate\":null,\"enabled\":1,\"parentId\":null,\"fields\":{\"3\":{\"4\":{\"type\":\"hero\",\"enabled\":\"1\",\"fields\":{\"nav\":\"nav\"}},\"5\":{\"type\":\"instagramFeed\",\"enabled\":\"1\",\"fields\":{\"instagramUserId\":\"1234\"}},\"6\":{\"type\":\"menu\",\"enabled\":\"1\",\"fields\":{\"menuCategory\":\"category\"}},\"9\":{\"type\":\"findUs\",\"enabled\":\"1\",\"fields\":{\"youtubeUrl\":\"<iframe width=\\\"680\\\" height=\\\"381\\\" src=\\\"https:\\/\\/www.youtube.com\\/embed\\/lLeCB7Kn-VE\\\" frameborder=\\\"0\\\" allowfullscreen><\\/iframe>\",\"googleMapsUrl\":\"<iframe src=\\\"https:\\/\\/www.google.com\\/maps\\/embed?pb=!1m18!1m12!1m3!1d2689.184385013476!2d-122.33610738436896!3d47.622546979185586!2m3!1f0!2f0!3f0!3m2!1i1024!2i768!4f13.1!3m3!1m2!1s0x5490153730e9f873%3A0x325c1d7191a859d2!2sMBar!5e0!3m2!1sen!2sus!4v1488138274430\\\" width=\\\"680\\\" height=\\\"381\\\" frameborder=\\\"0\\\" style=\\\"border:0\\\" allowfullscreen><\\/iframe>\"}},\"10\":{\"type\":\"eventsBooking\",\"enabled\":\"1\",\"fields\":{\"eventsBookingTitle\":\"events booking\"}},\"7\":{\"type\":\"ourFamily\",\"enabled\":\"1\",\"fields\":{\"familyTitle\":\"family\"}},\"8\":{\"type\":\"media\",\"enabled\":\"1\",\"fields\":{\"mediaTitle\":\"media\"}}}}}', '2017-03-04 21:58:44', '2017-03-04 21:58:44', '494efd7f-3317-444b-b8bf-4a00d66d8571'),
 ('11', '2', '1', '1', 'en_us', '9', '', '{\"typeId\":null,\"authorId\":null,\"title\":\"MBAR Seattle\",\"slug\":\"homepage\",\"postDate\":1488661519,\"expiryDate\":null,\"enabled\":1,\"parentId\":null,\"fields\":{\"3\":{\"4\":{\"type\":\"hero\",\"enabled\":\"1\",\"fields\":{\"nav\":\"nav\"}},\"5\":{\"type\":\"instagramFeed\",\"enabled\":\"1\",\"fields\":{\"instagramUserId\":\"1234\"}},\"6\":{\"type\":\"menu\",\"enabled\":\"1\",\"fields\":{\"menuCategory\":\"category\"}},\"9\":{\"type\":\"findUs\",\"enabled\":\"1\",\"fields\":{\"youtubeUrl\":\"<iframe width=\\\"680\\\" height=\\\"381\\\" src=\\\"https:\\/\\/www.youtube.com\\/embed\\/lLeCB7Kn-VE\\\" frameborder=\\\"0\\\" allowfullscreen=\\\"\\\"><\\/iframe>\",\"googleMapsUrl\":\"<iframe src=\\\"https:\\/\\/www.google.com\\/maps\\/embed?pb=!1m18!1m12!1m3!1d2689.184385013476!2d-122.33610738436896!3d47.622546979185586!2m3!1f0!2f0!3f0!3m2!1i1024!2i768!4f13.1!3m3!1m2!1s0x5490153730e9f873%3A0x325c1d7191a859d2!2sMBar!5e0!3m2!1sen!2sus!4v1488138274430\\\" width=\\\"680\\\" height=\\\"381\\\" frameborder=\\\"0\\\" style=\\\"border:0\\\" allowfullscreen=\\\"\\\"><\\/iframe>\"}},\"10\":{\"type\":\"eventsBooking\",\"enabled\":\"1\",\"fields\":{\"eventsBookingTitle\":\"events booking\"}},\"7\":{\"type\":\"ourFamily\",\"enabled\":\"1\",\"fields\":{\"familyTitle\":\"family\"}},\"8\":{\"type\":\"media\",\"enabled\":\"1\",\"fields\":{\"mediaTitle\":\"media\"}}}}}', '2017-03-04 22:00:06', '2017-03-04 22:00:06', '9362a679-70d1-4ca2-87d0-71710cd4ea3e'),
 ('12', '2', '1', '1', 'en_us', '10', '', '{\"typeId\":null,\"authorId\":null,\"title\":\"MBAR Seattle\",\"slug\":\"homepage\",\"postDate\":1488661519,\"expiryDate\":null,\"enabled\":1,\"parentId\":null,\"fields\":{\"3\":{\"4\":{\"type\":\"hero\",\"enabled\":\"1\",\"fields\":{\"nav\":\"nav\"}},\"5\":{\"type\":\"instagramFeed\",\"enabled\":\"1\",\"fields\":{\"instagramUserId\":\"1234\"}},\"6\":{\"type\":\"menu\",\"enabled\":\"1\",\"fields\":{\"menuCategory\":\"category\"}},\"9\":{\"type\":\"findUs\",\"enabled\":\"1\",\"fields\":{\"youtubeUrl\":\"<iframe width=\\\"680\\\" height=\\\"381\\\" src=\\\"https:\\/\\/www.youtube.com\\/embed\\/lLeCB7Kn-VE\\\" frameborder=\\\"0\\\" allowfullscreen><\\/iframe>\",\"googleMapsUrl\":\"<iframe src=\\\"https:\\/\\/www.google.com\\/maps\\/embed?pb=!1m18!1m12!1m3!1d2689.184385013476!2d-122.33610738436896!3d47.622546979185586!2m3!1f0!2f0!3f0!3m2!1i1024!2i768!4f13.1!3m3!1m2!1s0x5490153730e9f873%3A0x325c1d7191a859d2!2sMBar!5e0!3m2!1sen!2sus!4v1488138274430\\\" width=\\\"680\\\" height=\\\"381\\\" frameborder=\\\"0\\\" style=\\\"border:0\\\" allowfullscreen><\\/iframe>\"}},\"10\":{\"type\":\"eventsBooking\",\"enabled\":\"1\",\"fields\":{\"eventsBookingTitle\":\"events booking\"}},\"7\":{\"type\":\"ourFamily\",\"enabled\":\"1\",\"fields\":{\"familyTitle\":\"family\"}},\"8\":{\"type\":\"media\",\"enabled\":\"1\",\"fields\":{\"mediaTitle\":\"media\"}}}}}', '2017-03-04 22:02:54', '2017-03-04 22:02:54', 'eb91df3a-4347-40da-9580-967feca62d22'),
 ('14', '15', '4', '1', 'en_us', '1', '', '{\"typeId\":null,\"authorId\":\"1\",\"title\":\"breakfast\",\"slug\":\"breakfast\",\"postDate\":1488667637,\"expiryDate\":null,\"enabled\":1,\"parentId\":null,\"fields\":[]}', '2017-03-04 22:47:17', '2017-03-04 22:47:17', '6a1a1203-0738-4d02-a451-828ca06b0427'),
 ('15', '16', '4', '1', 'en_us', '1', '', '{\"typeId\":null,\"authorId\":\"1\",\"title\":\"lunch\",\"slug\":\"lunch\",\"postDate\":1488667644,\"expiryDate\":null,\"enabled\":1,\"parentId\":null,\"fields\":[]}', '2017-03-04 22:47:24', '2017-03-04 22:47:24', '973df481-1b98-4b5b-bae7-0e0acfb420ec'),
 ('16', '17', '4', '1', 'en_us', '1', '', '{\"typeId\":null,\"authorId\":\"1\",\"title\":\"happy hour\",\"slug\":\"happy-hour\",\"postDate\":1488667652,\"expiryDate\":null,\"enabled\":1,\"parentId\":null,\"fields\":[]}', '2017-03-04 22:47:32', '2017-03-04 22:47:32', 'df48eca9-9050-46a9-b720-dbb61aa6b46d'),
 ('17', '18', '4', '1', 'en_us', '1', '', '{\"typeId\":null,\"authorId\":\"1\",\"title\":\"dinner\",\"slug\":\"dinner\",\"postDate\":1488667660,\"expiryDate\":null,\"enabled\":1,\"parentId\":null,\"fields\":[]}', '2017-03-04 22:47:40', '2017-03-04 22:47:40', '54b623d1-79bd-44a8-b875-52c88ad57fa9'),
 ('18', '15', '4', '1', 'en_us', '2', '', '{\"typeId\":\"4\",\"authorId\":\"1\",\"title\":\"breakfast\",\"slug\":\"breakfast\",\"postDate\":1488667620,\"expiryDate\":null,\"enabled\":1,\"parentId\":null,\"fields\":{\"17\":{\"new1\":{\"type\":\"menuGroupSet\",\"enabled\":\"1\",\"fields\":{\"menuGroupTitle\":\"appetizers\",\"menuGroupEntry\":\"\"}},\"new2\":{\"type\":\"menuGroupSet\",\"enabled\":\"1\",\"fields\":{\"menuGroupTitle\":\"mains\",\"menuGroupEntry\":\"\"}},\"new3\":{\"type\":\"menuGroupSet\",\"enabled\":\"1\",\"fields\":{\"menuGroupTitle\":\"desserts\",\"menuGroupEntry\":\"\"}}}}}', '2017-03-04 23:11:10', '2017-03-04 23:11:10', '87746f3a-a432-4802-97dc-e37638a81317'),
 ('19', '15', '4', '1', 'en_us', '3', '', '{\"typeId\":\"4\",\"authorId\":\"1\",\"title\":\"breakfast\",\"slug\":\"breakfast\",\"postDate\":1488667620,\"expiryDate\":null,\"enabled\":1,\"parentId\":null,\"fields\":{\"17\":{\"19\":{\"type\":\"menuGroupSet\",\"enabled\":\"1\",\"fields\":{\"menuGroupTitle\":\"appetizers\",\"menuGroupEntry\":\"\"}},\"20\":{\"type\":\"menuGroupSet\",\"enabled\":\"1\",\"fields\":{\"menuGroupTitle\":\"mains\",\"menuGroupEntry\":\"\"}},\"21\":{\"type\":\"menuGroupSet\",\"enabled\":\"1\",\"fields\":{\"menuGroupTitle\":\"desserts\",\"menuGroupEntry\":\"\"}}}}}', '2017-03-04 23:14:10', '2017-03-04 23:14:10', '5350f984-17f7-4034-b091-1d70d7a2bf1c'),
 ('20', '15', '4', '1', 'en_us', '4', '', '{\"typeId\":\"4\",\"authorId\":\"1\",\"title\":\"breakfast\",\"slug\":\"breakfast\",\"postDate\":1488667620,\"expiryDate\":null,\"enabled\":1,\"parentId\":null,\"fields\":{\"17\":{\"19\":{\"type\":\"menuGroupSet\",\"enabled\":\"1\",\"fields\":{\"menuGroupTitle\":\"appetizers\",\"menuGroupEntry\":\"\"}},\"20\":{\"type\":\"menuGroupSet\",\"enabled\":\"1\",\"fields\":{\"menuGroupTitle\":\"mains\",\"menuGroupEntry\":\"\"}},\"21\":{\"type\":\"menuGroupSet\",\"enabled\":\"1\",\"fields\":{\"menuGroupTitle\":\"desserts\",\"menuGroupEntry\":\"\"}},\"new1\":{\"type\":\"menuGroupSet\",\"enabled\":\"1\",\"fields\":{\"menuGroupTitle\":\"sdffsd\",\"menuGroupEntry\":\"\"}}}}}', '2017-03-04 23:29:49', '2017-03-04 23:29:49', '214ac4fc-3a61-45d2-ba40-38c754bf952a'),
 ('21', '15', '4', '1', 'en_us', '5', '', '{\"typeId\":\"4\",\"authorId\":\"1\",\"title\":\"breakfast\",\"slug\":\"breakfast\",\"postDate\":1488667620,\"expiryDate\":null,\"enabled\":1,\"parentId\":null,\"fields\":{\"17\":{\"19\":{\"type\":\"menuGroupSet\",\"enabled\":\"1\",\"fields\":{\"menuGroupTitle\":\"appetizers\",\"menuGroupEntry\":[\"18\",\"2\",\"17\"]}},\"20\":{\"type\":\"menuGroupSet\",\"enabled\":\"1\",\"fields\":{\"menuGroupTitle\":\"mains\",\"menuGroupEntry\":\"\"}},\"21\":{\"type\":\"menuGroupSet\",\"enabled\":\"1\",\"fields\":{\"menuGroupTitle\":\"desserts\",\"menuGroupEntry\":\"\"}},\"22\":{\"type\":\"menuGroupSet\",\"enabled\":\"1\",\"fields\":{\"menuGroupTitle\":\"sdffsd\",\"menuGroupEntry\":\"\"}}}}}', '2017-03-04 23:32:25', '2017-03-04 23:32:25', '44a03ec1-73dc-4b15-b9f2-e50bf5d3838b'),
 ('22', '23', '5', '1', 'en_us', '1', '', '{\"typeId\":null,\"authorId\":\"1\",\"title\":\"tabouleh\",\"slug\":\"tabouleh\",\"postDate\":1488670632,\"expiryDate\":null,\"enabled\":1,\"parentId\":null,\"fields\":[]}', '2017-03-04 23:37:12', '2017-03-04 23:37:12', 'b42e5158-043c-4deb-bcf8-0add31ea273c'),
 ('23', '23', '5', '1', 'en_us', '2', '', '{\"typeId\":\"5\",\"authorId\":\"1\",\"title\":\"lamb ribs\",\"slug\":\"tabouleh\",\"postDate\":1488670620,\"expiryDate\":null,\"enabled\":1,\"parentId\":null,\"fields\":{\"20\":\"5\"}}', '2017-03-04 23:40:25', '2017-03-04 23:40:25', '9ce87707-5953-4fe7-9188-6d67001af60c'),
 ('24', '24', '5', '1', 'en_us', '1', '', '{\"typeId\":null,\"authorId\":\"1\",\"title\":\"chicken wings\",\"slug\":\"chicken-wings\",\"postDate\":1488670834,\"expiryDate\":null,\"enabled\":1,\"parentId\":null,\"fields\":{\"20\":\"10\"}}', '2017-03-04 23:40:34', '2017-03-04 23:40:34', '6e25b134-08fa-475d-84bd-b8a3a510f46b'),
 ('25', '15', '4', '1', 'en_us', '6', '', '{\"typeId\":\"4\",\"authorId\":\"1\",\"title\":\"breakfast\",\"slug\":\"breakfast\",\"postDate\":1488667620,\"expiryDate\":null,\"enabled\":1,\"parentId\":null,\"fields\":{\"17\":{\"19\":{\"type\":\"menuGroupSet\",\"enabled\":\"1\",\"fields\":{\"menuGroupTitle\":\"appetizers\",\"menuGroupEntry\":[\"24\",\"23\"]}},\"20\":{\"type\":\"menuGroupSet\",\"enabled\":\"1\",\"fields\":{\"menuGroupTitle\":\"mains\",\"menuGroupEntry\":[\"24\",\"23\"]}},\"21\":{\"type\":\"menuGroupSet\",\"enabled\":\"1\",\"fields\":{\"menuGroupTitle\":\"desserts\",\"menuGroupEntry\":[\"24\",\"23\"]}}}}}', '2017-03-04 23:41:34', '2017-03-04 23:41:34', '3c237eae-17fa-4da8-a521-310f74d7c371'),
 ('26', '16', '4', '1', 'en_us', '2', '', '{\"typeId\":\"4\",\"authorId\":\"1\",\"title\":\"lunch\",\"slug\":\"lunch\",\"postDate\":1488667620,\"expiryDate\":null,\"enabled\":1,\"parentId\":null,\"fields\":{\"17\":{\"new1\":{\"type\":\"menuGroupSet\",\"enabled\":\"1\",\"fields\":{\"menuGroupTitle\":\"first\",\"menuGroupEntry\":[\"24\",\"23\"]}},\"new2\":{\"type\":\"menuGroupSet\",\"enabled\":\"1\",\"fields\":{\"menuGroupTitle\":\"second course\",\"menuGroupEntry\":[\"24\",\"23\"]}},\"new3\":{\"type\":\"menuGroupSet\",\"enabled\":\"1\",\"fields\":{\"menuGroupTitle\":\"third course\",\"menuGroupEntry\":[\"24\",\"23\"]}},\"new4\":{\"type\":\"menuGroupSet\",\"enabled\":\"1\",\"fields\":{\"menuGroupTitle\":\"dessert\",\"menuGroupEntry\":[\"24\",\"23\"]}}}}}', '2017-03-04 23:42:15', '2017-03-04 23:42:15', 'c5244c5d-ff93-4486-8e9c-14983424aad1'),
 ('27', '17', '4', '1', 'en_us', '2', '', '{\"typeId\":\"4\",\"authorId\":\"1\",\"title\":\"happy hour\",\"slug\":\"happy-hour\",\"postDate\":1488667620,\"expiryDate\":null,\"enabled\":1,\"parentId\":null,\"fields\":{\"17\":{\"new1\":{\"type\":\"menuGroupSet\",\"enabled\":\"1\",\"fields\":{\"menuGroupTitle\":\"first course\",\"menuGroupEntry\":[\"24\",\"23\"]}},\"new2\":{\"type\":\"menuGroupSet\",\"enabled\":\"1\",\"fields\":{\"menuGroupTitle\":\"second course\",\"menuGroupEntry\":[\"24\",\"23\"]}},\"new3\":{\"type\":\"menuGroupSet\",\"enabled\":\"1\",\"fields\":{\"menuGroupTitle\":\"third course\",\"menuGroupEntry\":[\"24\",\"23\"]}}}}}', '2017-03-04 23:51:17', '2017-03-04 23:51:17', 'a28e2717-133c-469a-ae5d-9506551ed7bb'),
 ('28', '18', '4', '1', 'en_us', '2', '', '{\"typeId\":\"4\",\"authorId\":\"1\",\"title\":\"dinner\",\"slug\":\"dinner\",\"postDate\":1488667620,\"expiryDate\":null,\"enabled\":1,\"parentId\":null,\"fields\":{\"17\":{\"new1\":{\"type\":\"menuGroupSet\",\"enabled\":\"1\",\"fields\":{\"menuGroupTitle\":\"apertifs\",\"menuGroupEntry\":[\"24\",\"23\"]}},\"new2\":{\"type\":\"menuGroupSet\",\"enabled\":\"1\",\"fields\":{\"menuGroupTitle\":\"delicates\",\"menuGroupEntry\":[\"24\",\"23\"]}},\"new3\":{\"type\":\"menuGroupSet\",\"enabled\":\"1\",\"fields\":{\"menuGroupTitle\":\"delicious items\",\"menuGroupEntry\":[\"24\",\"23\"]}},\"new4\":{\"type\":\"menuGroupSet\",\"enabled\":\"1\",\"fields\":{\"menuGroupTitle\":\"dessert\",\"menuGroupEntry\":[\"24\",\"23\"]}}}}}', '2017-03-04 23:52:03', '2017-03-04 23:52:03', '302fd37d-37a9-40d3-89b3-afb5cb1834c3'),
 ('29', '2', '1', '1', 'en_us', '11', '', '{\"typeId\":null,\"authorId\":null,\"title\":\"MBAR Seattle\",\"slug\":\"homepage\",\"postDate\":1488661519,\"expiryDate\":null,\"enabled\":1,\"parentId\":null,\"fields\":{\"3\":{\"5\":{\"type\":\"instagramFeed\",\"enabled\":\"1\",\"fields\":{\"instagramUserId\":\"1234\"}},\"4\":{\"type\":\"hero\",\"enabled\":\"1\",\"fields\":{\"nav\":\"nav\",\"contactInformation\":\"\"}},\"6\":{\"type\":\"menu\",\"enabled\":\"1\",\"fields\":{\"menuCategory\":\"category\"}},\"9\":{\"type\":\"findUs\",\"enabled\":\"1\",\"fields\":{\"youtubeUrl\":\"<iframe width=\\\"680\\\" height=\\\"381\\\" src=\\\"https:\\/\\/www.youtube.com\\/embed\\/lLeCB7Kn-VE\\\" frameborder=\\\"0\\\" allowfullscreen><\\/iframe>\",\"googleMapsUrl\":\"<iframe src=\\\"https:\\/\\/www.google.com\\/maps\\/embed?pb=!1m18!1m12!1m3!1d2689.184385013476!2d-122.33610738436896!3d47.622546979185586!2m3!1f0!2f0!3f0!3m2!1i1024!2i768!4f13.1!3m3!1m2!1s0x5490153730e9f873%3A0x325c1d7191a859d2!2sMBar!5e0!3m2!1sen!2sus!4v1488138274430\\\" width=\\\"680\\\" height=\\\"381\\\" frameborder=\\\"0\\\" style=\\\"border:0\\\" allowfullscreen><\\/iframe>\"}},\"10\":{\"type\":\"eventsBooking\",\"enabled\":\"1\",\"fields\":{\"eventsBookingTitle\":\"events booking\"}},\"7\":{\"type\":\"ourFamily\",\"enabled\":\"1\",\"fields\":{\"familyTitle\":\"family\"}},\"8\":{\"type\":\"media\",\"enabled\":\"1\",\"fields\":{\"mediaTitle\":\"media\"}}}}}', '2017-03-04 23:59:08', '2017-03-04 23:59:08', 'effeb871-7104-4f4c-beee-6a49be9b78e8'),
 ('30', '2', '1', '1', 'en_us', '12', '', '{\"typeId\":null,\"authorId\":null,\"title\":\"MBAR Seattle\",\"slug\":\"homepage\",\"postDate\":1488661519,\"expiryDate\":null,\"enabled\":1,\"parentId\":null,\"fields\":{\"3\":{\"4\":{\"type\":\"hero\",\"enabled\":\"1\",\"fields\":{\"nav\":\"nav\",\"contactInformation\":\"\"}},\"5\":{\"type\":\"instagramFeed\",\"enabled\":\"1\",\"fields\":{\"instagramUserId\":\"1234\"}},\"6\":{\"type\":\"menu\",\"enabled\":\"1\",\"fields\":{\"menuCategory\":\"category\"}},\"9\":{\"type\":\"findUs\",\"enabled\":\"1\",\"fields\":{\"youtubeUrl\":\"<iframe width=\\\"680\\\" height=\\\"381\\\" src=\\\"https:\\/\\/www.youtube.com\\/embed\\/lLeCB7Kn-VE\\\" frameborder=\\\"0\\\" allowfullscreen><\\/iframe>\",\"googleMapsUrl\":\"<iframe src=\\\"https:\\/\\/www.google.com\\/maps\\/embed?pb=!1m18!1m12!1m3!1d2689.184385013476!2d-122.33610738436896!3d47.622546979185586!2m3!1f0!2f0!3f0!3m2!1i1024!2i768!4f13.1!3m3!1m2!1s0x5490153730e9f873%3A0x325c1d7191a859d2!2sMBar!5e0!3m2!1sen!2sus!4v1488138274430\\\" width=\\\"680\\\" height=\\\"381\\\" frameborder=\\\"0\\\" style=\\\"border:0\\\" allowfullscreen><\\/iframe>\"}},\"10\":{\"type\":\"eventsBooking\",\"enabled\":\"1\",\"fields\":{\"eventsBookingTitle\":\"events booking\"}},\"7\":{\"type\":\"ourFamily\",\"enabled\":\"1\",\"fields\":{\"familyTitle\":\"family\"}},\"8\":{\"type\":\"media\",\"enabled\":\"1\",\"fields\":{\"mediaTitle\":\"media\"}}}}}', '2017-03-04 23:59:28', '2017-03-04 23:59:28', 'e7e6cac7-ad55-400e-9070-3b8b66b878c0'),
 ('44', '2', '1', '1', 'en_us', '13', '', '{\"typeId\":null,\"authorId\":null,\"title\":\"MBAR Seattle\",\"slug\":\"homepage\",\"postDate\":1488661519,\"expiryDate\":null,\"enabled\":1,\"parentId\":null,\"fields\":{\"3\":{\"4\":{\"type\":\"hero\",\"enabled\":\"1\",\"fields\":{\"nav\":\"nav\",\"contactInformation\":\"\"}},\"5\":{\"type\":\"instagramFeed\",\"enabled\":\"1\",\"fields\":{\"instagramUserId\":\"1234\"}},\"6\":{\"type\":\"menu\",\"enabled\":\"1\",\"fields\":{\"menuCategory\":\"category\"}},\"9\":{\"type\":\"findUs\",\"enabled\":\"1\",\"fields\":{\"youtubeUrl\":\"<iframe width=\\\"680\\\" height=\\\"381\\\" src=\\\"https:\\/\\/www.youtube.com\\/embed\\/lLeCB7Kn-VE\\\" frameborder=\\\"0\\\" allowfullscreen><\\/iframe>\",\"googleMapsUrl\":\"<iframe src=\\\"https:\\/\\/www.google.com\\/maps\\/embed?pb=!1m18!1m12!1m3!1d2689.184385013476!2d-122.33610738436896!3d47.622546979185586!2m3!1f0!2f0!3f0!3m2!1i1024!2i768!4f13.1!3m3!1m2!1s0x5490153730e9f873%3A0x325c1d7191a859d2!2sMBar!5e0!3m2!1sen!2sus!4v1488138274430\\\" width=\\\"680\\\" height=\\\"381\\\" frameborder=\\\"0\\\" style=\\\"border:0\\\" allowfullscreen><\\/iframe>\"}},\"10\":{\"type\":\"eventsBooking\",\"enabled\":\"1\",\"fields\":{\"eventsBookingTitle\":\"events booking\"}},\"7\":{\"type\":\"ourFamily\",\"enabled\":\"1\",\"fields\":{\"familyTitle\":\"family\"}},\"8\":{\"type\":\"media\",\"enabled\":\"1\",\"fields\":{\"mediaTitle\":\"media\"}},\"new1\":{\"type\":\"about\",\"enabled\":\"1\",\"fields\":{\"aboutUsTitle\":\"about us\"}}}}}', '2017-03-05 02:41:21', '2017-03-05 02:41:21', 'a55134df-4aba-48a0-87b7-b9e51455ac28'),
 ('56', '55', '9', '1', 'en_us', '1', '', '{\"typeId\":null,\"authorId\":\"1\",\"title\":\"slide 1\",\"slug\":\"slide-1\",\"postDate\":1488683512,\"expiryDate\":null,\"enabled\":1,\"parentId\":\"\",\"fields\":{\"1\":\"<p>slide 1 first First paragraph Lorem ipsum dolor sit amet, consectetuer adipiscing elit, sed diam nonummy nibh euismod tincidunt ut laoreet dolore magna aliquam erat volutpat. Ut wisi enim ad minim veniam, quisaliquam erat volutpatLorem ipsum dolor sit amet, consectetuer adipiscing elit ipsum dolor sit amet.<\\/p>\",\"21\":[\"51\"]}}', '2017-03-05 03:11:52', '2017-03-05 03:11:52', '7757f00e-de32-482a-a380-d308bb0b180c'),
 ('58', '57', '10', '1', 'en_us', '1', '', '{\"typeId\":null,\"authorId\":\"1\",\"title\":\"twitter\",\"slug\":\"twitter\",\"postDate\":1488684754,\"expiryDate\":null,\"enabled\":1,\"parentId\":\"\",\"fields\":{\"21\":\"\",\"22\":\"http:\\/\\/twitter.com\\/mbar\"}}', '2017-03-05 03:32:34', '2017-03-05 03:32:34', '044e1356-eed1-4c60-8c15-c28be8c60647'),
 ('59', '57', '10', '1', 'en_us', '2', '', '{\"typeId\":\"10\",\"authorId\":\"1\",\"title\":\"twitter\",\"slug\":\"twitter\",\"postDate\":1488684720,\"expiryDate\":null,\"enabled\":1,\"parentId\":\"\",\"fields\":{\"21\":[\"59\"],\"22\":\"http:\\/\\/twitter.com\\/mbar\"}}', '2017-03-05 03:37:44', '2017-03-05 03:37:44', 'ba414a97-4d88-47a1-afdf-a0ab61c697da'),
 ('60', '62', '10', '1', 'en_us', '1', '', '{\"typeId\":null,\"authorId\":\"1\",\"title\":\"instagram\",\"slug\":\"instagram\",\"postDate\":1488685093,\"expiryDate\":null,\"enabled\":1,\"parentId\":\"\",\"fields\":{\"21\":[\"61\"],\"22\":\"instagram.com\\/mbar\"}}', '2017-03-05 03:38:13', '2017-03-05 03:38:13', '1d089d5c-35af-44a8-aa1e-949aa4d97b5d'),
 ('61', '65', '10', '1', 'en_us', '1', '', '{\"typeId\":null,\"authorId\":\"1\",\"title\":\"facebook\",\"slug\":\"facebook\",\"postDate\":1488685118,\"expiryDate\":null,\"enabled\":1,\"parentId\":\"\",\"fields\":{\"21\":[\"64\"],\"22\":\"facebook.com\\/mbar\"}}', '2017-03-05 03:38:38', '2017-03-05 03:38:38', '5377e814-76c6-4bf1-b570-d6cec5a89837'),
 ('62', '62', '10', '1', 'en_us', '2', '', '{\"typeId\":\"10\",\"authorId\":\"1\",\"title\":\"instagram\",\"slug\":\"instagram\",\"postDate\":1488685080,\"expiryDate\":null,\"enabled\":1,\"parentId\":\"\",\"fields\":{\"21\":[\"61\"],\"22\":\"http:\\/\\/instagram.com\\/mbar\"}}', '2017-03-05 03:48:29', '2017-03-05 03:48:29', 'ccf61a2d-b5a2-44b6-8f85-3a3267c24dc3'),
 ('63', '65', '10', '1', 'en_us', '2', '', '{\"typeId\":\"10\",\"authorId\":\"1\",\"title\":\"facebook\",\"slug\":\"facebook\",\"postDate\":1488685080,\"expiryDate\":null,\"enabled\":1,\"parentId\":\"\",\"fields\":{\"21\":[\"64\"],\"22\":\"http:\\/\\/facebook.com\\/mbar\"}}', '2017-03-05 03:48:38', '2017-03-05 03:48:38', '0b2300a4-7640-4787-9b0e-5821ae1310dd'),
 ('70', '72', '12', '1', 'en_us', '1', '', '{\"typeId\":null,\"authorId\":\"1\",\"title\":\"about\",\"slug\":\"about\",\"postDate\":1488687117,\"expiryDate\":null,\"enabled\":1,\"parentId\":\"\",\"fields\":[]}', '2017-03-05 04:11:57', '2017-03-05 04:11:57', '55f718e7-5b32-44cc-9a86-8ea566ddd594'),
 ('71', '73', '12', '1', 'en_us', '1', '', '{\"typeId\":null,\"authorId\":\"1\",\"title\":\"menu\",\"slug\":\"menu\",\"postDate\":1488687124,\"expiryDate\":null,\"enabled\":1,\"parentId\":\"\",\"fields\":[]}', '2017-03-05 04:12:04', '2017-03-05 04:12:04', '8af25e06-bfc1-44dc-9e57-14f55495ab37'),
 ('72', '74', '12', '1', 'en_us', '1', '', '{\"typeId\":null,\"authorId\":\"1\",\"title\":\"find us\",\"slug\":\"find-us\",\"postDate\":1488687132,\"expiryDate\":null,\"enabled\":1,\"parentId\":\"\",\"fields\":[]}', '2017-03-05 04:12:12', '2017-03-05 04:12:12', '45528b3b-ee89-4f28-9a24-d4c354f82b1d'),
 ('73', '75', '12', '1', 'en_us', '1', '', '{\"typeId\":null,\"authorId\":\"1\",\"title\":\"media\",\"slug\":\"media\",\"postDate\":1488687139,\"expiryDate\":null,\"enabled\":1,\"parentId\":\"\",\"fields\":[]}', '2017-03-05 04:12:19', '2017-03-05 04:12:19', '511a2c3a-0708-4a6b-8fc2-090afc4cad6d'),
 ('74', '76', '12', '1', 'en_us', '1', '', '{\"typeId\":null,\"authorId\":\"1\",\"title\":\"events booking\",\"slug\":\"events-booking\",\"postDate\":1488687148,\"expiryDate\":null,\"enabled\":1,\"parentId\":\"\",\"fields\":[]}', '2017-03-05 04:12:28', '2017-03-05 04:12:28', '7e837229-d09c-4e94-babc-38d057d45a4d'),
 ('75', '77', '12', '1', 'en_us', '1', '', '{\"typeId\":null,\"authorId\":\"1\",\"title\":\"our family\",\"slug\":\"our-family\",\"postDate\":1488687168,\"expiryDate\":null,\"enabled\":1,\"parentId\":\"\",\"fields\":[]}', '2017-03-05 04:12:48', '2017-03-05 04:12:48', 'cdf4b906-ffd4-4beb-9380-7f741a801540'),
 ('76', '78', '13', '1', 'en_us', '1', '', '{\"typeId\":null,\"authorId\":\"1\",\"title\":\"schedule items\",\"slug\":\"schedule-items\",\"postDate\":1488734641,\"expiryDate\":null,\"enabled\":1,\"parentId\":null,\"fields\":{\"26\":\"tuesday\\/wednesday 4-9   thursday 4-11   friday 4-11   saturday 5-11   sunday 5-9\",\"27\":\"Happy Hour 4-6 (on patio weather permitting)\",\"28\":\"400 Fairview Ave N, Seattle, WA 98109\"}}', '2017-03-05 17:24:01', '2017-03-05 17:24:01', '8f70d4a4-9574-4aac-b55d-29fa15f58172'),
 ('77', '81', '14', '1', 'en_us', '1', '', '{\"typeId\":null,\"authorId\":\"1\",\"title\":\"slide 1\",\"slug\":\"slide-1\",\"postDate\":1488735510,\"expiryDate\":null,\"enabled\":1,\"parentId\":\"\",\"fields\":{\"21\":[\"80\"]}}', '2017-03-05 17:38:30', '2017-03-05 17:38:30', '55a26c47-9728-441a-8509-5d1bd91f4fd0'),
 ('78', '84', '14', '1', 'en_us', '1', '', '{\"typeId\":null,\"authorId\":\"1\",\"title\":\"slide 2\",\"slug\":\"slide-2\",\"postDate\":1488735527,\"expiryDate\":null,\"enabled\":1,\"parentId\":\"\",\"fields\":{\"21\":[\"83\"]}}', '2017-03-05 17:38:47', '2017-03-05 17:38:47', '129da0f2-1ee3-48bd-8318-9ba648e4b685'),
 ('79', '87', '14', '1', 'en_us', '1', '', '{\"typeId\":null,\"authorId\":\"1\",\"title\":\"slide 3\",\"slug\":\"slide-3\",\"postDate\":1488735547,\"expiryDate\":null,\"enabled\":1,\"parentId\":\"\",\"fields\":{\"21\":[\"86\"]}}', '2017-03-05 17:39:07', '2017-03-05 17:39:07', '0a964fd5-f88f-409d-946f-cb3e16980f06'),
 ('80', '2', '1', '1', 'en_us', '14', '', '{\"typeId\":null,\"authorId\":null,\"title\":\"MBAR Seattle\",\"slug\":\"homepage\",\"postDate\":1488661519,\"expiryDate\":null,\"enabled\":1,\"parentId\":null,\"fields\":{\"3\":{\"4\":{\"type\":\"hero\",\"enabled\":\"1\",\"fields\":{\"nav\":\"nav\",\"contactInformation\":\"\"}},\"5\":{\"type\":\"instagramFeed\",\"enabled\":\"1\",\"fields\":{\"instagramUserId\":\"1234\"}},\"6\":{\"type\":\"menu\",\"enabled\":\"1\",\"fields\":{\"menuCategory\":\"category\"}},\"9\":{\"type\":\"findUs\",\"enabled\":\"1\",\"fields\":{\"youtubeUrl\":\"<iframe width=\\\"680\\\" height=\\\"381\\\" src=\\\"https:\\/\\/www.youtube.com\\/embed\\/lLeCB7Kn-VE\\\" frameborder=\\\"0\\\" allowfullscreen><\\/iframe>\",\"googleMapsUrl\":\"<iframe src=\\\"https:\\/\\/www.google.com\\/maps\\/embed?pb=!1m18!1m12!1m3!1d2689.184385013476!2d-122.33610738436896!3d47.622546979185586!2m3!1f0!2f0!3f0!3m2!1i1024!2i768!4f13.1!3m3!1m2!1s0x5490153730e9f873%3A0x325c1d7191a859d2!2sMBar!5e0!3m2!1sen!2sus!4v1488138274430\\\" width=\\\"680\\\" height=\\\"381\\\" frameborder=\\\"0\\\" style=\\\"border:0\\\" allowfullscreen><\\/iframe>\"}},\"10\":{\"type\":\"eventsBooking\",\"enabled\":\"1\",\"fields\":{\"eventsBookingTitle\":\"events booking\",\"eventsbookingDescription\":\"Events Booking Lorem ipsum dolor sit amet, consectetuer adipiscing elit, sed diam nonummy nibh euismod tincidunt ut laoreet dolore magna aliquam erat volutpat. Ut wisi enim ad minim veniam, quisaliquam erat volutpatLorem ipsum dolor sit amet, consectetuer adipiscing elit.\"}},\"7\":{\"type\":\"ourFamily\",\"enabled\":\"1\",\"fields\":{\"familyTitle\":\"family\"}},\"8\":{\"type\":\"media\",\"enabled\":\"1\",\"fields\":{\"mediaTitle\":\"media\"}},\"46\":{\"type\":\"about\",\"enabled\":\"1\",\"fields\":{\"aboutUsTitle\":\"about us\"}}}}}', '2017-03-05 17:53:31', '2017-03-05 17:53:31', 'c0816478-344e-47c5-91f9-ac5082238486'),
 ('81', '88', '15', '1', 'en_us', '1', '', '{\"typeId\":null,\"authorId\":\"1\",\"title\":\"wassef\",\"slug\":\"wassef\",\"postDate\":1488736736,\"expiryDate\":null,\"enabled\":1,\"parentId\":\"\",\"fields\":{\"1\":\"<p>racha<\\/p>\",\"21\":[\"38\"]}}', '2017-03-05 17:58:56', '2017-03-05 17:58:56', '1c6e0191-49f2-41f4-87bb-b2f0ed9f1b06'),
 ('82', '89', '15', '1', 'en_us', '1', '', '{\"typeId\":null,\"authorId\":\"1\",\"title\":\"racha\",\"slug\":\"racha\",\"postDate\":1488736749,\"expiryDate\":null,\"enabled\":1,\"parentId\":\"\",\"fields\":{\"1\":\"<p>haroun<\\/p>\",\"21\":[\"38\"]}}', '2017-03-05 17:59:09', '2017-03-05 17:59:09', '69058254-dbfa-47bf-9f02-dec55131a503'),
 ('84', '91', '16', '1', 'en_us', '1', '', '{\"typeId\":null,\"authorId\":\"1\",\"title\":\"seattle metro\",\"slug\":\"seattle-metro\",\"postDate\":1488736994,\"expiryDate\":null,\"enabled\":1,\"parentId\":\"\",\"fields\":{\"1\":\"<p>seattle metro look<\\/p>\",\"21\":[\"44\"],\"30\":\"seattlemetro.com\"}}', '2017-03-05 18:03:14', '2017-03-05 18:03:14', '7c1b3bae-39a4-47f4-8c26-3546e8606624'),
 ('85', '91', '16', '1', 'en_us', '2', '', '{\"typeId\":\"16\",\"authorId\":\"1\",\"title\":\"seattle metro\",\"slug\":\"seattle-metro\",\"postDate\":1488736980,\"expiryDate\":null,\"enabled\":1,\"parentId\":\"\",\"fields\":{\"1\":\"<p>seattle metro look<\\/p>\",\"21\":[\"44\"],\"31\":\"seattle metro\",\"30\":\"http:\\/\\/seattlemetro.com\"}}', '2017-03-05 18:15:12', '2017-03-05 18:15:12', '99456565-657b-4b35-a610-1d03c3f77e98'),
 ('87', '88', '15', '1', 'en_us', '2', '', '{\"typeId\":\"15\",\"authorId\":\"1\",\"title\":\"wassef\",\"slug\":\"wassef\",\"postDate\":1488736680,\"expiryDate\":null,\"enabled\":1,\"parentId\":\"\",\"fields\":{\"1\":\"<p>Lorem ipsum dolor sit amet, consectetur adipiscing elit. Donec rhoncus vehicula imperdiet. Integer et venenatis orci. Morbi ultrices eros non eros condimentum, sit amet placerat neque faucibus. Aenean lobortis sapien sem, vitae mattis augue accumsan ac. Suspendisse quam lorem, pharetra nec tortor vel, sodales condimentum libero. Nunc scelerisque, dolor non pellentesque lacinia, mi leo porttitor eros, ullamcorper dapibus velit odio at neque. Mauris tristique commodo semper. In quis lobortis magna. Aliquam efficitur sodales tortor at volutpat. Ut ut sodales arcu. Fusce at eleifend eros. Nunc dolor quam, accumsan eget consectetur quis, ullamcorper et quam.<\\/p>\",\"21\":[\"38\"]}}', '2017-03-07 06:42:55', '2017-03-07 06:42:55', 'fbedf58c-4c45-429b-a273-e30a9dd3d144'),
 ('88', '89', '15', '1', 'en_us', '2', '', '{\"typeId\":\"15\",\"authorId\":\"1\",\"title\":\"Wassef\",\"slug\":\"racha\",\"postDate\":1488736740,\"expiryDate\":null,\"enabled\":1,\"parentId\":\"\",\"fields\":{\"1\":\"<p>Lorem ipsum dolor sit amet, consectetur adipiscing elit. Donec rhoncus vehicula imperdiet. Integer et venenatis orci. Morbi ultrices eros non eros condimentum, sit amet placerat neque faucibus. Aenean lobortis sapien sem, vitae mattis augue accumsan ac. Suspendisse quam lorem, pharetra nec tortor vel, sodales condimentum libero. Nunc scelerisque, dolor non pellentesque lacinia, mi leo porttitor eros, ullamcorper dapibus velit odio at neque. Mauris tristique commodo semper. In quis lobortis magna. Aliquam efficitur sodales tortor at volutpat. Ut ut sodales arcu. Fusce at eleifend eros. Nunc dolor quam, accumsan eget consectetur quis, ullamcorper et quam.<\\/p>\",\"21\":[\"38\"]}}', '2017-03-07 06:43:05', '2017-03-07 06:43:05', '41c6c082-d7f3-40fc-9a8c-b6120c2929fe'),
 ('89', '88', '15', '1', 'en_us', '3', '', '{\"typeId\":\"15\",\"authorId\":\"1\",\"title\":\"Wassef\",\"slug\":\"wassef\",\"postDate\":1488736680,\"expiryDate\":null,\"enabled\":1,\"parentId\":\"\",\"fields\":{\"1\":\"<p>Lorem ipsum dolor sit amet, consectetur adipiscing elit. Donec rhoncus vehicula imperdiet. Integer et venenatis orci. Morbi ultrices eros non eros condimentum, sit amet placerat neque faucibus. Aenean lobortis sapien sem, vitae mattis augue accumsan ac. Suspendisse quam lorem, pharetra nec tortor vel, sodales condimentum libero. Nunc scelerisque, dolor non pellentesque lacinia, mi leo porttitor eros, ullamcorper dapibus velit odio at neque. Mauris tristique commodo semper. In quis lobortis magna. Aliquam efficitur sodales tortor at volutpat. Ut ut sodales arcu. Fusce at eleifend eros. Nunc dolor quam, accumsan eget consectetur quis, ullamcorper et quam.<\\/p>\",\"21\":[\"38\"]}}', '2017-03-07 06:43:13', '2017-03-07 06:43:13', '70cec4cb-0171-4178-a354-92e56534f42a'),
 ('90', '92', '15', '1', 'en_us', '1', '', '{\"typeId\":null,\"authorId\":\"1\",\"title\":\"Wassef\",\"slug\":\"wassef\",\"postDate\":1488869028,\"expiryDate\":null,\"enabled\":1,\"parentId\":\"\",\"fields\":{\"1\":\"<p>Lorem ipsum dolor sit amet, consectetur adipiscing elit. Donec rhoncus vehicula imperdiet. Integer et venenatis orci. Morbi ultrices eros non eros condimentum, sit amet placerat neque faucibus. Aenean lobortis sapien sem, vitae mattis augue accumsan ac. Suspendisse quam lorem, pharetra nec tortor vel, sodales condimentum libero. Nunc scelerisque, dolor non pellentesque lacinia, mi leo porttitor eros, ullamcorper dapibus velit odio at neque. Mauris tristique commodo semper. In quis lobortis magna. Aliquam efficitur sodales tortor at volutpat. Ut ut sodales arcu. Fusce at eleifend eros. Nunc dolor quam, accumsan eget consectetur quis, ullamcorper et quam.<\\/p>\",\"21\":[\"44\"]}}', '2017-03-07 06:43:48', '2017-03-07 06:43:48', '235220e4-b923-4bf1-99a4-2bac61346d6a'),
 ('91', '93', '15', '1', 'en_us', '1', '', '{\"typeId\":null,\"authorId\":\"1\",\"title\":\"Seattle\",\"slug\":\"seattle\",\"postDate\":1488869044,\"expiryDate\":null,\"enabled\":1,\"parentId\":\"\",\"fields\":{\"1\":\"<p>Lorem ipsum dolor sit amet, consectetur adipiscing elit. Donec rhoncus vehicula imperdiet. Integer et venenatis orci. Morbi ultrices eros non eros condimentum, sit amet placerat neque faucibus. Aenean lobortis sapien sem, vitae mattis augue accumsan ac. Suspendisse quam lorem, pharetra nec tortor vel, sodales condimentum libero. Nunc scelerisque, dolor non pellentesque lacinia, mi leo porttitor eros, ullamcorper dapibus velit odio at neque. Mauris tristique commodo semper. In quis lobortis magna. Aliquam efficitur sodales tortor at volutpat. Ut ut sodales arcu. Fusce at eleifend eros. Nunc dolor quam, accumsan eget consectetur quis, ullamcorper et quam.<\\/p>\",\"21\":[\"44\"]}}', '2017-03-07 06:44:04', '2017-03-07 06:44:04', '0b8e9893-07f5-4042-8a1c-ffc18bfe5912'),
 ('93', '95', '15', '1', 'en_us', '1', '', '{\"typeId\":null,\"authorId\":\"1\",\"title\":\"Bellevue\",\"slug\":\"bellevue\",\"postDate\":1488869084,\"expiryDate\":null,\"enabled\":1,\"parentId\":\"\",\"fields\":{\"1\":\"<p>Lorem ipsum dolor sit amet, consectetur adipiscing elit. Donec rhoncus vehicula imperdiet. Integer et venenatis orci. Morbi ultrices eros non eros condimentum, sit amet placerat neque faucibus. Aenean lobortis sapien sem, vitae mattis augue accumsan ac. Suspendisse quam lorem, pharetra nec tortor vel, sodales condimentum libero. Nunc scelerisque, dolor non pellentesque lacinia, mi leo porttitor eros, ullamcorper dapibus velit odio at neque. Mauris tristique commodo semper. In quis lobortis magna. Aliquam efficitur sodales tortor at volutpat. Ut ut sodales arcu. Fusce at eleifend eros. Nunc dolor quam, accumsan eget consectetur quis, ullamcorper et quam.<\\/p>\",\"21\":[\"44\"]}}', '2017-03-07 06:44:44', '2017-03-07 06:44:44', 'dee88c3a-6adc-4395-9e29-8b2052d5320d'),
 ('94', '96', '16', '1', 'en_us', '1', '', '{\"typeId\":null,\"authorId\":\"1\",\"title\":\"The Stranger\",\"slug\":\"the-stranger\",\"postDate\":1488869140,\"expiryDate\":null,\"enabled\":1,\"parentId\":\"\",\"fields\":{\"1\":\"<p>thestranger.com<\\/p>\",\"21\":[\"44\"],\"31\":\"view the article here\",\"30\":\"http:\\/\\/thestranger.com\"}}', '2017-03-07 06:45:40', '2017-03-07 06:45:40', '6977c7a5-f24b-416f-9761-3321b625eeae'),
 ('95', '97', '16', '1', 'en_us', '1', '', '{\"typeId\":null,\"authorId\":\"1\",\"title\":\"Bellevue Newspaper\",\"slug\":\"bellevue-newspaper\",\"postDate\":1488869162,\"expiryDate\":null,\"enabled\":1,\"parentId\":\"\",\"fields\":{\"1\":\"<p>thestranger.com<\\/p>\",\"21\":[\"44\"],\"31\":\"view link\",\"30\":\"thestranger.com\"}}', '2017-03-07 06:46:02', '2017-03-07 06:46:02', '105f2e08-46ca-4954-9362-e860dd0ed321'),
 ('98', '88', '15', '1', 'en_us', '4', '', '{\"typeId\":\"15\",\"authorId\":\"1\",\"title\":\"wassef\",\"slug\":\"wassef\",\"postDate\":1488736680,\"expiryDate\":null,\"enabled\":1,\"parentId\":\"\",\"fields\":{\"1\":\"<p>Hello this is the description<\\/p>\",\"21\":[\"38\"]}}', '2017-03-07 06:48:50', '2017-03-07 06:48:50', '665fe0d2-cf85-4291-b840-0eaf81c0125d'),
 ('99', '89', '15', '1', 'en_us', '3', '', '{\"typeId\":\"15\",\"authorId\":\"1\",\"title\":\"Wassef\",\"slug\":\"racha\",\"postDate\":1488736740,\"expiryDate\":null,\"enabled\":1,\"parentId\":\"\",\"fields\":{\"1\":\"<p>Hello this is the description<\\/p>\",\"21\":[\"38\"]}}', '2017-03-07 06:48:56', '2017-03-07 06:48:56', 'a189ca89-dab6-49f9-aa07-0d2607ba6d2e'),
 ('100', '92', '15', '1', 'en_us', '2', '', '{\"typeId\":\"15\",\"authorId\":\"1\",\"title\":\"Wassef\",\"slug\":\"wassef\",\"postDate\":1488868980,\"expiryDate\":null,\"enabled\":1,\"parentId\":\"\",\"fields\":{\"1\":\"<p>Hello this is the description<\\/p>\",\"21\":[\"44\"]}}', '2017-03-07 06:49:02', '2017-03-07 06:49:02', '22875a72-d691-473c-b4fc-f8d7d2427308'),
 ('101', '93', '15', '1', 'en_us', '2', '', '{\"typeId\":\"15\",\"authorId\":\"1\",\"title\":\"Seattle\",\"slug\":\"seattle\",\"postDate\":1488869040,\"expiryDate\":null,\"enabled\":1,\"parentId\":\"\",\"fields\":{\"1\":\"<p>Hello this is the description<\\/p>\",\"21\":[\"44\"]}}', '2017-03-07 06:49:07', '2017-03-07 06:49:07', '58d3a3c2-eaf1-40cb-a258-af23b4a54e32'),
 ('103', '95', '15', '1', 'en_us', '2', '', '{\"typeId\":\"15\",\"authorId\":\"1\",\"title\":\"Bellevue\",\"slug\":\"bellevue\",\"postDate\":1488869040,\"expiryDate\":null,\"enabled\":1,\"parentId\":\"\",\"fields\":{\"1\":\"<p>Hello this is the description<\\/p>\",\"21\":[\"44\"]}}', '2017-03-07 06:49:17', '2017-03-07 06:49:17', '80f4962b-7060-4e6c-9486-054f5eed91ef'),
 ('105', '17', '4', '1', 'en_us', '3', '', '{\"typeId\":\"4\",\"authorId\":\"1\",\"title\":\"patio\",\"slug\":\"happy-hour\",\"postDate\":1488667620,\"expiryDate\":null,\"enabled\":1,\"parentId\":null,\"fields\":{\"17\":{\"29\":{\"type\":\"menuGroupSet\",\"enabled\":\"1\",\"fields\":{\"menuGroupTitle\":\"first course\",\"menuGroupEntry\":[\"24\",\"23\"]}},\"30\":{\"type\":\"menuGroupSet\",\"enabled\":\"1\",\"fields\":{\"menuGroupTitle\":\"second course\",\"menuGroupEntry\":[\"24\",\"23\"]}},\"31\":{\"type\":\"menuGroupSet\",\"enabled\":\"1\",\"fields\":{\"menuGroupTitle\":\"third course\",\"menuGroupEntry\":[\"24\",\"23\"]}}}}}', '2017-03-09 01:09:03', '2017-03-09 01:09:03', '9717b254-db0c-4658-9d92-7e8f17c9211f'),
 ('106', '100', '5', '1', 'en_us', '1', '', '{\"typeId\":null,\"authorId\":\"1\",\"title\":\"Fried potatoes with chiles and cilantro\",\"slug\":\"fried-potatoes-with-chiles-and-cilantro\",\"postDate\":1489022009,\"expiryDate\":null,\"enabled\":1,\"parentId\":null,\"fields\":{\"20\":\"8\"}}', '2017-03-09 01:13:29', '2017-03-09 01:13:29', '4b87380c-2474-47a6-98a5-1a0e038c2df9'),
 ('107', '101', '5', '1', 'en_us', '1', '', '{\"typeId\":null,\"authorId\":\"1\",\"title\":\"cauliflower hummus with rice beans, allspice, and crudite\",\"slug\":\"cauliflower-hummus-with-rice-beans-allspice-and-crudite\",\"postDate\":1489022043,\"expiryDate\":null,\"enabled\":1,\"parentId\":null,\"fields\":{\"20\":\"11\"}}', '2017-03-09 01:14:03', '2017-03-09 01:14:03', '0bce1cae-9c46-436b-81b8-1eb98d4036fa'),
 ('108', '102', '5', '1', 'en_us', '1', '', '{\"typeId\":null,\"authorId\":\"1\",\"title\":\"grilled trout with avocado, sumac, fenugreek, labneh & brown butter\",\"slug\":\"grilled-trout-with-avocado-sumac-fenugreek-labneh-brown-butter\",\"postDate\":1489022077,\"expiryDate\":null,\"enabled\":1,\"parentId\":null,\"fields\":{\"20\":\"29\"}}', '2017-03-09 01:14:37', '2017-03-09 01:14:37', '87d8054b-9e6b-47e0-bc80-e7cad1cff587'),
 ('109', '103', '5', '1', 'en_us', '1', '', '{\"typeId\":null,\"authorId\":\"1\",\"title\":\"soft polenta with rabbit, foie gras bolognese bianca & carrot sauce\",\"slug\":\"soft-polenta-with-rabbit-foie-gras-bolognese-bianca-carrot-sauce\",\"postDate\":1489022193,\"expiryDate\":null,\"enabled\":1,\"parentId\":null,\"fields\":{\"20\":\"21\"}}', '2017-03-09 01:16:33', '2017-03-09 01:16:33', '11dd6841-f020-4e55-bae8-6e6f00905e8a'),
 ('110', '104', '5', '1', 'en_us', '1', '', '{\"typeId\":null,\"authorId\":\"1\",\"title\":\"skirt steak \\\"au poivre\\\" with cognac cream, sichuan peppercorn, and grilled lime \",\"slug\":\"skirt-steak-au-poivre-with-cognac-cream-sichuan-peppercorn-and-grilled-lime\",\"postDate\":1489022242,\"expiryDate\":null,\"enabled\":1,\"parentId\":null,\"fields\":{\"20\":\"33\"}}', '2017-03-09 01:17:22', '2017-03-09 01:17:22', '31f8ab8b-0359-4168-a315-f92be3a6cd10'),
 ('111', '105', '5', '1', 'en_us', '1', '', '{\"typeId\":null,\"authorId\":\"1\",\"title\":\"mbar bread service: grilled seawolf baguette with house cultured butter, taggisca olives, labneh, and calabrian chile oil\",\"slug\":\"mbar-bread-service-grilled-seawolf-baguette-with-house-cultured-butter-taggisca-olives-labneh-and-calabrian-chile-oil\",\"postDate\":1489022297,\"expiryDate\":null,\"enabled\":1,\"parentId\":null,\"fields\":{\"20\":\"6\"}}', '2017-03-09 01:18:17', '2017-03-09 01:18:17', '206ba8c4-d07f-4fc7-8ba1-4e4684f2de8e'),
 ('112', '17', '4', '1', 'en_us', '4', '', '{\"typeId\":\"4\",\"authorId\":\"1\",\"title\":\"patio\",\"slug\":\"happy-hour\",\"postDate\":1488667620,\"expiryDate\":null,\"enabled\":1,\"parentId\":null,\"fields\":{\"17\":{\"29\":{\"type\":\"menuGroupSet\",\"enabled\":\"1\",\"fields\":{\"menuGroupTitle\":\"first course\",\"menuGroupEntry\":[\"105\",\"104\",\"103\",\"102\",\"101\",\"100\"]}},\"30\":{\"type\":\"menuGroupSet\",\"enabled\":\"1\",\"fields\":{\"menuGroupTitle\":\"second course\",\"menuGroupEntry\":[\"24\",\"23\"]}},\"31\":{\"type\":\"menuGroupSet\",\"enabled\":\"1\",\"fields\":{\"menuGroupTitle\":\"third course\",\"menuGroupEntry\":[\"24\",\"23\"]}}}}}', '2017-03-09 01:19:13', '2017-03-09 01:19:13', '564bc558-34f7-4877-86f8-abfda5e87fc2'),
 ('113', '17', '4', '1', 'en_us', '5', '', '{\"typeId\":\"4\",\"authorId\":\"1\",\"title\":\"patio\",\"slug\":\"happy-hour\",\"postDate\":1488667620,\"expiryDate\":null,\"enabled\":1,\"parentId\":null,\"fields\":{\"17\":{\"29\":{\"type\":\"menuGroupSet\",\"enabled\":\"1\",\"fields\":{\"menuGroupTitle\":\"bites\",\"menuGroupEntry\":[\"105\",\"104\",\"103\",\"102\",\"101\",\"100\"]}},\"30\":{\"type\":\"menuGroupSet\",\"enabled\":\"1\",\"fields\":{\"menuGroupTitle\":\"second course\",\"menuGroupEntry\":[\"24\",\"23\"]}},\"31\":{\"type\":\"menuGroupSet\",\"enabled\":\"1\",\"fields\":{\"menuGroupTitle\":\"third course\",\"menuGroupEntry\":[\"24\",\"23\"]}}}}}', '2017-03-09 01:19:44', '2017-03-09 01:19:44', 'a8d9e52b-4c5e-4c39-9555-fd44742212ca'),
 ('114', '106', '5', '1', 'en_us', '1', NULL, '{\"typeId\":null,\"authorId\":\"1\",\"title\":\"The Stratton Manhattan - wild turkey 101, montenegro, pink bitters, cherry on top, up\",\"slug\":\"the-stratton-manhattan-wild-turkey-101-montenegro-pink-bitters-cherry-on-top-up\",\"postDate\":1489022554,\"expiryDate\":null,\"enabled\":1,\"parentId\":null,\"fields\":{\"20\":\"\"}}', '2017-03-09 01:22:34', '2017-03-09 01:22:34', 'bb59ad92-977d-4d9e-b2b8-1d2623e3410c'),
 ('115', '107', '5', '1', 'en_us', '1', NULL, '{\"typeId\":null,\"authorId\":\"1\",\"title\":\"mbar Negroni - campari, beefeater gin, yzaguirre rojo reserva, rocks\",\"slug\":\"mbar-negroni-campari-beefeater-gin-yzaguirre-rojo-reserva-rocks\",\"postDate\":1489022582,\"expiryDate\":null,\"enabled\":1,\"parentId\":null,\"fields\":{\"20\":\"\"}}', '2017-03-09 01:23:02', '2017-03-09 01:23:02', 'eb4c2da4-6875-4d69-9313-721e52023a2b'),
 ('116', '108', '5', '1', 'en_us', '1', NULL, '{\"typeId\":null,\"authorId\":\"1\",\"title\":\"Mary the Vampyre - absolut lime, tamarind, arbol, citrus, cucumber, rocks\",\"slug\":\"mary-the-vampyre-absolut-lime-tamarind-arbol-citrus-cucumber-rocks\",\"postDate\":1489022613,\"expiryDate\":null,\"enabled\":1,\"parentId\":null,\"fields\":{\"20\":\"\"}}', '2017-03-09 01:23:33', '2017-03-09 01:23:33', '54f623ac-be5d-4fe7-89f2-d94a731a5892'),
 ('117', '109', '5', '1', 'en_us', '1', NULL, '{\"typeId\":null,\"authorId\":\"1\",\"title\":\"Dali\'s Frosted Donut - absolut, kahlua, coconut, lemongrass, rocks\",\"slug\":\"dalis-frosted-donut-absolut-kahlua-coconut-lemongrass-rocks\",\"postDate\":1489022637,\"expiryDate\":null,\"enabled\":1,\"parentId\":null,\"fields\":{\"20\":\"\"}}', '2017-03-09 01:23:57', '2017-03-09 01:23:57', '8f782e7f-9eef-4a46-8e44-738c9af06972'),
 ('118', '110', '5', '1', 'en_us', '1', NULL, '{\"typeId\":null,\"authorId\":\"1\",\"title\":\"Beez in the Trap - poli miele, landy cognac, lemon, black lime & prickly ash rim, up\",\"slug\":\"beez-in-the-trap-poli-miele-landy-cognac-lemon-black-lime-prickly-ash-rim-up\",\"postDate\":1489022659,\"expiryDate\":null,\"enabled\":1,\"parentId\":null,\"fields\":{\"20\":\"\"}}', '2017-03-09 01:24:19', '2017-03-09 01:24:19', '15eec3cf-425e-4dd2-9898-7695fededda5'),
 ('119', '111', '5', '1', 'en_us', '1', NULL, '{\"typeId\":null,\"authorId\":\"1\",\"title\":\"Heat Miser - russell\'s 10 year bourbon, calvados, cynar 70, spiced honey, hot water\",\"slug\":\"heat-miser-russells-10-year-bourbon-calvados-cynar-70-spiced-honey-hot-water\",\"postDate\":1489022706,\"expiryDate\":null,\"enabled\":1,\"parentId\":null,\"fields\":{\"20\":\"\"}}', '2017-03-09 01:25:06', '2017-03-09 01:25:06', '5dd6d2f6-4e07-4754-bdcd-122293a520b4'),
 ('120', '112', '5', '1', 'en_us', '1', NULL, '{\"typeId\":null,\"authorId\":\"1\",\"title\":\"Ay Chihuahua - starbucks reseve, crema de sotol, cynar 70, cream, sprinkles\",\"slug\":\"ay-chihuahua-starbucks-reseve-crema-de-sotol-cynar-70-cream-sprinkles\",\"postDate\":1489022736,\"expiryDate\":null,\"enabled\":1,\"parentId\":null,\"fields\":{\"20\":\"\"}}', '2017-03-09 01:25:36', '2017-03-09 01:25:36', 'abb4a66d-4379-4b9a-b154-996af01d200c'),
 ('121', '113', '5', '1', 'en_us', '1', NULL, '{\"typeId\":null,\"authorId\":\"1\",\"title\":\"Pineapple - absolut elyx, appleton estate rum, citrus, bitters, absinthe, fire\",\"slug\":\"pineapple-absolut-elyx-appleton-estate-rum-citrus-bitters-absinthe-fire\",\"postDate\":1489022763,\"expiryDate\":null,\"enabled\":1,\"parentId\":null,\"fields\":{\"20\":\"27\"}}', '2017-03-09 01:26:03', '2017-03-09 01:26:03', '23aef650-c9a5-496c-883c-d832d23d3362'),
 ('122', '15', '4', '1', 'en_us', '7', '', '{\"typeId\":\"4\",\"authorId\":\"1\",\"title\":\"cocktails\",\"slug\":\"breakfast\",\"postDate\":1488667620,\"expiryDate\":null,\"enabled\":1,\"parentId\":null,\"fields\":{\"17\":{\"19\":{\"type\":\"menuGroupSet\",\"enabled\":\"1\",\"fields\":{\"menuGroupTitle\":\"signature cocktails - $13.00\",\"menuGroupEntry\":[\"107\",\"106\",\"108\",\"110\",\"109\",\"112\",\"111\",\"113\"]}}}}}', '2017-03-09 01:26:37', '2017-03-09 01:26:37', '3d216444-8889-423c-80aa-ac944f978f23'),
 ('123', '16', '4', '1', 'en_us', '3', '', '{\"typeId\":\"4\",\"authorId\":\"1\",\"title\":\"dessert\",\"slug\":\"lunch\",\"postDate\":1488667620,\"expiryDate\":null,\"enabled\":1,\"parentId\":null,\"fields\":{\"17\":{\"25\":{\"type\":\"menuGroupSet\",\"enabled\":\"1\",\"fields\":{\"menuGroupTitle\":\"desserts || suggested pairings\",\"menuGroupEntry\":\"\"}},\"26\":{\"type\":\"menuGroupSet\",\"enabled\":\"1\",\"fields\":{\"menuGroupTitle\":\"second course\",\"menuGroupEntry\":[\"24\",\"23\"]}},\"27\":{\"type\":\"menuGroupSet\",\"enabled\":\"1\",\"fields\":{\"menuGroupTitle\":\"third course\",\"menuGroupEntry\":[\"24\",\"23\"]}},\"28\":{\"type\":\"menuGroupSet\",\"enabled\":\"1\",\"fields\":{\"menuGroupTitle\":\"dessert\",\"menuGroupEntry\":[\"24\",\"23\"]}}}}}', '2017-03-10 00:21:46', '2017-03-10 00:21:46', '630cdaa9-ff5e-465b-bc92-ed50db60fb7a'),
 ('124', '16', '4', '1', 'en_us', '4', '', '{\"typeId\":\"4\",\"authorId\":\"1\",\"title\":\"dessert\",\"slug\":\"lunch\",\"postDate\":1488667620,\"expiryDate\":null,\"enabled\":1,\"parentId\":null,\"fields\":{\"17\":{\"25\":{\"type\":\"menuGroupSet\",\"enabled\":\"1\",\"fields\":{\"menuGroupTitle\":\"desserts || suggested pairings\",\"menuGroupEntry\":\"\"}}}}}', '2017-03-10 00:22:25', '2017-03-10 00:22:25', '8a4a9415-2490-4e4b-911f-04cecd5af7da'),
 ('125', '16', '4', '1', 'en_us', '5', '', '{\"typeId\":\"4\",\"authorId\":\"1\",\"title\":\"dessert\",\"slug\":\"lunch\",\"postDate\":1488667620,\"expiryDate\":null,\"enabled\":1,\"parentId\":null,\"fields\":{\"17\":{\"25\":{\"type\":\"menuGroupSet\",\"enabled\":\"1\",\"fields\":{\"menuGroupTitle\":\"desserts\",\"menuGroupEntry\":\"\"}}}}}', '2017-03-10 00:25:15', '2017-03-10 00:25:15', 'd12632e5-d48d-47ab-ba75-be67179ef47e'),
 ('126', '114', '5', '1', 'en_us', '1', NULL, '{\"typeId\":null,\"authorId\":\"1\",\"title\":\"the mbar: dark chocolate bar with sesame nougat & tamarin caramel\",\"slug\":\"the-mbar-dark-chocolate-bar-with-sesame-nougat-tamarin-caramel\",\"postDate\":1489105722,\"expiryDate\":null,\"enabled\":1,\"parentId\":null,\"fields\":{\"20\":\"7\"}}', '2017-03-10 00:28:42', '2017-03-10 00:28:42', 'ef3b3b26-93e2-407e-a5e1-f479730cb0ea'),
 ('127', '115', '5', '1', 'en_us', '1', NULL, '{\"typeId\":null,\"authorId\":\"1\",\"title\":\"\'pain perdu\' soaked in rum & orange blossom custard with pineapple ice & vanilla ice cream\",\"slug\":\"pain-perdu-soaked-in-rum-orange-blossom-custard-with-pineapple-ice-vanilla-ice-cream\",\"postDate\":1489105798,\"expiryDate\":null,\"enabled\":1,\"parentId\":null,\"fields\":{\"20\":\"10\"}}', '2017-03-10 00:29:58', '2017-03-10 00:29:58', 'aec9245d-6ae7-4ed4-be94-17ba8864f08d'),
 ('128', '116', '5', '1', 'en_us', '1', NULL, '{\"typeId\":null,\"authorId\":\"1\",\"title\":\"sipping chocolate with parsnip malted milk & cornmeal\",\"slug\":\"sipping-chocolate-with-parsnip-malted-milk-cornmeal\",\"postDate\":1489106013,\"expiryDate\":null,\"enabled\":1,\"parentId\":null,\"fields\":{\"20\":\"9\"}}', '2017-03-10 00:33:33', '2017-03-10 00:33:33', 'c186bb72-d3fd-49ac-a245-509bd7a73030'),
 ('129', '117', '5', '1', 'en_us', '1', NULL, '{\"typeId\":null,\"authorId\":\"1\",\"title\":\"meyer lemon semifreddo with hazelnut nougat ice cream & passionfruit\",\"slug\":\"meyer-lemon-semifreddo-with-hazelnut-nougat-ice-cream-passionfruit\",\"postDate\":1489106102,\"expiryDate\":null,\"enabled\":1,\"parentId\":null,\"fields\":{\"20\":\"12\"}}', '2017-03-10 00:35:02', '2017-03-10 00:35:02', '63d6be41-e77b-4820-80d8-6888f4a2cc0d'),
 ('130', '16', '4', '1', 'en_us', '6', '', '{\"typeId\":\"4\",\"authorId\":\"1\",\"title\":\"dessert\",\"slug\":\"lunch\",\"postDate\":1488667620,\"expiryDate\":null,\"enabled\":1,\"parentId\":null,\"fields\":{\"17\":{\"25\":{\"type\":\"menuGroupSet\",\"enabled\":\"1\",\"fields\":{\"menuGroupTitle\":\"desserts\",\"menuGroupEntry\":[\"117\",\"116\",\"115\",\"114\"]}}}}}', '2017-03-10 00:35:29', '2017-03-10 00:35:29', '312ba4b0-378a-43bc-9829-4772134dd097'),
 ('131', '117', '5', '1', 'en_us', '2', '', '{\"typeId\":\"5\",\"authorId\":\"1\",\"title\":\"meyer lemon semifreddo with hazelnut nougat ice cream & passionfruit\",\"slug\":\"meyer-lemon-semifreddo-with-hazelnut-nougat-ice-cream-passionfruit\",\"postDate\":1489106100,\"expiryDate\":null,\"enabled\":1,\"parentId\":null,\"fields\":{\"20\":\"12\"}}', '2017-03-10 00:35:45', '2017-03-10 00:35:45', '49453402-e0f5-49cd-8ddd-cd01f9646537'),
 ('132', '116', '5', '1', 'en_us', '2', '', '{\"typeId\":\"5\",\"authorId\":\"1\",\"title\":\"sipping chocolate with parsnip malted milk & cornmeal cookies\",\"slug\":\"sipping-chocolate-with-parsnip-malted-milk-cornmeal\",\"postDate\":1489105980,\"expiryDate\":null,\"enabled\":1,\"parentId\":null,\"fields\":{\"20\":\"9\"}}', '2017-03-10 00:35:53', '2017-03-10 00:35:53', 'ba8c7de8-b084-4e1a-9074-a092f5f5b37b'),
 ('133', '118', '5', '1', 'en_us', '1', '', '{\"typeId\":null,\"authorId\":\"1\",\"title\":\"cheese: Robiola with chestnut honey, carrot halvah & buckwheat crackers\",\"slug\":\"cheese-robiola-with-chestnut-honey-carrot-halvah-buckwheat-crackers\",\"postDate\":1489106447,\"expiryDate\":null,\"enabled\":1,\"parentId\":null,\"fields\":{\"20\":\"12\"}}', '2017-03-10 00:40:47', '2017-03-10 00:40:47', '3bc13e40-27f7-4fd6-9119-ec254c7912b4'),
 ('134', '114', '5', '1', 'en_us', '2', NULL, '{\"typeId\":\"5\",\"authorId\":\"1\",\"title\":\"the mbar: dark chocolate bar with sesame nougat & tamarind caramel\",\"slug\":\"the-mbar-dark-chocolate-bar-with-sesame-nougat-tamarin-caramel\",\"postDate\":1489105722,\"expiryDate\":null,\"enabled\":\"1\",\"parentId\":null,\"fields\":{\"20\":\"7\"}}', '2017-03-10 00:41:15', '2017-03-10 00:41:15', 'f7929e06-2c23-4590-96a4-f8139709cc16'),
 ('135', '119', '5', '1', 'en_us', '1', NULL, '{\"typeId\":null,\"authorId\":\"1\",\"title\":\"the purple one: crushed marasche, whey sorbet, wild huckleberry fruit leather, summer savory\",\"slug\":\"the-purple-one-crushed-marasche-whey-sorbet-wild-huckleberry-fruit-leather-summer-savory\",\"postDate\":1489106570,\"expiryDate\":null,\"enabled\":1,\"parentId\":null,\"fields\":{\"20\":\"12\"}}', '2017-03-10 00:42:50', '2017-03-10 00:42:50', 'e10d94b9-df28-4977-8976-f42ee806201d'),
 ('136', '120', '5', '1', 'en_us', '1', NULL, '{\"typeId\":null,\"authorId\":\"1\",\"title\":\"coffee: we offer starbucks reserve roast as a seraphim pour over\",\"slug\":\"coffee-we-offer-starbucks-reserve-roast-as-a-seraphim-pour-over\",\"postDate\":1489106663,\"expiryDate\":null,\"enabled\":1,\"parentId\":null,\"fields\":{\"20\":\"4.5\"}}', '2017-03-10 00:44:23', '2017-03-10 00:44:23', '45d49334-b6f5-4e01-8f00-a9796660929c'),
 ('137', '16', '4', '1', 'en_us', '7', '', '{\"typeId\":\"4\",\"authorId\":\"1\",\"title\":\"dessert\",\"slug\":\"lunch\",\"postDate\":1488667620,\"expiryDate\":null,\"enabled\":1,\"parentId\":null,\"fields\":{\"17\":{\"25\":{\"type\":\"menuGroupSet\",\"enabled\":\"1\",\"fields\":{\"menuGroupTitle\":\"desserts\",\"menuGroupEntry\":[\"117\",\"116\",\"115\",\"114\",\"118\",\"119\",\"120\"]}}}}}', '2017-03-10 00:44:45', '2017-03-10 00:44:45', '9b4863bd-9c7e-474c-be77-8e26f0240bc7'),
 ('138', '121', '5', '1', 'en_us', '1', NULL, '{\"typeId\":null,\"authorId\":\"1\",\"title\":\"tea: fukamushi sencha\\/earl grey\\/assam\\/darjeeling\\/jasmine green\\/lapsang souchang\\/shu puer\",\"slug\":\"tea-fukamushi-sencha-earl-grey-assam-darjeeling-jasmine-green-lapsang-souchang-shu-puer\",\"postDate\":1489107327,\"expiryDate\":null,\"enabled\":1,\"parentId\":null,\"fields\":{\"20\":\"4.5\"}}', '2017-03-10 00:55:27', '2017-03-10 00:55:27', '2b490978-d193-4ebc-9775-680a3f0cebce'),
 ('139', '122', '5', '1', 'en_us', '1', NULL, '{\"typeId\":null,\"authorId\":\"1\",\"title\":\"tisanes: ginger\\/spearmint\\/chamomile\",\"slug\":\"tisanes-ginger-spearmint-chamomile\",\"postDate\":1489107369,\"expiryDate\":null,\"enabled\":1,\"parentId\":null,\"fields\":{\"20\":\"4.5\"}}', '2017-03-10 00:56:09', '2017-03-10 00:56:09', '599e484c-c8aa-4637-96f5-c4c27ae66386');
INSERT INTO `craft_entryversions` (`id`, `entryId`, `sectionId`, `creatorId`, `locale`, `num`, `notes`, `data`, `dateCreated`, `dateUpdated`, `uid`) VALUES
 ('140', '16', '4', '1', 'en_us', '8', '', '{\"typeId\":\"4\",\"authorId\":\"1\",\"title\":\"dessert\",\"slug\":\"lunch\",\"postDate\":1488667620,\"expiryDate\":null,\"enabled\":1,\"parentId\":null,\"fields\":{\"17\":{\"25\":{\"type\":\"menuGroupSet\",\"enabled\":\"1\",\"fields\":{\"menuGroupTitle\":\"desserts\",\"menuGroupEntry\":[\"117\",\"116\",\"115\",\"114\",\"118\",\"119\",\"120\",\"121\",\"122\"]}}}}}', '2017-03-10 00:56:27', '2017-03-10 00:56:27', 'e7a4bd9d-6a23-4bc9-bb8e-7d087297ca41'),
 ('141', '123', '5', '1', 'en_us', '1', NULL, '{\"typeId\":null,\"authorId\":\"1\",\"title\":\"escarole salad with anchovy, walnut & tarragon\",\"slug\":\"escarole-salad-with-anchovy-walnut-tarragon\",\"postDate\":1489108719,\"expiryDate\":null,\"enabled\":1,\"parentId\":null,\"fields\":{\"20\":\"11\"}}', '2017-03-10 01:18:39', '2017-03-10 01:18:39', '3aeca664-24c3-4c6e-b9cf-a2fe3d0c7b6d'),
 ('142', '124', '5', '1', 'en_us', '1', NULL, '{\"typeId\":null,\"authorId\":\"1\",\"title\":\"strozzapreti with braised oxtail, duck confit & black truffle butter\",\"slug\":\"strozzapreti-with-braised-oxtail-duck-confit-black-truffle-butter\",\"postDate\":1489108765,\"expiryDate\":null,\"enabled\":1,\"parentId\":null,\"fields\":{\"20\":\"24\"}}', '2017-03-10 01:19:25', '2017-03-10 01:19:25', '6c34ee7c-7a38-46c0-8828-197920a41c3e'),
 ('143', '17', '4', '1', 'en_us', '6', '', '{\"typeId\":\"4\",\"authorId\":\"1\",\"title\":\"patio\",\"slug\":\"happy-hour\",\"postDate\":1488667620,\"expiryDate\":null,\"enabled\":1,\"parentId\":null,\"fields\":{\"17\":{\"29\":{\"type\":\"menuGroupSet\",\"enabled\":\"1\",\"fields\":{\"menuGroupTitle\":\"food\",\"menuGroupEntry\":[\"105\",\"104\",\"103\",\"102\",\"101\",\"100\",\"123\",\"124\"]}}}}}', '2017-03-10 01:24:28', '2017-03-10 01:24:28', '374635f1-2b24-40e6-aa76-331bb1ac0211'),
 ('144', '125', '5', '1', 'en_us', '1', NULL, '{\"typeId\":null,\"authorId\":\"1\",\"title\":\"2015 Le Fay d\'Homme Muscadet Sevre et Maine, France\",\"slug\":\"2015-le-fay-dhomme-muscadet-sevre-et-maine-france\",\"postDate\":1489109539,\"expiryDate\":null,\"enabled\":1,\"parentId\":null,\"fields\":{\"20\":\"12\\/44\"}}', '2017-03-10 01:32:19', '2017-03-10 01:32:19', 'adf3398c-71d7-4b8f-a5c1-b1f6310ec9ed'),
 ('145', '126', '5', '1', 'en_us', '1', NULL, '{\"typeId\":null,\"authorId\":\"1\",\"title\":\"2013 Grillo Centonze, Sicily, Italy\",\"slug\":\"2013-grillo-centonze-sicily-italy\",\"postDate\":1489109555,\"expiryDate\":null,\"enabled\":1,\"parentId\":null,\"fields\":{\"20\":\"12\\/44\"}}', '2017-03-10 01:32:35', '2017-03-10 01:32:35', '41b8262b-b58a-41d4-a68a-ac149c19b661'),
 ('146', '127', '5', '1', 'en_us', '1', NULL, '{\"typeId\":null,\"authorId\":\"1\",\"title\":\"2015 Frico Bianco by Scarpetta\",\"slug\":\"2015-frico-bianco-by-scarpetta\",\"postDate\":1489109575,\"expiryDate\":null,\"enabled\":1,\"parentId\":null,\"fields\":{\"20\":\"12\\/44\"}}', '2017-03-10 01:32:55', '2017-03-10 01:32:55', '643cd77a-00af-41f8-9e76-67d43eb8bcb6'),
 ('147', '128', '5', '1', 'en_us', '1', NULL, '{\"typeId\":null,\"authorId\":\"1\",\"title\":\"2015 Ch\\u00e2teau de la Roche Sauvignon Blanc, Touraine, France\",\"slug\":\"2015-ch\\u00e2teau-de-la-roche-sauvignon-blanc-touraine-france\",\"postDate\":1489109615,\"expiryDate\":null,\"enabled\":1,\"parentId\":null,\"fields\":{\"20\":\"12\\/44\"}}', '2017-03-10 01:33:35', '2017-03-10 01:33:35', '423df780-2beb-4464-b512-061452d825da'),
 ('148', '129', '5', '1', 'en_us', '1', NULL, '{\"typeId\":null,\"authorId\":\"1\",\"title\":\"2011 Francis Tannahill Gewurtzraminer, Columbia Valley, WA\",\"slug\":\"2011-francis-tannahill-gewurtzraminer-columbia-valley-wa\",\"postDate\":1489109647,\"expiryDate\":null,\"enabled\":1,\"parentId\":null,\"fields\":{\"20\":\"12\\/44\"}}', '2017-03-10 01:34:07', '2017-03-10 01:34:07', '4391f9f4-b1de-4879-ab9a-1b8a4801508b'),
 ('149', '130', '5', '1', 'en_us', '1', NULL, '{\"typeId\":null,\"authorId\":\"1\",\"title\":\"2014 Dunham Cellars Chardonnay Shirley Mays, Columbia Valley, WA\",\"slug\":\"2014-dunham-cellars-chardonnay-shirley-mays-columbia-valley-wa\",\"postDate\":1489109683,\"expiryDate\":null,\"enabled\":1,\"parentId\":null,\"fields\":{\"20\":\"14\\/52\"}}', '2017-03-10 01:34:43', '2017-03-10 01:34:43', 'a18bc0f9-7368-48a7-bb2d-5787405673d7'),
 ('150', '131', '5', '1', 'en_us', '1', NULL, '{\"typeId\":null,\"authorId\":\"1\",\"title\":\"2015 Cidrerie du Vulcain, Fribourg, Switzerland\",\"slug\":\"2015-cidrerie-du-vulcain-fribourg-switzerland\",\"postDate\":1489109745,\"expiryDate\":null,\"enabled\":1,\"parentId\":null,\"fields\":{\"20\":\"14\\/52\"}}', '2017-03-10 01:35:45', '2017-03-10 01:35:45', '7bf15666-5c4d-43cb-a1c5-9b74730f4e39'),
 ('151', '132', '5', '1', 'en_us', '1', NULL, '{\"typeId\":null,\"authorId\":\"1\",\"title\":\"2015 Ottella RosesRoses, Veneto, Italy\",\"slug\":\"2015-ottella-rosesroses-veneto-italy\",\"postDate\":1489109920,\"expiryDate\":null,\"enabled\":1,\"parentId\":null,\"fields\":{\"20\":\"12\\/44\"}}', '2017-03-10 01:38:40', '2017-03-10 01:38:40', '06e33add-710e-4ad5-ac3f-ee2866d8e907'),
 ('152', '133', '5', '1', 'en_us', '1', NULL, '{\"typeId\":null,\"authorId\":\"1\",\"title\":\"Ch\\u00e2teau Thivin Beaujolais Villages ros\\u00e9\",\"slug\":\"ch\\u00e2teau-thivin-beaujolais-villages-ros\\u00e9\",\"postDate\":1489109949,\"expiryDate\":null,\"enabled\":1,\"parentId\":null,\"fields\":{\"20\":\"12\\/44\"}}', '2017-03-10 01:39:09', '2017-03-10 01:39:09', 'c7b9b244-47c5-49f7-ac81-f51a7773eccf'),
 ('153', '134', '5', '1', 'en_us', '1', NULL, '{\"typeId\":null,\"authorId\":\"1\",\"title\":\"Los Cucos de la Alberquilla, Cabernet Sauvignon, Jumilla, Spain\",\"slug\":\"los-cucos-de-la-alberquilla-cabernet-sauvignon-jumilla-spain\",\"postDate\":1489109985,\"expiryDate\":null,\"enabled\":1,\"parentId\":null,\"fields\":{\"20\":\"12\\/44\"}}', '2017-03-10 01:39:45', '2017-03-10 01:39:45', '7f7ae00a-cbbb-407d-b3aa-0691f2af54a5'),
 ('154', '135', '5', '1', 'en_us', '1', NULL, '{\"typeId\":null,\"authorId\":\"1\",\"title\":\"2015 Nada Giuseppe Nebbiolo, Langhe, Italy\",\"slug\":\"2015-nada-giuseppe-nebbiolo-langhe-italy\",\"postDate\":1489110635,\"expiryDate\":null,\"enabled\":1,\"parentId\":null,\"fields\":{\"20\":\"12\\/44\"}}', '2017-03-10 01:50:35', '2017-03-10 01:50:35', '85900e25-1aff-4387-a2ae-9acffc1e4760'),
 ('155', '136', '5', '1', 'en_us', '1', NULL, '{\"typeId\":null,\"authorId\":\"1\",\"title\":\"2014 Omero Pinot Noir, Willamette Valley, Oregon\",\"slug\":\"2014-omero-pinot-noir-willamette-valley-oregon\",\"postDate\":1489110674,\"expiryDate\":null,\"enabled\":1,\"parentId\":null,\"fields\":{\"20\":\"14\\/52\"}}', '2017-03-10 01:51:14', '2017-03-10 01:51:14', 'adf033bb-e6a8-40a0-ae19-91f20f533bea'),
 ('156', '137', '5', '1', 'en_us', '1', NULL, '{\"typeId\":null,\"authorId\":\"1\",\"title\":\"2007 Sol Ezio Cerruti Moscato Langhe, Italy (3oz)\",\"slug\":\"2007-sol-ezio-cerruti-moscato-langhe-italy-3oz\",\"postDate\":1489110732,\"expiryDate\":null,\"enabled\":1,\"parentId\":null,\"fields\":{\"20\":\"14\\/52\"}}', '2017-03-10 01:52:12', '2017-03-10 01:52:12', 'ccda3297-d47a-44af-bd0e-5da49741b1d9'),
 ('157', '15', '4', '1', 'en_us', '8', '', '{\"typeId\":\"4\",\"authorId\":\"1\",\"title\":\"beverage\",\"slug\":\"breakfast\",\"postDate\":1488667620,\"expiryDate\":null,\"enabled\":1,\"parentId\":null,\"fields\":{\"17\":{\"19\":{\"type\":\"menuGroupSet\",\"enabled\":\"1\",\"fields\":{\"menuGroupTitle\":\"signature cocktails - $13.00\",\"menuGroupEntry\":[\"107\",\"106\",\"108\",\"110\",\"109\",\"112\",\"111\",\"113\"]}},\"new1\":{\"type\":\"menuGroupSet\",\"enabled\":\"1\",\"fields\":{\"menuGroupTitle\":\"wine by the glass\",\"menuGroupEntry\":[\"137\",\"136\",\"135\",\"134\",\"133\",\"132\",\"131\",\"130\",\"129\",\"128\",\"127\",\"126\",\"125\"]}}}}}', '2017-03-10 01:52:42', '2017-03-10 01:52:42', '6eb2e0f7-f71e-409f-ae33-f42bf70dc14e'),
 ('158', '15', '4', '1', 'en_us', '9', '', '{\"typeId\":\"4\",\"authorId\":\"1\",\"title\":\"beverage\",\"slug\":\"breakfast\",\"postDate\":1488667620,\"expiryDate\":null,\"enabled\":1,\"parentId\":null,\"fields\":{\"17\":{\"19\":{\"type\":\"menuGroupSet\",\"enabled\":\"1\",\"fields\":{\"menuGroupTitle\":\"signature cocktails - $13.00\",\"menuGroupEntry\":[\"107\",\"106\",\"108\",\"110\",\"109\",\"112\",\"111\",\"113\"]}},\"138\":{\"type\":\"menuGroupSet\",\"enabled\":\"1\",\"fields\":{\"menuGroupTitle\":\"wine by the glass  gl\\/btl\",\"menuGroupEntry\":[\"137\",\"136\",\"135\",\"134\",\"133\",\"132\",\"131\",\"130\",\"129\",\"128\",\"127\",\"126\",\"125\"]}},\"new1\":{\"type\":\"menuGroupSet\",\"enabled\":\"1\",\"fields\":{\"menuGroupTitle\":\"wines by the bottle\",\"menuGroupEntry\":\"\"}}}}}', '2017-03-10 02:01:05', '2017-03-10 02:01:05', '8f42b277-c2a9-4204-8ecc-ee2f47439fa9'),
 ('159', '140', '4', '1', 'en_us', '1', '', '{\"typeId\":null,\"authorId\":\"1\",\"title\":\"Wine List\",\"slug\":\"wine-list\",\"postDate\":1489111296,\"expiryDate\":null,\"enabled\":1,\"parentId\":null,\"fields\":{\"17\":{\"new1\":{\"type\":\"menuGroupSet\",\"enabled\":\"1\",\"fields\":{\"menuGroupTitle\":\"White Wine\",\"menuGroupEntry\":\"\"}},\"new2\":{\"type\":\"menuGroupSet\",\"enabled\":\"1\",\"fields\":{\"menuGroupTitle\":\"Red Wine\",\"menuGroupEntry\":\"\"}}}}}', '2017-03-10 02:01:36', '2017-03-10 02:01:36', '88ce3b9b-d8ff-4519-8377-80609e10dabb'),
 ('160', '143', '5', '1', 'en_us', '1', NULL, '{\"typeId\":null,\"authorId\":\"1\",\"title\":\"2014 Nicolas Potel M\\u00e2con-Villages Blanc, M\\u00e2con, France\",\"slug\":\"2014-nicolas-potel-m\\u00e2con-villages-blanc-m\\u00e2con-france\",\"postDate\":1489111383,\"expiryDate\":null,\"enabled\":1,\"parentId\":null,\"fields\":{\"20\":\"54\"}}', '2017-03-10 02:03:03', '2017-03-10 02:03:03', 'aed2daf5-17f0-4990-8594-7ce9fa9ae570'),
 ('161', '144', '5', '1', 'en_us', '1', NULL, '{\"typeId\":null,\"authorId\":\"1\",\"title\":\"2015 Leah Jorgensen Sauvignon Blanc, Rogue Valley, OR\",\"slug\":\"2015-leah-jorgensen-sauvignon-blanc-rogue-valley-or\",\"postDate\":1489111417,\"expiryDate\":null,\"enabled\":1,\"parentId\":null,\"fields\":{\"20\":\"55\"}}', '2017-03-10 02:03:37', '2017-03-10 02:03:37', '26ea9612-3e66-4b56-8717-f89650fde9ef'),
 ('162', '145', '5', '1', 'en_us', '1', NULL, '{\"typeId\":null,\"authorId\":\"1\",\"title\":\"2014 Ulacia Getariako Txakolina, Getaria, Spain\",\"slug\":\"2014-ulacia-getariako-txakolina-getaria-spain\",\"postDate\":1489111500,\"expiryDate\":null,\"enabled\":1,\"parentId\":null,\"fields\":{\"20\":\"55\"}}', '2017-03-10 02:05:00', '2017-03-10 02:05:00', 'b7bde979-f515-4b49-ac9e-03b52b14fccf'),
 ('163', '146', '5', '1', 'en_us', '1', NULL, '{\"typeId\":null,\"authorId\":\"1\",\"title\":\"2013 La Roche B\\u00e9zigon Chenin Blanc, Loire, France\",\"slug\":\"2013-la-roche-b\\u00e9zigon-chenin-blanc-loire-france\",\"postDate\":1489111636,\"expiryDate\":null,\"enabled\":1,\"parentId\":null,\"fields\":{\"20\":\"\"}}', '2017-03-10 02:07:16', '2017-03-10 02:07:16', '7d53e383-38d2-4b64-990d-b7ba7d76bd50'),
 ('164', '147', '5', '1', 'en_us', '1', NULL, '{\"typeId\":null,\"authorId\":\"1\",\"title\":\"CVNE Monopole Clasico\",\"slug\":\"cvne-monopole-clasico\",\"postDate\":1489111655,\"expiryDate\":null,\"enabled\":1,\"parentId\":null,\"fields\":{\"20\":\"\"}}', '2017-03-10 02:07:35', '2017-03-10 02:07:35', 'fb245ae6-f6c0-4351-bf4a-978c7bfe88e6'),
 ('165', '148', '5', '1', 'en_us', '1', NULL, '{\"typeId\":null,\"authorId\":\"1\",\"title\":\"L\'Insolite Chenin Blanc, Saumur, France\",\"slug\":\"linsolite-chenin-blanc-saumur-france\",\"postDate\":1489111683,\"expiryDate\":null,\"enabled\":1,\"parentId\":null,\"fields\":{\"20\":\"\"}}', '2017-03-10 02:08:03', '2017-03-10 02:08:03', '86d67b32-1ece-4717-b5e3-67fac8f4804f'),
 ('166', '149', '5', '1', 'en_us', '1', NULL, '{\"typeId\":null,\"authorId\":\"1\",\"title\":\"Les Vignes Derri\\u00e8re Montagny 1er Cru, Burgundy, France\",\"slug\":\"les-vignes-derri\\u00e8re-montagny-1er-cru-burgundy-france\",\"postDate\":1489111718,\"expiryDate\":null,\"enabled\":1,\"parentId\":null,\"fields\":{\"20\":\"\"}}', '2017-03-10 02:08:38', '2017-03-10 02:08:38', '059fb50f-d59e-47ba-ae1c-ecebbfe51e71'),
 ('167', '150', '5', '1', 'en_us', '1', NULL, '{\"typeId\":null,\"authorId\":\"1\",\"title\":\"2004 Ch\\u00e2teau D\'Orschwihr Grand Cru Riesling, Alsace, France\",\"slug\":\"2004-ch\\u00e2teau-dorschwihr-grand-cru-riesling-alsace-france\",\"postDate\":1489111746,\"expiryDate\":null,\"enabled\":1,\"parentId\":null,\"fields\":{\"20\":\"\"}}', '2017-03-10 02:09:06', '2017-03-10 02:09:06', 'bcf1be52-47e9-48ad-a622-971614058751'),
 ('168', '151', '5', '1', 'en_us', '1', NULL, '{\"typeId\":null,\"authorId\":\"1\",\"title\":\"2014 Leah Jorgensen Blanc De Cabernet Franc\",\"slug\":\"2014-leah-jorgensen-blanc-de-cabernet-franc\",\"postDate\":1489111788,\"expiryDate\":null,\"enabled\":1,\"parentId\":null,\"fields\":{\"20\":\"\"}}', '2017-03-10 02:09:48', '2017-03-10 02:09:48', 'ab18f475-f19e-4518-94be-6d635bd390aa'),
 ('169', '147', '5', '1', 'en_us', '2', NULL, '{\"typeId\":\"5\",\"authorId\":\"1\",\"title\":\"2015 CVNE Monopole Clasico\",\"slug\":\"cvne-monopole-clasico\",\"postDate\":1489111655,\"expiryDate\":null,\"enabled\":\"1\",\"parentId\":null,\"fields\":{\"20\":\"\"}}', '2017-03-10 02:10:03', '2017-03-10 02:10:03', '6e5952de-ab5a-482f-ac75-62ac3bace1f6'),
 ('170', '152', '5', '1', 'en_us', '1', NULL, '{\"typeId\":null,\"authorId\":\"1\",\"title\":\"2014 Domaine Laroche Chablis \\\"Vieille Voye\\\"\",\"slug\":\"2014-domaine-laroche-chablis-vieille-voye\",\"postDate\":1489111851,\"expiryDate\":null,\"enabled\":1,\"parentId\":null,\"fields\":{\"20\":\"\"}}', '2017-03-10 02:10:51', '2017-03-10 02:10:51', 'fe766e5b-42d6-4adb-be28-232395a36910'),
 ('171', '153', '5', '1', 'en_us', '1', NULL, '{\"typeId\":null,\"authorId\":\"1\",\"title\":\"2015 Mac Forbes Chardonnay, Yarra Valley, Australia\",\"slug\":\"2015-mac-forbes-chardonnay-yarra-valley-australia\",\"postDate\":1489111882,\"expiryDate\":null,\"enabled\":1,\"parentId\":null,\"fields\":{\"20\":\"\"}}', '2017-03-10 02:11:22', '2017-03-10 02:11:22', 'b0b6139f-00e7-4076-a10a-cd252e3afaae'),
 ('172', '154', '5', '1', 'en_us', '1', NULL, '{\"typeId\":null,\"authorId\":\"1\",\"title\":\"2013 Kracher Cuv\\u00e9e Auslese (375ml), Burgenland, Austria\",\"slug\":\"2013-kracher-cuv\\u00e9e-auslese-375ml-burgenland-austria\",\"postDate\":1489111937,\"expiryDate\":null,\"enabled\":1,\"parentId\":null,\"fields\":{\"20\":\"\"}}', '2017-03-10 02:12:17', '2017-03-10 02:12:17', 'b1529a6a-d66d-4990-b7cb-a5d94b9d5e04'),
 ('173', '155', '5', '1', 'en_us', '1', NULL, '{\"typeId\":null,\"authorId\":\"1\",\"title\":\"2007 Disn\\u00f3k\\u00f6 5 Puttonyos Tokaj, Hungary\",\"slug\":\"2007-disn\\u00f3k\\u00f6-5-puttonyos-tokaj-hungary\",\"postDate\":1489111991,\"expiryDate\":null,\"enabled\":1,\"parentId\":null,\"fields\":{\"20\":\"\"}}', '2017-03-10 02:13:11', '2017-03-10 02:13:11', '71f3cf16-ddad-45bc-a273-c6cc08a2cddd'),
 ('174', '156', '5', '1', 'en_us', '1', NULL, '{\"typeId\":null,\"authorId\":\"1\",\"title\":\"2014 Chateau Gilette Les Justices Sauternes, France\",\"slug\":\"2014-chateau-gilette-les-justices-sauternes-france\",\"postDate\":1489112010,\"expiryDate\":null,\"enabled\":1,\"parentId\":null,\"fields\":{\"20\":\"\"}}', '2017-03-10 02:13:30', '2017-03-10 02:13:30', '79f8deb1-bfcd-4979-bcdd-d15044f8a83a'),
 ('175', '148', '5', '1', 'en_us', '2', NULL, '{\"typeId\":\"5\",\"authorId\":\"1\",\"title\":\"2015 L\'Insolite Chenin Blanc, Saumur, France\",\"slug\":\"linsolite-chenin-blanc-saumur-france\",\"postDate\":1489111683,\"expiryDate\":null,\"enabled\":\"1\",\"parentId\":null,\"fields\":{\"20\":\"\"}}', '2017-03-10 02:14:15', '2017-03-10 02:14:15', 'dfb6ec22-ca98-4437-918a-5f0fde23acaf'),
 ('176', '149', '5', '1', 'en_us', '2', NULL, '{\"typeId\":\"5\",\"authorId\":\"1\",\"title\":\"2013 Les Vignes Derri\\u00e8re Montagny 1er Cru, Burgundy, France\",\"slug\":\"les-vignes-derri\\u00e8re-montagny-1er-cru-burgundy-france\",\"postDate\":1489111718,\"expiryDate\":null,\"enabled\":\"1\",\"parentId\":null,\"fields\":{\"20\":\"\"}}', '2017-03-10 02:14:24', '2017-03-10 02:14:24', '22da4184-1a30-45f2-a1fb-0f5e28e38746'),
 ('177', '140', '4', '1', 'en_us', '2', '', '{\"typeId\":\"4\",\"authorId\":\"1\",\"title\":\"Wine List\",\"slug\":\"wine-list\",\"postDate\":1489111260,\"expiryDate\":null,\"enabled\":1,\"parentId\":null,\"fields\":{\"17\":{\"141\":{\"type\":\"menuGroupSet\",\"enabled\":\"1\",\"fields\":{\"menuGroupTitle\":\"White Wine\",\"menuGroupEntry\":[\"144\",\"143\",\"147\",\"156\",\"155\",\"153\",\"154\",\"152\",\"151\",\"150\",\"149\",\"148\",\"146\",\"145\"]}},\"142\":{\"type\":\"menuGroupSet\",\"enabled\":\"1\",\"fields\":{\"menuGroupTitle\":\"Red Wine\",\"menuGroupEntry\":\"\"}}}}}', '2017-03-10 02:14:30', '2017-03-10 02:14:30', '9e27e8ff-5c22-4ab3-a96f-8e3c73f1ba71'),
 ('178', '146', '5', '1', 'en_us', '2', NULL, '{\"typeId\":\"5\",\"authorId\":\"1\",\"title\":\"2013 La Roche B\\u00e9zigon Chenin Blanc, Loire, France\",\"slug\":\"2013-la-roche-b\\u00e9zigon-chenin-blanc-loire-france\",\"postDate\":1489111636,\"expiryDate\":null,\"enabled\":\"1\",\"parentId\":null,\"fields\":{\"20\":\"\"}}', '2017-03-10 02:16:16', '2017-03-10 02:16:16', '3710b7bb-ce69-41a4-a0ce-9fdeb9d43ad8'),
 ('179', '145', '5', '1', 'en_us', '2', NULL, '{\"typeId\":\"5\",\"authorId\":\"1\",\"title\":\"2014 Ulacia Getariako Txakolina, Getaria, Spain\",\"slug\":\"2014-ulacia-getariako-txakolina-getaria-spain\",\"postDate\":1489111500,\"expiryDate\":null,\"enabled\":\"1\",\"parentId\":null,\"fields\":{\"20\":\"\"}}', '2017-03-10 02:16:39', '2017-03-10 02:16:39', 'f03e1c8e-d113-47fd-8467-395691f43f95'),
 ('180', '144', '5', '1', 'en_us', '2', NULL, '{\"typeId\":\"5\",\"authorId\":\"1\",\"title\":\"2015 Leah Jorgensen Sauvignon Blanc, Rogue Valley, OR\",\"slug\":\"2015-leah-jorgensen-sauvignon-blanc-rogue-valley-or\",\"postDate\":1489111417,\"expiryDate\":null,\"enabled\":\"1\",\"parentId\":null,\"fields\":{\"20\":\"\"}}', '2017-03-10 02:16:44', '2017-03-10 02:16:44', '20a9abe8-20e0-4d7c-98c0-fdcebca6530d'),
 ('181', '143', '5', '1', 'en_us', '2', NULL, '{\"typeId\":\"5\",\"authorId\":\"1\",\"title\":\"2014 Nicolas Potel M\\u00e2con-Villages Blanc, M\\u00e2con, France\",\"slug\":\"2014-nicolas-potel-m\\u00e2con-villages-blanc-m\\u00e2con-france\",\"postDate\":1489111383,\"expiryDate\":null,\"enabled\":\"1\",\"parentId\":null,\"fields\":{\"20\":\"\"}}', '2017-03-10 02:16:47', '2017-03-10 02:16:47', 'f08ba314-68a2-40fc-9a65-84a08626af0b'),
 ('182', '157', '5', '1', 'en_us', '1', NULL, '{\"typeId\":null,\"authorId\":\"1\",\"title\":\"2010 Colli Euganei Rosso Riserva, Veneto, Italy\",\"slug\":\"2010-colli-euganei-rosso-riserva-veneto-italy\",\"postDate\":1489112246,\"expiryDate\":null,\"enabled\":1,\"parentId\":null,\"fields\":{\"20\":\"\"}}', '2017-03-10 02:17:26', '2017-03-10 02:17:26', '203efb4d-7f9f-400d-81d3-ae0c4b25c7a0'),
 ('183', '158', '5', '1', 'en_us', '1', NULL, '{\"typeId\":null,\"authorId\":\"1\",\"title\":\"2015 Leah Jorgensen \'Tour Rain\' Gamay\\/Cabernet Franc, Rogue Valley, OR\",\"slug\":\"2015-leah-jorgensen-tour-rain-gamay-cabernet-franc-rogue-valley-or\",\"postDate\":1489112296,\"expiryDate\":null,\"enabled\":1,\"parentId\":null,\"fields\":{\"20\":\"\"}}', '2017-03-10 02:18:16', '2017-03-10 02:18:16', '5a6808e6-1150-4a84-9812-8581a8ddf1b3'),
 ('184', '159', '5', '1', 'en_us', '1', NULL, '{\"typeId\":null,\"authorId\":\"1\",\"title\":\"2013 Francis Tannahill Pinot Noir, \'The Hermit\' Dundee Hills, OR\",\"slug\":\"2013-francis-tannahill-pinot-noir-the-hermit-dundee-hills-or\",\"postDate\":1489112323,\"expiryDate\":null,\"enabled\":1,\"parentId\":null,\"fields\":{\"20\":\"\"}}', '2017-03-10 02:18:43', '2017-03-10 02:18:43', 'bc48c02e-b51a-4f09-a84a-bd2a1dc2966c'),
 ('185', '160', '5', '1', 'en_us', '1', NULL, '{\"typeId\":null,\"authorId\":\"1\",\"title\":\"2013 Gilbert Cellars Left Bank Red, Columbia Valley, WA\",\"slug\":\"2013-gilbert-cellars-left-bank-red-columbia-valley-wa\",\"postDate\":1489112352,\"expiryDate\":null,\"enabled\":1,\"parentId\":null,\"fields\":{\"20\":\"\"}}', '2017-03-10 02:19:12', '2017-03-10 02:19:12', '0403b8a1-e671-4871-993a-3f4aa88cf5d9'),
 ('186', '161', '5', '1', 'en_us', '1', NULL, '{\"typeId\":null,\"authorId\":\"1\",\"title\":\"2012 Mullineaux Syrah, Swartland, South Africa\",\"slug\":\"2012-mullineaux-syrah-swartland-south-africa\",\"postDate\":1489112371,\"expiryDate\":null,\"enabled\":1,\"parentId\":null,\"fields\":{\"20\":\"\"}}', '2017-03-10 02:19:31', '2017-03-10 02:19:31', 'b1efe3fe-013c-4a92-a02b-80d32455e57d'),
 ('187', '162', '5', '1', 'en_us', '1', NULL, '{\"typeId\":null,\"authorId\":\"1\",\"title\":\"2010 CVNE Gran Reserva, Rioja, Spain\",\"slug\":\"2010-cvne-gran-reserva-rioja-spain\",\"postDate\":1489112387,\"expiryDate\":null,\"enabled\":1,\"parentId\":null,\"fields\":{\"20\":\"\"}}', '2017-03-10 02:19:47', '2017-03-10 02:19:47', 'b16637fb-ebed-444b-99ee-444bbe521987'),
 ('188', '163', '5', '1', 'en_us', '1', NULL, '{\"typeId\":null,\"authorId\":\"1\",\"title\":\"2015 Leah Jorgensen Southern Oregon Cabernet France, Rogue Valley, OR\",\"slug\":\"2015-leah-jorgensen-southern-oregon-cabernet-france-rogue-valley-or\",\"postDate\":1489112421,\"expiryDate\":null,\"enabled\":1,\"parentId\":null,\"fields\":{\"20\":\"\"}}', '2017-03-10 02:20:21', '2017-03-10 02:20:21', '314f9ffa-806f-48c4-a7b1-fd0df639485f'),
 ('189', '164', '5', '1', 'en_us', '1', NULL, '{\"typeId\":null,\"authorId\":\"1\",\"title\":\"2013 Woodward Canyon Cabernet Sauvignon, Columbia Valley, WA\",\"slug\":\"2013-woodward-canyon-cabernet-sauvignon-columbia-valley-wa\",\"postDate\":1489112445,\"expiryDate\":null,\"enabled\":1,\"parentId\":null,\"fields\":{\"20\":\"\"}}', '2017-03-10 02:20:45', '2017-03-10 02:20:45', '8c578bb4-6271-4c56-97de-828192f2f3f5'),
 ('190', '165', '5', '1', 'en_us', '1', NULL, '{\"typeId\":null,\"authorId\":\"1\",\"title\":\"2013 Darioush, Cabernet Sauvignon, Napa Valley, CA\",\"slug\":\"2013-darioush-cabernet-sauvignon-napa-valley-ca\",\"postDate\":1489112465,\"expiryDate\":null,\"enabled\":1,\"parentId\":null,\"fields\":{\"20\":\"\"}}', '2017-03-10 02:21:05', '2017-03-10 02:21:05', '4a524397-3dea-42dc-8d35-0fe0ed872c96'),
 ('191', '166', '5', '1', 'en_us', '1', NULL, '{\"typeId\":null,\"authorId\":\"1\",\"title\":\"2012 Figgins, Bordeaux Blend, Walla Walla, WA\",\"slug\":\"2012-figgins-bordeaux-blend-walla-walla-wa\",\"postDate\":1489112487,\"expiryDate\":null,\"enabled\":1,\"parentId\":null,\"fields\":{\"20\":\"\"}}', '2017-03-10 02:21:27', '2017-03-10 02:21:27', '0e6f9496-fc29-42c9-a9c6-afb6fbb4079b'),
 ('192', '167', '5', '1', 'en_us', '1', NULL, '{\"typeId\":null,\"authorId\":\"1\",\"title\":\"2011 Numanthia, Toro, Spain\",\"slug\":\"2011-numanthia-toro-spain\",\"postDate\":1489112503,\"expiryDate\":null,\"enabled\":1,\"parentId\":null,\"fields\":{\"20\":\"\"}}', '2017-03-10 02:21:43', '2017-03-10 02:21:43', 'c2c8cafd-faf0-4cce-aba1-9a6c47db6fe3'),
 ('193', '168', '5', '1', 'en_us', '1', NULL, '{\"typeId\":null,\"authorId\":\"1\",\"title\":\"2010 Principiano Barolo, Italy\",\"slug\":\"2010-principiano-barolo-italy\",\"postDate\":1489112516,\"expiryDate\":null,\"enabled\":1,\"parentId\":null,\"fields\":{\"20\":\"\"}}', '2017-03-10 02:21:56', '2017-03-10 02:21:56', 'badd5e0e-647e-4eb4-bb8d-234e2425ee61'),
 ('194', '169', '5', '1', 'en_us', '1', NULL, '{\"typeId\":null,\"authorId\":\"1\",\"title\":\"2013 Continuum Napa Valley, CA\",\"slug\":\"2013-continuum-napa-valley-ca\",\"postDate\":1489112538,\"expiryDate\":null,\"enabled\":1,\"parentId\":null,\"fields\":{\"20\":\"\"}}', '2017-03-10 02:22:18', '2017-03-10 02:22:18', 'b449baed-c535-4db1-b7da-eb7fa847f48b'),
 ('195', '140', '4', '1', 'en_us', '3', '', '{\"typeId\":\"4\",\"authorId\":\"1\",\"title\":\"Wine List\",\"slug\":\"wine-list\",\"postDate\":1489111260,\"expiryDate\":null,\"enabled\":1,\"parentId\":null,\"fields\":{\"17\":{\"141\":{\"type\":\"menuGroupSet\",\"enabled\":\"1\",\"fields\":{\"menuGroupTitle\":\"White Wine\",\"menuGroupEntry\":[\"144\",\"143\",\"147\",\"156\",\"155\",\"153\",\"154\",\"152\",\"151\",\"150\",\"149\",\"148\",\"146\",\"145\"]}},\"142\":{\"type\":\"menuGroupSet\",\"enabled\":\"1\",\"fields\":{\"menuGroupTitle\":\"Red Wine\",\"menuGroupEntry\":[\"157\",\"158\",\"165\",\"164\",\"163\",\"162\",\"161\",\"160\",\"159\",\"169\",\"168\",\"167\",\"166\"]}}}}}', '2017-03-10 02:23:38', '2017-03-10 02:23:38', '8fae05dd-5573-4843-9c45-0f4833614aa4'),
 ('196', '140', '4', '1', 'en_us', '4', '', '{\"typeId\":\"4\",\"authorId\":\"1\",\"title\":\"wine list\",\"slug\":\"wine-list\",\"postDate\":1489111260,\"expiryDate\":null,\"enabled\":1,\"parentId\":null,\"fields\":{\"17\":{\"141\":{\"type\":\"menuGroupSet\",\"enabled\":\"1\",\"fields\":{\"menuGroupTitle\":\"White Wine\",\"menuGroupEntry\":[\"144\",\"143\",\"147\",\"156\",\"155\",\"153\",\"154\",\"152\",\"151\",\"150\",\"149\",\"148\",\"146\",\"145\"]}},\"142\":{\"type\":\"menuGroupSet\",\"enabled\":\"1\",\"fields\":{\"menuGroupTitle\":\"Red Wine\",\"menuGroupEntry\":[\"157\",\"158\",\"165\",\"164\",\"163\",\"162\",\"161\",\"160\",\"159\",\"169\",\"168\",\"167\",\"166\"]}}}}}', '2017-03-10 02:25:25', '2017-03-10 02:25:25', '07080ef3-f63b-4893-8d73-37249cb4335f'),
 ('197', '170', '5', '1', 'en_us', '1', NULL, '{\"typeId\":null,\"authorId\":\"1\",\"title\":\"Port Brewing Wipeout IPA\",\"slug\":\"port-brewing-wipeout-ipa\",\"postDate\":1489112751,\"expiryDate\":null,\"enabled\":1,\"parentId\":null,\"fields\":{\"20\":\"\"}}', '2017-03-10 02:25:51', '2017-03-10 02:25:51', '55ef59c4-c67a-423a-85ec-c33560e5ac21'),
 ('198', '171', '5', '1', 'en_us', '1', NULL, '{\"typeId\":null,\"authorId\":\"1\",\"title\":\"Pfriem Brewing Pilsner\",\"slug\":\"pfriem-brewing-pilsner\",\"postDate\":1489112780,\"expiryDate\":null,\"enabled\":1,\"parentId\":null,\"fields\":{\"20\":\"\"}}', '2017-03-10 02:26:20', '2017-03-10 02:26:20', '435d2cf8-f463-4034-aaff-6d556f490660'),
 ('199', '172', '5', '1', 'en_us', '1', NULL, '{\"typeId\":null,\"authorId\":\"1\",\"title\":\"Avery Liliko\'i Kepolo Wit\",\"slug\":\"avery-lilikoi-kepolo-wit\",\"postDate\":1489112826,\"expiryDate\":null,\"enabled\":1,\"parentId\":null,\"fields\":{\"20\":\"\"}}', '2017-03-10 02:27:06', '2017-03-10 02:27:06', '978546de-af9a-4147-9403-43c5529b6b28'),
 ('200', '173', '5', '1', 'en_us', '1', NULL, '{\"typeId\":null,\"authorId\":\"1\",\"title\":\"Anderson Valley Barney Flats Oatmeal Stout\",\"slug\":\"anderson-valley-barney-flats-oatmeal-stout\",\"postDate\":1489112843,\"expiryDate\":null,\"enabled\":1,\"parentId\":null,\"fields\":{\"20\":\"\"}}', '2017-03-10 02:27:23', '2017-03-10 02:27:23', '06d9619d-5bed-4ab5-b03d-2f83db12c6a1'),
 ('201', '174', '5', '1', 'en_us', '1', NULL, '{\"typeId\":null,\"authorId\":\"1\",\"title\":\"Dogfish Head Brewing Burton Baton\",\"slug\":\"dogfish-head-brewing-burton-baton\",\"postDate\":1489112862,\"expiryDate\":null,\"enabled\":1,\"parentId\":null,\"fields\":{\"20\":\"\"}}', '2017-03-10 02:27:42', '2017-03-10 02:27:42', 'd255b75f-3a3f-484b-a274-5abd0976d61c'),
 ('202', '15', '4', '1', 'en_us', '10', '', '{\"typeId\":\"4\",\"authorId\":\"1\",\"title\":\"beverage\",\"slug\":\"breakfast\",\"postDate\":1488667620,\"expiryDate\":null,\"enabled\":1,\"parentId\":null,\"fields\":{\"17\":{\"19\":{\"type\":\"menuGroupSet\",\"enabled\":\"1\",\"fields\":{\"menuGroupTitle\":\"signature cocktails - $13.00\",\"menuGroupEntry\":[\"107\",\"106\",\"108\",\"110\",\"109\",\"112\",\"111\",\"113\"]}},\"138\":{\"type\":\"menuGroupSet\",\"enabled\":\"1\",\"fields\":{\"menuGroupTitle\":\"wine by the glass  gl\\/btl\",\"menuGroupEntry\":[\"137\",\"136\",\"135\",\"134\",\"133\",\"132\",\"131\",\"130\",\"129\",\"128\",\"127\",\"126\",\"125\"]}},\"139\":{\"type\":\"menuGroupSet\",\"enabled\":\"1\",\"fields\":{\"menuGroupTitle\":\"draught, bottle, and can\",\"menuGroupEntry\":[\"174\",\"173\",\"172\",\"171\",\"170\"]}}}}}', '2017-03-10 02:28:02', '2017-03-10 02:28:02', '8b3cc92d-fb26-421b-ab87-40e872918913'),
 ('203', '15', '4', '1', 'en_us', '11', '', '{\"typeId\":\"4\",\"authorId\":\"1\",\"title\":\"beverage\",\"slug\":\"breakfast\",\"postDate\":1488667620,\"expiryDate\":null,\"enabled\":1,\"parentId\":null,\"fields\":{\"17\":{\"19\":{\"type\":\"menuGroupSet\",\"enabled\":\"1\",\"fields\":{\"menuGroupTitle\":\"signature cocktails - $13.00\",\"menuGroupEntry\":[\"107\",\"106\",\"108\",\"110\",\"109\",\"112\",\"111\",\"113\"]}},\"138\":{\"type\":\"menuGroupSet\",\"enabled\":\"1\",\"fields\":{\"menuGroupTitle\":\"wine by the glass  gl\\/btl\",\"menuGroupEntry\":[\"137\",\"136\",\"135\",\"131\",\"134\",\"132\",\"130\",\"133\",\"129\",\"128\",\"127\",\"126\",\"125\"]}},\"139\":{\"type\":\"menuGroupSet\",\"enabled\":\"1\",\"fields\":{\"menuGroupTitle\":\"draught, bottle, and can\",\"menuGroupEntry\":[\"174\",\"173\",\"172\",\"171\",\"170\"]}}}}}', '2017-03-10 02:32:45', '2017-03-10 02:32:45', '73ffc284-6ec7-4546-960e-91fc55440365'),
 ('204', '174', '5', '1', 'en_us', '2', '', '{\"typeId\":\"5\",\"authorId\":\"1\",\"title\":\"Dogfish Head Brewing Burton Baton\",\"slug\":\"dogfish-head-brewing-burton-baton\",\"postDate\":1489112820,\"expiryDate\":null,\"enabled\":1,\"parentId\":null,\"fields\":{\"20\":\"10\"}}', '2017-03-10 03:00:58', '2017-03-10 03:00:58', '24ca04b4-b295-4418-a9fc-ccbd27410fe0'),
 ('205', '172', '5', '1', 'en_us', '2', '', '{\"typeId\":\"5\",\"authorId\":\"1\",\"title\":\"Avery Liliko\'i Kepolo Wit\",\"slug\":\"avery-lilikoi-kepolo-wit\",\"postDate\":1489112820,\"expiryDate\":null,\"enabled\":1,\"parentId\":null,\"fields\":{\"20\":\"7\"}}', '2017-03-10 03:01:04', '2017-03-10 03:01:04', '41111b80-dbe8-47f7-a865-af703ac4934d'),
 ('206', '173', '5', '1', 'en_us', '2', '', '{\"typeId\":\"5\",\"authorId\":\"1\",\"title\":\"Anderson Valley Barney Flats Oatmeal Stout\",\"slug\":\"anderson-valley-barney-flats-oatmeal-stout\",\"postDate\":1489112820,\"expiryDate\":null,\"enabled\":1,\"parentId\":null,\"fields\":{\"20\":\"7\"}}', '2017-03-10 03:01:12', '2017-03-10 03:01:12', '3c8790b7-0a06-48b2-9ef6-791d2313d400'),
 ('207', '171', '5', '1', 'en_us', '2', '', '{\"typeId\":\"5\",\"authorId\":\"1\",\"title\":\"Pfriem Brewing Pilsner\",\"slug\":\"pfriem-brewing-pilsner\",\"postDate\":1489112760,\"expiryDate\":null,\"enabled\":1,\"parentId\":null,\"fields\":{\"20\":\"7\"}}', '2017-03-10 03:01:16', '2017-03-10 03:01:16', '866aebbd-d73e-4dcc-bfd6-d34ef5c5555d'),
 ('208', '170', '5', '1', 'en_us', '2', '', '{\"typeId\":\"5\",\"authorId\":\"1\",\"title\":\"Port Brewing Wipeout IPA\",\"slug\":\"port-brewing-wipeout-ipa\",\"postDate\":1489112700,\"expiryDate\":null,\"enabled\":1,\"parentId\":null,\"fields\":{\"20\":\"7\"}}', '2017-03-10 03:01:21', '2017-03-10 03:01:21', '613054d7-cb45-482c-a4b5-727f03eb8a21'),
 ('209', '134', '5', '1', 'en_us', '2', '', '{\"typeId\":\"5\",\"authorId\":\"1\",\"title\":\"2015 Los Cucos de la Alberquilla, Cabernet Sauvignon, Jumilla, Spain\",\"slug\":\"los-cucos-de-la-alberquilla-cabernet-sauvignon-jumilla-spain\",\"postDate\":1489109940,\"expiryDate\":null,\"enabled\":1,\"parentId\":null,\"fields\":{\"20\":\"12\\/44\"}}', '2017-03-10 03:01:43', '2017-03-10 03:01:43', '77428d98-dfdd-4f66-8242-ec433929fa73'),
 ('210', '133', '5', '1', 'en_us', '2', '', '{\"typeId\":\"5\",\"authorId\":\"1\",\"title\":\"2015 Ch\\u00e2teau Thivin Beaujolais Villages ros\\u00e9\",\"slug\":\"ch\\u00e2teau-thivin-beaujolais-villages-ros\\u00e9\",\"postDate\":1489109940,\"expiryDate\":null,\"enabled\":1,\"parentId\":null,\"fields\":{\"20\":\"12\\/44\"}}', '2017-03-10 03:01:54', '2017-03-10 03:01:54', '6567670b-ea37-4821-b840-3e638f29fd17'),
 ('211', '2', '1', '1', 'en_us', '15', '', '{\"typeId\":null,\"authorId\":null,\"title\":\"MBAR Seattle\",\"slug\":\"homepage\",\"postDate\":1488661519,\"expiryDate\":null,\"enabled\":1,\"parentId\":null,\"fields\":{\"3\":{\"4\":{\"type\":\"hero\",\"enabled\":\"1\",\"fields\":{\"nav\":\"nav\",\"contactInformation\":\"\"}},\"5\":{\"type\":\"instagramFeed\",\"enabled\":\"1\",\"fields\":{\"instagramUserId\":\"1234\"}},\"6\":{\"type\":\"menu\",\"enabled\":\"1\",\"fields\":{\"menuCategory\":\"category\"}},\"9\":{\"type\":\"findUs\",\"enabled\":\"1\",\"fields\":{\"youtubeUrl\":\"<iframe width=\\\"680\\\" height=\\\"381\\\" src=\\\"https:\\/\\/www.youtube.com\\/watch?v=bVDfmn_TMkI\\\" frameborder=\\\"0\\\" allowfullscreen><\\/iframe>\",\"googleMapsUrl\":\"<iframe src=\\\"https:\\/\\/www.google.com\\/maps\\/embed?pb=!1m18!1m12!1m3!1d2689.184385013476!2d-122.33610738436896!3d47.622546979185586!2m3!1f0!2f0!3f0!3m2!1i1024!2i768!4f13.1!3m3!1m2!1s0x5490153730e9f873%3A0x325c1d7191a859d2!2sMBar!5e0!3m2!1sen!2sus!4v1488138274430\\\" width=\\\"680\\\" height=\\\"381\\\" frameborder=\\\"0\\\" style=\\\"border:0\\\" allowfullscreen><\\/iframe>\"}},\"10\":{\"type\":\"eventsBooking\",\"enabled\":\"1\",\"fields\":{\"eventsBookingTitle\":\"events booking\",\"eventsbookingDescription\":\"Events Booking Lorem ipsum dolor sit amet, consectetuer adipiscing elit, sed diam nonummy nibh euismod tincidunt ut laoreet dolore magna aliquam erat volutpat. Ut wisi enim ad minim veniam, quisaliquam erat volutpatLorem ipsum dolor sit amet, consectetuer adipiscing elit.\"}},\"7\":{\"type\":\"ourFamily\",\"enabled\":\"1\",\"fields\":{\"familyTitle\":\"family\"}},\"8\":{\"type\":\"media\",\"enabled\":\"1\",\"fields\":{\"mediaTitle\":\"media\"}},\"46\":{\"type\":\"about\",\"enabled\":\"1\",\"fields\":{\"aboutUsTitle\":\"about us\"}}}}}', '2017-03-10 03:07:26', '2017-03-10 03:07:26', 'dab76178-b9c0-453d-8aed-d06b35c26487'),
 ('212', '2', '1', '1', 'en_us', '16', '', '{\"typeId\":null,\"authorId\":null,\"title\":\"MBAR Seattle\",\"slug\":\"homepage\",\"postDate\":1488661519,\"expiryDate\":null,\"enabled\":1,\"parentId\":null,\"fields\":{\"3\":{\"4\":{\"type\":\"hero\",\"enabled\":\"1\",\"fields\":{\"nav\":\"nav\",\"contactInformation\":\"\"}},\"5\":{\"type\":\"instagramFeed\",\"enabled\":\"1\",\"fields\":{\"instagramUserId\":\"1234\"}},\"6\":{\"type\":\"menu\",\"enabled\":\"1\",\"fields\":{\"menuCategory\":\"category\"}},\"9\":{\"type\":\"findUs\",\"enabled\":\"1\",\"fields\":{\"youtubeUrl\":\"<iframe width=\\\"560\\\" height=\\\"315\\\" src=\\\"https:\\/\\/www.youtube.com\\/embed\\/bVDfmn_TMkI\\\" frameborder=\\\"0\\\" allowfullscreen><\\/iframe>\",\"googleMapsUrl\":\"<iframe src=\\\"https:\\/\\/www.google.com\\/maps\\/embed?pb=!1m18!1m12!1m3!1d2689.184385013476!2d-122.33610738436896!3d47.622546979185586!2m3!1f0!2f0!3f0!3m2!1i1024!2i768!4f13.1!3m3!1m2!1s0x5490153730e9f873%3A0x325c1d7191a859d2!2sMBar!5e0!3m2!1sen!2sus!4v1488138274430\\\" width=\\\"680\\\" height=\\\"381\\\" frameborder=\\\"0\\\" style=\\\"border:0\\\" allowfullscreen><\\/iframe>\"}},\"10\":{\"type\":\"eventsBooking\",\"enabled\":\"1\",\"fields\":{\"eventsBookingTitle\":\"events booking\",\"eventsbookingDescription\":\"Events Booking Lorem ipsum dolor sit amet, consectetuer adipiscing elit, sed diam nonummy nibh euismod tincidunt ut laoreet dolore magna aliquam erat volutpat. Ut wisi enim ad minim veniam, quisaliquam erat volutpatLorem ipsum dolor sit amet, consectetuer adipiscing elit.\"}},\"7\":{\"type\":\"ourFamily\",\"enabled\":\"1\",\"fields\":{\"familyTitle\":\"family\"}},\"8\":{\"type\":\"media\",\"enabled\":\"1\",\"fields\":{\"mediaTitle\":\"media\"}},\"46\":{\"type\":\"about\",\"enabled\":\"1\",\"fields\":{\"aboutUsTitle\":\"about us\"}}}}}', '2017-03-10 03:12:21', '2017-03-10 03:12:21', '3c5a7696-3394-4138-90cc-d9f12b5fed9d'),
 ('213', '91', '16', '1', 'en_us', '3', '', '{\"typeId\":\"16\",\"authorId\":\"1\",\"title\":\"Seattle Met\",\"slug\":\"seattle-metro\",\"postDate\":1488736980,\"expiryDate\":null,\"enabled\":1,\"parentId\":\"\",\"fields\":{\"1\":\"<p>Seattle Met Review January 2017<\\/p>\",\"21\":[\"44\"],\"31\":\"Seattle Met Review\",\"30\":\"https:\\/\\/www.seattlemet.com\\/articles\\/2017\\/1\\/19\\/the-unusual-way-jason-stratton-conceives-mbar-s-menu\"}}', '2017-03-10 03:15:20', '2017-03-10 03:15:20', '4cd91427-bb1c-465c-bcdc-dd48b95a31a0'),
 ('214', '15', '4', '1', 'en_us', '12', '', '{\"typeId\":\"4\",\"authorId\":\"1\",\"title\":\"beverage\",\"slug\":\"breakfast\",\"postDate\":1488667620,\"expiryDate\":null,\"enabled\":1,\"parentId\":null,\"fields\":{\"17\":{\"19\":{\"type\":\"menuGroupSet\",\"enabled\":\"1\",\"fields\":{\"menuGroupTitle\":\"signature cocktails - $13.00\",\"menuGroupEntry\":[\"107\",\"106\",\"108\",\"110\",\"109\",\"112\",\"111\",\"113\"]}},\"138\":{\"type\":\"menuGroupSet\",\"enabled\":\"1\",\"fields\":{\"menuGroupTitle\":\"wine by the glass  gl\\/btl\",\"menuGroupEntry\":[\"137\",\"136\",\"135\",\"131\",\"134\",\"132\",\"130\",\"133\",\"129\",\"128\",\"127\",\"126\",\"125\"]}},\"139\":{\"type\":\"menuGroupSet\",\"enabled\":\"1\",\"fields\":{\"menuGroupTitle\":\"draught, bottle, and can\",\"menuGroupEntry\":[\"174\",\"173\",\"172\",\"171\",\"170\"]}}}}}', '2017-03-10 03:38:41', '2017-03-10 03:38:41', '6efacf84-43e9-4585-81d9-a7920d196eef'),
 ('215', '2', '1', '1', 'en_us', '17', '', '{\"typeId\":null,\"authorId\":null,\"title\":\"MBAR Seattle\",\"slug\":\"homepage\",\"postDate\":1488661519,\"expiryDate\":null,\"enabled\":1,\"parentId\":null,\"fields\":{\"3\":{\"4\":{\"type\":\"hero\",\"enabled\":\"1\",\"fields\":{\"nav\":\"nav\",\"contactInformation\":\"\"}},\"5\":{\"type\":\"instagramFeed\",\"enabled\":\"1\",\"fields\":{\"instagramUserId\":\"1234\"}},\"6\":{\"type\":\"menu\",\"enabled\":\"1\",\"fields\":{\"menuCategory\":\"category\"}},\"9\":{\"type\":\"findUs\",\"enabled\":\"1\",\"fields\":{\"youtubeUrl\":\"<iframe width=\\\"560\\\" height=\\\"315\\\" src=\\\"https:\\/\\/www.youtube.com\\/embed\\/bVDfmn_TMkI\\\" frameborder=\\\"0\\\" allowfullscreen><\\/iframe>\",\"googleMapsUrl\":\"<iframe id=\\\"map_canvas1\\\" src=\\\"https:\\/\\/www.google.com\\/maps\\/embed?pb=!1m18!1m12!1m3!1d2689.184385013476!2d-122.33610738436896!3d47.622546979185586!2m3!1f0!2f0!3f0!3m2!1i1024!2i768!4f13.1!3m3!1m2!1s0x5490153730e9f873%3A0x325c1d7191a859d2!2sMBar!5e0!3m2!1sen!2sus!4v1488138274430\\\" width=\\\"680\\\" height=\\\"381\\\" frameborder=\\\"0\\\" style=\\\"border:0; margin-top: -150px;\\\" allowfullscreen><\\/iframe>\"}},\"10\":{\"type\":\"eventsBooking\",\"enabled\":\"1\",\"fields\":{\"eventsBookingTitle\":\"events booking\",\"eventsbookingDescription\":\"Events Booking Lorem ipsum dolor sit amet, consectetuer adipiscing elit, sed diam nonummy nibh euismod tincidunt ut laoreet dolore magna aliquam erat volutpat. Ut wisi enim ad minim veniam, quisaliquam erat volutpatLorem ipsum dolor sit amet, consectetuer adipiscing elit.\"}},\"7\":{\"type\":\"ourFamily\",\"enabled\":\"1\",\"fields\":{\"familyTitle\":\"family\"}},\"8\":{\"type\":\"media\",\"enabled\":\"1\",\"fields\":{\"mediaTitle\":\"media\"}},\"46\":{\"type\":\"about\",\"enabled\":\"1\",\"fields\":{\"aboutUsTitle\":\"about us\"}}}}}', '2017-03-11 01:35:46', '2017-03-11 01:35:46', '18b053df-c4af-4c98-a45a-e160b8750aba'),
 ('218', '201', '9', '1', 'en_us', '1', '', '{\"typeId\":null,\"authorId\":\"1\",\"title\":\"Rainbow Chair\",\"slug\":\"rainbow-chair\",\"postDate\":1489615100,\"expiryDate\":null,\"enabled\":1,\"parentId\":\"\",\"fields\":{\"1\":\"\",\"21\":[\"191\"]}}', '2017-03-15 21:58:20', '2017-03-15 21:58:20', '814b8d65-61b3-4abd-a2b6-a3d648696b63'),
 ('219', '201', '9', '1', 'en_us', '2', '', '{\"typeId\":\"9\",\"authorId\":\"1\",\"title\":\"Rainbow Chair\",\"slug\":\"rainbow-chair\",\"postDate\":1489615080,\"expiryDate\":null,\"enabled\":1,\"parentId\":\"\",\"fields\":{\"1\":\"\",\"21\":[\"191\"]}}', '2017-03-15 21:58:28', '2017-03-15 21:58:28', '433432d9-7f9f-415a-91a5-f890f89e0d48'),
 ('220', '2', '1', '1', 'en_us', '18', '', '{\"typeId\":null,\"authorId\":null,\"title\":\"MBAR Seattle\",\"slug\":\"homepage\",\"postDate\":1488661519,\"expiryDate\":null,\"enabled\":1,\"parentId\":null,\"fields\":{\"3\":{\"4\":{\"type\":\"hero\",\"enabled\":\"1\",\"fields\":{\"nav\":\"nav\",\"contactInformation\":\"\"}},\"5\":{\"type\":\"instagramFeed\",\"enabled\":\"1\",\"fields\":{\"instagramUserId\":\"1234\"}},\"6\":{\"type\":\"menu\",\"enabled\":\"1\",\"fields\":{\"menuCategory\":\"category\"}},\"9\":{\"type\":\"findUs\",\"enabled\":\"1\",\"fields\":{\"youtubeUrl\":\"<iframe width=\\\"560\\\" height=\\\"315\\\" src=\\\"https:\\/\\/www.youtube.com\\/embed\\/bVDfmn_TMkI\\\" frameborder=\\\"0\\\" allowfullscreen><\\/iframe>\",\"googleMapsUrl\":\"<iframe id=\\\"map_canvas1\\\" src=\\\"https:\\/\\/www.google.com\\/maps\\/embed?pb=!1m18!1m12!1m3!1d2689.184385013476!2d-122.33610738436896!3d47.622546979185586!2m3!1f0!2f0!3f0!3m2!1i1024!2i768!4f13.1!3m3!1m2!1s0x5490153730e9f873%3A0x325c1d7191a859d2!2sMBar!5e0!3m2!1sen!2sus!4v1488138274430\\\" width=\\\"680\\\" height=\\\"381\\\" frameborder=\\\"0\\\" style=\\\"border:0; margin-top: -150px;\\\" allowfullscreen><\\/iframe>\"}},\"10\":{\"type\":\"eventsBooking\",\"enabled\":\"1\",\"fields\":{\"eventsBookingTitle\":\"events booking\",\"eventsbookingDescription\":\"Please fill out the inquiry form and our event planner will reach out to you within 48 hours\"}},\"7\":{\"type\":\"ourFamily\",\"enabled\":\"1\",\"fields\":{\"familyTitle\":\"family\"}},\"8\":{\"type\":\"media\",\"enabled\":\"1\",\"fields\":{\"mediaTitle\":\"media\"}},\"46\":{\"type\":\"about\",\"enabled\":\"1\",\"fields\":{\"aboutUsTitle\":\"about us\"}}}}}', '2017-03-15 22:01:35', '2017-03-15 22:01:35', '5389d785-4564-468d-bcca-0a3c74a587a5'),
 ('221', '2', '1', '1', 'en_us', '19', '', '{\"typeId\":null,\"authorId\":null,\"title\":\"MBAR Seattle\",\"slug\":\"homepage\",\"postDate\":1488661519,\"expiryDate\":null,\"enabled\":1,\"parentId\":null,\"fields\":{\"3\":{\"4\":{\"type\":\"hero\",\"enabled\":\"1\",\"fields\":{\"nav\":\"nav\",\"contactInformation\":\"\"}},\"6\":{\"type\":\"menu\",\"enabled\":\"1\",\"fields\":{\"menuCategory\":\"category\"}},\"9\":{\"type\":\"findUs\",\"enabled\":\"1\",\"fields\":{\"youtubeUrl\":\"<iframe width=\\\"560\\\" height=\\\"315\\\" src=\\\"https:\\/\\/www.youtube.com\\/embed\\/bVDfmn_TMkI\\\" frameborder=\\\"0\\\" allowfullscreen><\\/iframe>\",\"googleMapsUrl\":\"<iframe id=\\\"map_canvas1\\\" src=\\\"https:\\/\\/www.google.com\\/maps\\/embed?pb=!1m18!1m12!1m3!1d2689.184385013476!2d-122.33610738436896!3d47.622546979185586!2m3!1f0!2f0!3f0!3m2!1i1024!2i768!4f13.1!3m3!1m2!1s0x5490153730e9f873%3A0x325c1d7191a859d2!2sMBar!5e0!3m2!1sen!2sus!4v1488138274430\\\" width=\\\"680\\\" height=\\\"381\\\" frameborder=\\\"0\\\" style=\\\"border:0; margin-top: -150px;\\\" allowfullscreen><\\/iframe>\"}},\"10\":{\"type\":\"eventsBooking\",\"enabled\":\"1\",\"fields\":{\"eventsBookingTitle\":\"events booking\",\"eventsbookingDescription\":\"Please fill out the inquiry form and our event planner will reach out to you within 48 hours\"}},\"7\":{\"type\":\"ourFamily\",\"enabled\":\"1\",\"fields\":{\"familyTitle\":\"family\"}},\"8\":{\"type\":\"media\",\"enabled\":\"1\",\"fields\":{\"mediaTitle\":\"media\"}},\"46\":{\"type\":\"about\",\"enabled\":\"1\",\"fields\":{\"aboutUsTitle\":\"about us\"}}}}}', '2017-03-16 01:58:58', '2017-03-16 01:58:58', '1c109c3c-6607-47bc-aeff-ce17158ed964'),
 ('222', '2', '1', '1', 'en_us', '20', '', '{\"typeId\":null,\"authorId\":null,\"title\":\"MBAR Seattle\",\"slug\":\"homepage\",\"postDate\":1488661519,\"expiryDate\":null,\"enabled\":1,\"parentId\":null,\"fields\":{\"3\":{\"4\":{\"type\":\"hero\",\"enabled\":\"1\",\"fields\":{\"nav\":\"nav\",\"contactInformation\":\"\"}},\"6\":{\"type\":\"menu\",\"enabled\":\"1\",\"fields\":{\"menuCategory\":\"category\"}},\"9\":{\"type\":\"findUs\",\"enabled\":\"1\",\"fields\":{\"youtubeUrl\":\"<iframe width=\\\"560\\\" height=\\\"315\\\" src=\\\"https:\\/\\/www.youtube.com\\/embed\\/bVDfmn_TMkI\\\" frameborder=\\\"0\\\" allowfullscreen><\\/iframe>\",\"googleMapsUrl\":\"<iframe id=\\\"map_canvas1\\\" src=\\\"https:\\/\\/www.google.com\\/maps\\/embed?pb=!1m18!1m12!1m3!1d2689.184385013476!2d-122.33610738436896!3d47.622546979185586!2m3!1f0!2f0!3f0!3m2!1i1024!2i768!4f13.1!3m3!1m2!1s0x5490153730e9f873%3A0x325c1d7191a859d2!2sMBar!5e0!3m2!1sen!2sus!4v1488138274430\\\" width=\\\"680\\\" height=\\\"381\\\" frameborder=\\\"0\\\" style=\\\"border:0; margin-top: -150px;\\\" allowfullscreen><\\/iframe>\"}},\"46\":{\"type\":\"about\",\"enabled\":\"1\",\"fields\":{\"aboutUsTitle\":\"about us\"}},\"10\":{\"type\":\"eventsBooking\",\"enabled\":\"1\",\"fields\":{\"eventsBookingTitle\":\"events booking\",\"eventsbookingDescription\":\"Please fill out the inquiry form and our event planner will reach out to you within 48 hours\"}},\"7\":{\"type\":\"ourFamily\",\"enabled\":\"1\",\"fields\":{\"familyTitle\":\"family\"}},\"8\":{\"type\":\"media\",\"enabled\":\"1\",\"fields\":{\"mediaTitle\":\"media\"}}}}}', '2017-03-16 21:58:29', '2017-03-16 21:58:29', '8a79c48b-a016-4525-b3bf-d30900f0ccb5'),
 ('223', '78', '13', '1', 'en_us', '2', '', '{\"typeId\":\"13\",\"authorId\":\"1\",\"title\":\"schedule items\",\"slug\":\"schedule-items\",\"postDate\":1488734640,\"expiryDate\":null,\"enabled\":1,\"parentId\":null,\"fields\":{\"26\":\"<p>tuesday\\/wednesday 4-9 &nbsp; thursday 4-11 &nbsp; friday 4-11 &nbsp; saturday 5-11 &nbsp; sunday 5-9<\\/p>\",\"27\":\"<p>Happy Hour 4-6 (on patio weather permitting)<\\/p>\",\"28\":\"400 Fairview Ave N, Seattle, WA 98109\"}}', '2017-03-17 20:41:10', '2017-03-17 20:41:10', 'f40e4da2-791b-40dc-b216-ce3340aff2c0'),
 ('224', '65', '10', '1', 'en_us', '3', '', '{\"typeId\":\"10\",\"authorId\":\"1\",\"title\":\"facebook\",\"slug\":\"facebook\",\"postDate\":1488685080,\"expiryDate\":null,\"enabled\":1,\"parentId\":\"\",\"fields\":{\"21\":[\"64\"],\"22\":\"https:\\/\\/www.facebook.com\\/mbarseattle\\/\"}}', '2017-03-20 19:15:24', '2017-03-20 19:15:24', 'da1adc3e-4119-4a1b-9990-676a1cf1da46'),
 ('225', '62', '10', '1', 'en_us', '3', '', '{\"typeId\":\"10\",\"authorId\":\"1\",\"title\":\"instagram\",\"slug\":\"instagram\",\"postDate\":1488685080,\"expiryDate\":null,\"enabled\":1,\"parentId\":\"\",\"fields\":{\"21\":[\"61\"],\"22\":\"https:\\/\\/www.instagram.com\\/mbarsea\\/\"}}', '2017-03-20 19:15:48', '2017-03-20 19:15:48', '70b56000-bb77-480a-8635-deea61ab528e'),
 ('226', '57', '10', '1', 'en_us', '3', '', '{\"typeId\":\"10\",\"authorId\":\"1\",\"title\":\"twitter\",\"slug\":\"twitter\",\"postDate\":1488684720,\"expiryDate\":null,\"enabled\":1,\"parentId\":\"\",\"fields\":{\"21\":[\"59\"],\"22\":\"https:\\/\\/twitter.com\\/mbarsea\"}}', '2017-03-20 19:16:10', '2017-03-20 19:16:10', '08d9507a-0ff7-4e96-b6d3-458191c14d8f'),
 ('231', '202', '9', '1', 'en_us', '1', '', '{\"typeId\":null,\"authorId\":\"1\",\"title\":\"Patio Shot\",\"slug\":\"patio-shot\",\"postDate\":1490051563,\"expiryDate\":null,\"enabled\":1,\"parentId\":\"\",\"fields\":{\"1\":\"\",\"21\":[\"186\"]}}', '2017-03-20 23:12:43', '2017-03-20 23:12:43', '5afe9a45-eead-4389-b366-41fa55efcce3'),
 ('234', '204', '17', '1', 'en_us', '1', '', '{\"typeId\":null,\"authorId\":\"1\",\"title\":\"Timed Announcement\",\"slug\":\"timed-announcement\",\"postDate\":1490386861,\"expiryDate\":null,\"enabled\":1,\"parentId\":null,\"fields\":{\"33\":\"This is an announcement\"}}', '2017-03-24 20:21:01', '2017-03-24 20:21:01', 'ccb0e571-4333-405b-92a0-a217a715908a'),
 ('235', '205', '15', '1', 'en_us', '1', '', '{\"typeId\":null,\"authorId\":\"1\",\"title\":\"Will\",\"slug\":\"will\",\"postDate\":1490395859,\"expiryDate\":null,\"enabled\":1,\"parentId\":\"\",\"fields\":{\"1\":\"<p>This is will\'s bio<\\/p>\",\"21\":[\"38\"]}}', '2017-03-24 22:50:59', '2017-03-24 22:50:59', '2cd6ccc2-eb9f-47c7-8443-80802d6494d2'),
 ('237', '55', '9', '1', 'en_us', '2', '', '{\"typeId\":\"9\",\"authorId\":\"1\",\"title\":\"Interior Dining Room Views\",\"slug\":\"slide-1\",\"postDate\":1488683460,\"expiryDate\":null,\"enabled\":1,\"parentId\":\"\",\"fields\":{\"1\":\"<p>Our dining room and interior bar overlook downtown Seattle, MoPop and Seattle Center, the Olympic Mountain Range, Queen Anne Hill, South Lake Union, and North Capitol Hill. &nbsp;Relax and enjoy the sunset early in the evening, or spend the twilight hours dining &nbsp;while encompassed by twinkling stars and city lights.<\\/p>\",\"21\":[\"51\"]}}', '2017-04-06 18:28:00', '2017-04-06 18:28:00', '3ddf07f9-26d3-4c51-98a0-049791ea1fc0'),
 ('238', '201', '9', '1', 'en_us', '3', '', '{\"typeId\":\"9\",\"authorId\":\"1\",\"title\":\"Rainbow Chair\",\"slug\":\"rainbow-chair\",\"postDate\":1489615080,\"expiryDate\":null,\"enabled\":1,\"parentId\":\"\",\"fields\":{\"1\":\"<p>Our heated and covered section of the patio makes for a fantastic outdoor experience no matter the weather. &nbsp;Whether it\'s raining sideways and thirty-five degrees, or blue skies and sunshine, the swinging rainbow egg will always be one of the most coveted seats in house. &nbsp;The covered section of the patio bar is also available for private parties! &nbsp;Please fill out the event request form below for more details. &nbsp;<em>*insider tip* - if you\'re still feeling a little chilly, we have a selection of handcrafted quilts by local artist, Joey Veltkamp, to keep you cozy.<\\/em><\\/p>\",\"21\":[\"191\"]}}', '2017-04-06 18:34:26', '2017-04-06 18:34:26', 'a00763e7-1579-4b9f-96af-b53f9e24f7e5'),
 ('239', '202', '9', '1', 'en_us', '2', '', '{\"typeId\":\"9\",\"authorId\":\"1\",\"title\":\"Patio Seaplane\",\"slug\":\"patio-shot\",\"postDate\":1490051520,\"expiryDate\":null,\"enabled\":1,\"parentId\":\"\",\"fields\":{\"1\":\"<p>Enjoy unparalleled views of South Lake Union and sip a martini while watching Duck Dodge sailboat races. &nbsp;Quaff a beer and watch the seaplanes land. &nbsp;Or hangout by the fire and make some new friends!<\\/p>\",\"21\":[\"207\"]}}', '2017-04-06 19:39:49', '2017-04-06 19:39:49', 'ca1001bd-a1d7-41e6-ba4d-ea953d2f66b9'),
 ('240', '84', '14', '1', 'en_us', '2', '', '{\"typeId\":\"14\",\"authorId\":\"1\",\"title\":\"Egg\",\"slug\":\"slide-2\",\"postDate\":1488735480,\"expiryDate\":null,\"enabled\":1,\"parentId\":\"\",\"fields\":{\"21\":[\"208\"]}}', '2017-04-06 19:49:01', '2017-04-06 19:49:01', '6c112673-2dab-4d5f-bfdd-13568d7d99be'),
 ('241', '81', '14', '1', 'en_us', '2', '', '{\"typeId\":\"14\",\"authorId\":\"1\",\"title\":\"slide 1\",\"slug\":\"slide-1\",\"postDate\":1488735480,\"expiryDate\":null,\"enabled\":1,\"parentId\":\"\",\"fields\":{\"21\":[\"190\"]}}', '2017-04-06 19:51:31', '2017-04-06 19:51:31', '69c66eed-0950-43d8-95a7-c99e0cbfde3f'),
 ('242', '210', '14', '1', 'en_us', '1', '', '{\"typeId\":null,\"authorId\":\"1\",\"title\":\"Exterior Cover\",\"slug\":\"exterior-cover\",\"postDate\":1491508401,\"expiryDate\":null,\"enabled\":1,\"parentId\":\"\",\"fields\":{\"21\":[\"192\"]}}', '2017-04-06 19:53:21', '2017-04-06 19:53:21', 'bc626ad5-6a9f-4823-b18b-996cdfc613bb'),
 ('243', '88', '15', '1', 'en_us', '5', '', '{\"typeId\":\"15\",\"authorId\":\"1\",\"title\":\"Wassef Haroun\",\"slug\":\"wassef\",\"postDate\":1488736680,\"expiryDate\":null,\"enabled\":1,\"parentId\":\"\",\"fields\":{\"1\":\"<p>I&nbsp;AM&nbsp;WASSSSSEEEFFFF!<\\/p>\",\"21\":[\"38\"]}}', '2017-04-06 19:54:34', '2017-04-06 19:54:34', '8d1fcd65-1684-489f-b2a0-69c1b9d56312'),
 ('244', '89', '15', '1', 'en_us', '4', '', '{\"typeId\":\"15\",\"authorId\":\"1\",\"title\":\"Racha Haroun\",\"slug\":\"racha\",\"postDate\":1488736740,\"expiryDate\":null,\"enabled\":1,\"parentId\":\"\",\"fields\":{\"1\":\"<p>I actually run this place. &nbsp;Wassef just thinks he does.<\\/p>\",\"21\":[\"38\"]}}', '2017-04-06 19:54:53', '2017-04-06 19:54:53', '2cddfbec-3254-492d-890f-22723fb2ab28'),
 ('245', '92', '15', '1', 'en_us', '3', '', '{\"typeId\":\"15\",\"authorId\":\"1\",\"title\":\"Anais \\\"Ani\\\" Custer\",\"slug\":\"wassef\",\"postDate\":1488868980,\"expiryDate\":null,\"enabled\":1,\"parentId\":\"\",\"fields\":{\"1\":\"<p>Ani ani ani<\\/p>\",\"21\":[\"44\"]}}', '2017-04-06 19:55:11', '2017-04-06 19:55:11', '049fef4e-0d27-45b9-9775-ac257b8debe5'),
 ('246', '93', '15', '1', 'en_us', '3', '', '{\"typeId\":\"15\",\"authorId\":\"1\",\"title\":\"Jason Stratton - Executive Chef\",\"slug\":\"seattle\",\"postDate\":1488869040,\"expiryDate\":null,\"enabled\":1,\"parentId\":\"\",\"fields\":{\"1\":\"<p>New restaurant who dis?<\\/p>\",\"21\":[\"44\"]}}', '2017-04-06 19:55:40', '2017-04-06 19:55:40', '4df608b2-64d1-474e-bdcd-25a72316d824'),
 ('247', '88', '15', '1', 'en_us', '6', '', '{\"typeId\":\"15\",\"authorId\":\"1\",\"title\":\"Wassef Haroun - Owner\\/Tinkerer\",\"slug\":\"wassef\",\"postDate\":1488736680,\"expiryDate\":null,\"enabled\":1,\"parentId\":\"\",\"fields\":{\"1\":\"<p>I&nbsp;AM&nbsp;WASSSSSEEEFFFF!<\\/p>\",\"21\":[\"38\"]}}', '2017-04-06 19:56:01', '2017-04-06 19:56:01', 'ce4b9998-a482-44f9-ab73-82dce883f5f1'),
 ('248', '89', '15', '1', 'en_us', '5', '', '{\"typeId\":\"15\",\"authorId\":\"1\",\"title\":\"Racha Haroun - Owner\\/Hospitality Legend\",\"slug\":\"racha\",\"postDate\":1488736740,\"expiryDate\":null,\"enabled\":1,\"parentId\":\"\",\"fields\":{\"1\":\"<p>I actually run this place. &nbsp;Wassef just thinks he does.<\\/p>\",\"21\":[\"38\"]}}', '2017-04-06 19:56:20', '2017-04-06 19:56:20', '0f207831-332a-4d60-9ee1-bb8148e9afec');
INSERT INTO `craft_entryversions` (`id`, `entryId`, `sectionId`, `creatorId`, `locale`, `num`, `notes`, `data`, `dateCreated`, `dateUpdated`, `uid`) VALUES
 ('249', '89', '15', '1', 'en_us', '6', '', '{\"typeId\":\"15\",\"authorId\":\"1\",\"title\":\"Racha Haroun - Owner\\/Hospitality Baroness\",\"slug\":\"racha\",\"postDate\":1488736740,\"expiryDate\":null,\"enabled\":1,\"parentId\":\"\",\"fields\":{\"1\":\"<p>I actually run this place. &nbsp;Wassef just thinks he does.<\\/p>\",\"21\":[\"38\"]}}', '2017-04-06 19:56:29', '2017-04-06 19:56:29', '613570f2-5812-427b-8352-2e9fa4552312'),
 ('250', '92', '15', '1', 'en_us', '4', '', '{\"typeId\":\"15\",\"authorId\":\"1\",\"title\":\"Anais \\\"Ani\\\" Custer - General Manager\",\"slug\":\"wassef\",\"postDate\":1488868980,\"expiryDate\":null,\"enabled\":1,\"parentId\":\"\",\"fields\":{\"1\":\"<p>Ani ani ani<\\/p>\",\"21\":[\"44\"]}}', '2017-04-06 19:56:38', '2017-04-06 19:56:38', '4258d276-1c60-4ad0-b4d1-ccea0710f38d'),
 ('252', '95', '15', '1', 'en_us', '3', '', '{\"typeId\":\"15\",\"authorId\":\"1\",\"title\":\"Jon Clark - Beverage Director, Manager\",\"slug\":\"bellevue\",\"postDate\":1488869040,\"expiryDate\":null,\"enabled\":1,\"parentId\":\"\",\"fields\":{\"1\":\"<p>Hello this is the description<\\/p>\",\"21\":[\"44\"]}}', '2017-04-06 19:57:31', '2017-04-06 19:57:31', '809d17ff-bae0-4c9e-8afb-bbfc20e47b99'),
 ('253', '95', '15', '1', 'en_us', '4', '', '{\"typeId\":\"15\",\"authorId\":\"1\",\"title\":\"Jon Clark - Beverage Director, Hot Dog Afficionado\",\"slug\":\"bellevue\",\"postDate\":1488869040,\"expiryDate\":null,\"enabled\":1,\"parentId\":\"\",\"fields\":{\"1\":\"<p>Hello this is the description<\\/p>\",\"21\":[\"44\"]}}', '2017-04-06 19:57:45', '2017-04-06 19:57:45', '1f29c30e-e357-4508-a072-cb617c09a361'),
 ('254', '205', '15', '1', 'en_us', '2', '', '{\"typeId\":\"15\",\"authorId\":\"1\",\"title\":\"Will Moseley - Manager, Business Development\",\"slug\":\"will\",\"postDate\":1490395800,\"expiryDate\":null,\"enabled\":1,\"parentId\":\"\",\"fields\":{\"1\":\"<p>I don\'t even know anymore.<\\/p>\",\"21\":[\"38\"]}}', '2017-04-06 19:58:21', '2017-04-06 19:58:21', '2dd830f9-c8a8-4c85-a410-03e35791fb66'),
 ('255', '92', '15', '1', 'en_us', '5', '', '{\"typeId\":\"15\",\"authorId\":\"1\",\"title\":\"Anais \\\"Ani\\\" Custer - General Manager\",\"slug\":\"wassef\",\"postDate\":1488868980,\"expiryDate\":null,\"enabled\":1,\"parentId\":\"\",\"fields\":{\"1\":\"<p>Where the pasta at?<\\/p>\",\"21\":[\"44\"]}}', '2017-04-06 19:58:30', '2017-04-06 19:58:30', '725e3915-b33b-4e58-86cd-83a20fbe258f'),
 ('257', '212', '15', '1', 'en_us', '1', '', '{\"typeId\":null,\"authorId\":\"1\",\"title\":\"Izzy Hsieh - Guest Relations Manager\",\"slug\":\"izzy-hsieh-guest-relations-manager\",\"postDate\":1491508933,\"expiryDate\":null,\"enabled\":1,\"parentId\":\"\",\"fields\":{\"1\":\"<p>You wanna try a weird snack?<\\/p>\",\"21\":\"\"}}', '2017-04-06 20:02:14', '2017-04-06 20:02:14', '23e959ab-e335-4a85-b38e-f16935e76c86'),
 ('258', '212', '15', '1', 'en_us', '2', '', '{\"typeId\":\"15\",\"authorId\":\"1\",\"title\":\"Izzy Hsieh - Guest Relations Manager\",\"slug\":\"izzy-hsieh-guest-relations-manager\",\"postDate\":1491508920,\"expiryDate\":null,\"enabled\":1,\"parentId\":\"\",\"fields\":{\"1\":\"<p>You wanna try a weird snack? &nbsp;It\'s really good. I swear.<\\/p>\",\"21\":\"\"}}', '2017-04-06 20:02:27', '2017-04-06 20:02:27', 'b3d1fd86-570e-4b94-b304-b6a684952acd'),
 ('262', '212', '15', '1', 'en_us', '3', '', '{\"typeId\":\"15\",\"authorId\":\"1\",\"title\":\"Izzy Hsieh - Guest Relations Manager\",\"slug\":\"izzy-hsieh-guest-relations-manager\",\"postDate\":1491508920,\"expiryDate\":null,\"enabled\":1,\"parentId\":\"\",\"fields\":{\"1\":\"<p>You wanna try a weird snack? &nbsp;It\'s really good. I swear.<\\/p>\",\"21\":\"\"}}', '2017-04-06 20:35:50', '2017-04-06 20:35:50', '0b866b98-93c1-4d85-8e7f-6e8f8ab789f5'),
 ('263', '212', '15', '1', 'en_us', '4', '', '{\"typeId\":\"15\",\"authorId\":\"1\",\"title\":\"Izzy Hsieh - Guest Relations Manager\",\"slug\":\"izzy-hsieh-guest-relations-manager\",\"postDate\":1491508920,\"expiryDate\":null,\"enabled\":1,\"parentId\":\"\",\"fields\":{\"1\":\"<p>You wanna try a weird snack? &nbsp;It\'s really good. I swear.<\\/p>\",\"21\":[\"38\"]}}', '2017-04-06 20:38:23', '2017-04-06 20:38:23', '206b8ff8-cc5b-4371-8eb3-c6fa91715650'),
 ('264', '18', '4', '1', 'en_us', '3', '', '{\"typeId\":\"4\",\"authorId\":\"1\",\"title\":\"dinner\",\"slug\":\"dinner\",\"postDate\":1488667620,\"expiryDate\":null,\"enabled\":1,\"parentId\":null,\"fields\":{\"17\":{\"32\":{\"type\":\"menuGroupSet\",\"enabled\":\"1\",\"fields\":{\"menuGroupTitle\":\"to start\",\"menuGroupEntry\":[\"24\",\"23\"]}},\"33\":{\"type\":\"menuGroupSet\",\"enabled\":\"1\",\"fields\":{\"menuGroupTitle\":\"pasta\",\"menuGroupEntry\":[\"24\",\"23\"]}},\"34\":{\"type\":\"menuGroupSet\",\"enabled\":\"1\",\"fields\":{\"menuGroupTitle\":\"mains\",\"menuGroupEntry\":[\"24\",\"23\"]}}}}}', '2017-04-06 21:51:28', '2017-04-06 21:51:28', '2d6dc355-cc3d-4081-be3e-ca38f597f5b4'),
 ('265', '18', '4', '1', 'en_us', '4', '', '{\"typeId\":\"4\",\"authorId\":\"1\",\"title\":\"dinner\",\"slug\":\"dinner\",\"postDate\":1488667620,\"expiryDate\":null,\"enabled\":1,\"parentId\":null,\"fields\":{\"17\":{\"32\":{\"type\":\"menuGroupSet\",\"enabled\":\"1\",\"fields\":{\"menuGroupTitle\":\"to start\",\"menuGroupEntry\":\"\"}},\"33\":{\"type\":\"menuGroupSet\",\"enabled\":\"1\",\"fields\":{\"menuGroupTitle\":\"pasta\",\"menuGroupEntry\":\"\"}},\"34\":{\"type\":\"menuGroupSet\",\"enabled\":\"1\",\"fields\":{\"menuGroupTitle\":\"mains\",\"menuGroupEntry\":\"\"}}}}}', '2017-04-06 21:52:48', '2017-04-06 21:52:48', '329d578c-d37f-4f07-bb39-ce8f8a8ccf71'),
 ('266', '2', '1', '1', 'en_us', '21', '', '{\"typeId\":null,\"authorId\":null,\"title\":\"MBAR Seattle\",\"slug\":\"homepage\",\"postDate\":1488661519,\"expiryDate\":null,\"enabled\":1,\"parentId\":null,\"fields\":{\"3\":{\"4\":{\"type\":\"hero\",\"enabled\":\"1\",\"fields\":{\"nav\":\"nav\",\"contactInformation\":\"\"}},\"6\":{\"type\":\"menu\",\"enabled\":\"1\",\"fields\":{\"menuCategory\":\"category\"}},\"9\":{\"type\":\"findUs\",\"enabled\":\"1\",\"fields\":{\"youtubeUrl\":\"<iframe width=\\\"560\\\" height=\\\"315\\\" src=\\\"https:\\/\\/www.youtube.com\\/embed\\/bVDfmn_TMkI\\\" frameborder=\\\"0\\\" allowfullscreen><\\/iframe>\",\"googleMapsUrl\":\"<iframe id=\\\"map_canvas1\\\" src=\\\"https:\\/\\/www.google.com\\/maps\\/embed?pb=!1m18!1m12!1m3!1d2689.184385013476!2d-122.33610738436896!3d47.622546979185586!2m3!1f0!2f0!3f0!3m2!1i1024!2i768!4f13.1!3m3!1m2!1s0x5490153730e9f873%3A0x325c1d7191a859d2!2sMBar!5e0!3m2!1sen!2sus!4v1488138274430\\\" width=\\\"680\\\" height=\\\"381\\\" frameborder=\\\"0\\\" style=\\\"border:0; margin-top: -150px;\\\" allowfullscreen><\\/iframe>\"}},\"46\":{\"type\":\"about\",\"enabled\":\"1\",\"fields\":{\"aboutUsTitle\":\"about us\"}},\"10\":{\"type\":\"eventsBooking\",\"enabled\":\"1\",\"fields\":{\"eventsBookingTitle\":\"events booking\",\"eventsbookingDescription\":\"Please fill out the inquiry form and our event planner will reach out to you within 48 hours.  Please include the preferred date, time, guest count, location in restaurant, and any special requests for your event.\"}},\"7\":{\"type\":\"ourFamily\",\"enabled\":\"1\",\"fields\":{\"familyTitle\":\"family\"}},\"8\":{\"type\":\"media\",\"enabled\":\"1\",\"fields\":{\"mediaTitle\":\"media\"}}}}}', '2017-04-06 22:25:16', '2017-04-06 22:25:16', '1ba053fa-a9a2-4a2a-90d5-2c8b1f4f308e'),
 ('267', '204', '17', '1', 'en_us', '2', '', '{\"typeId\":\"17\",\"authorId\":\"1\",\"title\":\"Timed Announcement\",\"slug\":\"timed-announcement\",\"postDate\":1490386860,\"expiryDate\":null,\"enabled\":1,\"parentId\":null,\"fields\":{\"33\":\"This is an test announcement\"}}', '2017-04-06 23:16:05', '2017-04-06 23:16:05', 'a2de43db-1ad9-4dff-84db-c0bcab60b8b7'),
 ('268', '214', '5', '1', 'en_us', '1', NULL, '{\"typeId\":null,\"authorId\":\"1\",\"title\":\"mbar bread service: 1\\/4 seawolf baguette, labneh, calabrian chiles, olives & cultured butter\",\"slug\":\"mbar-bread-service-1-4-seawolf-baguette-labneh-calabrian-chiles-olives-cultured-butter\",\"postDate\":1491944896,\"expiryDate\":null,\"enabled\":1,\"parentId\":null,\"fields\":{\"20\":\"6\"}}', '2017-04-11 21:08:17', '2017-04-11 21:08:17', 'de9d93b8-3264-48f3-9004-1759394b6a04'),
 ('269', '215', '5', '1', 'en_us', '1', NULL, '{\"typeId\":null,\"authorId\":\"1\",\"title\":\"mbar salumi plate: nightly selection with grilled baguette\",\"slug\":\"mbar-salumi-plate-nightly-selection-with-grilled-baguette\",\"postDate\":1491944919,\"expiryDate\":null,\"enabled\":1,\"parentId\":null,\"fields\":{\"20\":\"18\"}}', '2017-04-11 21:08:39', '2017-04-11 21:08:39', '214d7763-d071-4c8a-9f35-a0eee6b45280'),
 ('270', '216', '5', '1', 'en_us', '1', NULL, '{\"typeId\":null,\"authorId\":\"1\",\"title\":\"Olive oil poached salmon with shaved raw baby artichoke, radish & wood sorrel\",\"slug\":\"olive-oil-poached-salmon-with-shaved-raw-baby-artichoke-radish-wood-sorrel\",\"postDate\":1491944958,\"expiryDate\":null,\"enabled\":1,\"parentId\":null,\"fields\":{\"20\":\"15\"}}', '2017-04-11 21:09:18', '2017-04-11 21:09:18', 'a478af12-f164-4cfc-8eeb-d3baa3509292'),
 ('271', '217', '5', '1', 'en_us', '1', NULL, '{\"typeId\":null,\"authorId\":\"1\",\"title\":\"Roasted cauliflower hummus with crudit\\u00e9 & rice beans\",\"slug\":\"roasted-cauliflower-hummus-with-crudit\\u00e9-rice-beans\",\"postDate\":1491944983,\"expiryDate\":null,\"enabled\":1,\"parentId\":null,\"fields\":{\"20\":\"11\"}}', '2017-04-11 21:09:43', '2017-04-11 21:09:43', '05c5c227-d26c-4734-a0df-37e51b1828e0'),
 ('272', '218', '5', '1', 'en_us', '1', NULL, '{\"typeId\":null,\"authorId\":\"1\",\"title\":\"Hedgehog mushroom soup with toasted pine nuts & pine bud syrup\",\"slug\":\"hedgehog-mushroom-soup-with-toasted-pine-nuts-pine-bud-syrup\",\"postDate\":1491945031,\"expiryDate\":null,\"enabled\":1,\"parentId\":null,\"fields\":{\"20\":\"11\"}}', '2017-04-11 21:10:31', '2017-04-11 21:10:31', 'db9c3076-0516-4053-907e-c4df644e39a7'),
 ('273', '219', '5', '1', 'en_us', '1', NULL, '{\"typeId\":null,\"authorId\":\"1\",\"title\":\"Escarole salad with anchovy, walnut & tarragon\",\"slug\":\"escarole-salad-with-anchovy-walnut-tarragon\",\"postDate\":1491945150,\"expiryDate\":null,\"enabled\":1,\"parentId\":null,\"fields\":{\"20\":\"11\"}}', '2017-04-11 21:12:30', '2017-04-11 21:12:30', '74969626-a1ee-466d-baa1-dba50cff9442'),
 ('274', '220', '5', '1', 'en_us', '1', NULL, '{\"typeId\":null,\"authorId\":\"1\",\"title\":\"Winter citrus salad with watercress parmigiano-reggiano & chestnut honey\",\"slug\":\"winter-citrus-salad-with-watercress-parmigiano-reggiano-chestnut-honey\",\"postDate\":1491945228,\"expiryDate\":null,\"enabled\":1,\"parentId\":null,\"fields\":{\"20\":\"14\"}}', '2017-04-11 21:13:48', '2017-04-11 21:13:48', '267176e6-df58-4c3d-8d9c-5f40d6fb3e94'),
 ('275', '221', '5', '1', 'en_us', '1', NULL, '{\"typeId\":null,\"authorId\":\"1\",\"title\":\"King oyster mushroom & baby beets with crushed egg, pecan & cumin\",\"slug\":\"king-oyster-mushroom-baby-beets-with-crushed-egg-pecan-cumin\",\"postDate\":1491945404,\"expiryDate\":null,\"enabled\":1,\"parentId\":null,\"fields\":{\"20\":\"13\"}}', '2017-04-11 21:16:44', '2017-04-11 21:16:44', 'e4e337d2-7009-49a6-b0aa-788366983d71'),
 ('276', '222', '5', '1', 'en_us', '1', NULL, '{\"typeId\":null,\"authorId\":\"1\",\"title\":\"Grilled Washington aparagus with black garlic molasses, black sesame, lime & soy\",\"slug\":\"grilled-washington-aparagus-with-black-garlic-molasses-black-sesame-lime-soy\",\"postDate\":1491945501,\"expiryDate\":null,\"enabled\":1,\"parentId\":null,\"fields\":{\"20\":\"11\"}}', '2017-04-11 21:18:21', '2017-04-11 21:18:21', '036656b4-402f-4552-aac1-68d0fcd561d4'),
 ('277', '223', '5', '1', 'en_us', '1', NULL, '{\"typeId\":null,\"authorId\":\"1\",\"title\":\"Pauline\'s favorite braised Whidbey Island collard greens with house smoked hamhock, chiles & vinegar\",\"slug\":\"paulines-favorite-braised-whidbey-island-collard-greens-with-house-smoked-hamhock-chiles-vinegar\",\"postDate\":1491945697,\"expiryDate\":null,\"enabled\":1,\"parentId\":null,\"fields\":{\"20\":\"11\"}}', '2017-04-11 21:21:37', '2017-04-11 21:21:37', '8ae7300c-18c7-4f9d-9688-2d8024ab8239'),
 ('278', '18', '4', '1', 'en_us', '5', '', '{\"typeId\":\"4\",\"authorId\":\"1\",\"title\":\"dinner\",\"slug\":\"dinner\",\"postDate\":1488667620,\"expiryDate\":null,\"enabled\":1,\"parentId\":null,\"fields\":{\"17\":{\"32\":{\"type\":\"menuGroupSet\",\"enabled\":\"1\",\"fields\":{\"menuGroupTitle\":\"to start\",\"menuGroupEntry\":[\"214\",\"215\",\"216\",\"217\",\"218\",\"219\",\"220\",\"221\",\"222\",\"223\"]}},\"33\":{\"type\":\"menuGroupSet\",\"enabled\":\"1\",\"fields\":{\"menuGroupTitle\":\"pasta\",\"menuGroupEntry\":\"\"}},\"34\":{\"type\":\"menuGroupSet\",\"enabled\":\"1\",\"fields\":{\"menuGroupTitle\":\"mains\",\"menuGroupEntry\":\"\"}}}}}', '2017-04-11 21:22:41', '2017-04-11 21:22:41', '78166fa4-4de9-4363-b33b-e2a4aaf0bab3'),
 ('279', '224', '5', '1', 'en_us', '1', NULL, '{\"typeId\":null,\"authorId\":\"1\",\"title\":\"Tagliatelle with walnut sauce, mint & chile oil\",\"slug\":\"tagliatelle-with-walnut-sauce-mint-chile-oil\",\"postDate\":1491946031,\"expiryDate\":null,\"enabled\":1,\"parentId\":null,\"fields\":{\"20\":\"11\\/20\"}}', '2017-04-11 21:27:11', '2017-04-11 21:27:11', '4bef5f01-cfd3-4cfe-9552-4eec1bc711d9'),
 ('280', '225', '5', '1', 'en_us', '1', NULL, '{\"typeId\":null,\"authorId\":\"1\",\"title\":\"Black spaghetti with dungeness crab, trout roe, lime leaf, meyer lemon & brioche breadcrumbs 17\\/26\",\"slug\":\"black-spaghetti-with-dungeness-crab-trout-roe-lime-leaf-meyer-lemon-brioche-breadcrumbs-17-26\",\"postDate\":1491946078,\"expiryDate\":null,\"enabled\":1,\"parentId\":null,\"fields\":{\"20\":\"17\\/26\"}}', '2017-04-11 21:27:58', '2017-04-11 21:27:58', '4c5e8e13-90cf-421a-869f-792e5723ea48'),
 ('281', '226', '5', '1', 'en_us', '1', NULL, '{\"typeId\":null,\"authorId\":\"1\",\"title\":\"Strozzapretti with rabbit and foie gras bolognese bianca\",\"slug\":\"strozzapretti-with-rabbit-and-foie-gras-bolognese-bianca\",\"postDate\":1491946106,\"expiryDate\":null,\"enabled\":1,\"parentId\":null,\"fields\":{\"20\":\"12\\/23\"}}', '2017-04-11 21:28:26', '2017-04-11 21:28:26', '4b8426c9-46bc-4f05-84ac-89cd1d790793'),
 ('282', '227', '5', '1', 'en_us', '1', NULL, '{\"typeId\":null,\"authorId\":\"1\",\"title\":\"Grilled elk chop with chestnuts & wild huckleberry\",\"slug\":\"grilled-elk-chop-with-chestnuts-wild-huckleberry\",\"postDate\":1491946138,\"expiryDate\":null,\"enabled\":1,\"parentId\":null,\"fields\":{\"20\":\"38\"}}', '2017-04-11 21:28:58', '2017-04-11 21:28:58', 'd1d5d6ca-880e-4ed4-9053-356d2b0e0947'),
 ('283', '228', '5', '1', 'en_us', '1', NULL, '{\"typeId\":null,\"authorId\":\"1\",\"title\":\"Steamed halibut with pine nuts, wild leek & tahini sauce\",\"slug\":\"steamed-halibut-with-pine-nuts-wild-leek-tahini-sauce\",\"postDate\":1491946164,\"expiryDate\":null,\"enabled\":1,\"parentId\":null,\"fields\":{\"20\":\"34\"}}', '2017-04-11 21:29:24', '2017-04-11 21:29:24', '4847f685-066f-45b8-bcde-7d25ef0df8ce'),
 ('284', '229', '5', '1', 'en_us', '1', NULL, '{\"typeId\":null,\"authorId\":\"1\",\"title\":\"Skirt steak with baby turnip, flowering kale, nettles & anchovy butter\",\"slug\":\"skirt-steak-with-baby-turnip-flowering-kale-nettles-anchovy-butter\",\"postDate\":1491946227,\"expiryDate\":null,\"enabled\":1,\"parentId\":null,\"fields\":{\"20\":\"33\"}}', '2017-04-11 21:30:27', '2017-04-11 21:30:27', '544df024-5abc-4c4d-ba4b-b236c512c175'),
 ('285', '230', '5', '1', 'en_us', '1', NULL, '{\"typeId\":null,\"authorId\":\"1\",\"title\":\"Pacific octopus with spicy fried potatoes, grilled lime & calabrian chiles\",\"slug\":\"pacific-octopus-with-spicy-fried-potatoes-grilled-lime-calabrian-chiles\",\"postDate\":1491946394,\"expiryDate\":null,\"enabled\":1,\"parentId\":null,\"fields\":{\"20\":\"27\"}}', '2017-04-11 21:33:14', '2017-04-11 21:33:14', '73fa2d30-cfbf-4fa6-879b-053df71f7270'),
 ('286', '231', '5', '1', 'en_us', '1', NULL, '{\"typeId\":null,\"authorId\":\"1\",\"title\":\"Grilled trout with avocado, sumac, labneh & fenugreek\",\"slug\":\"grilled-trout-with-avocado-sumac-labneh-fenugreek\",\"postDate\":1491946417,\"expiryDate\":null,\"enabled\":1,\"parentId\":null,\"fields\":{\"20\":\"29\"}}', '2017-04-11 21:33:37', '2017-04-11 21:33:37', 'a1d685b4-2b08-4fc5-9905-85ef2e08ecc6'),
 ('287', '18', '4', '1', 'en_us', '6', '', '{\"typeId\":\"4\",\"authorId\":\"1\",\"title\":\"dinner\",\"slug\":\"dinner\",\"postDate\":1488667620,\"expiryDate\":null,\"enabled\":1,\"parentId\":null,\"fields\":{\"17\":{\"32\":{\"type\":\"menuGroupSet\",\"enabled\":\"1\",\"fields\":{\"menuGroupTitle\":\"to start\",\"menuGroupEntry\":[\"214\",\"215\",\"216\",\"217\",\"218\",\"219\",\"220\",\"221\",\"222\",\"223\"]}},\"33\":{\"type\":\"menuGroupSet\",\"enabled\":\"1\",\"fields\":{\"menuGroupTitle\":\"pasta\",\"menuGroupEntry\":[\"226\",\"225\",\"224\"]}},\"34\":{\"type\":\"menuGroupSet\",\"enabled\":\"1\",\"fields\":{\"menuGroupTitle\":\"mains\",\"menuGroupEntry\":[\"231\",\"230\",\"229\",\"228\",\"227\"]}}}}}', '2017-04-11 21:33:56', '2017-04-11 21:33:56', '64f91272-68ab-4db0-8b30-6b7d4f6de1a8'),
 ('288', '2', '1', '1', 'en_us', '22', '', '{\"typeId\":null,\"authorId\":null,\"title\":\"MBAR Seattle\",\"slug\":\"homepage\",\"postDate\":1488661519,\"expiryDate\":null,\"enabled\":1,\"parentId\":null,\"fields\":{\"3\":{\"4\":{\"type\":\"hero\",\"enabled\":\"1\",\"fields\":{\"nav\":\"nav\",\"contactInformation\":\"\"}},\"new1\":{\"type\":\"instagramFeed\",\"enabled\":\"1\",\"fields\":{\"instagramUserId\":\"\"}},\"6\":{\"type\":\"menu\",\"enabled\":\"1\",\"fields\":{\"menuCategory\":\"category\"}},\"9\":{\"type\":\"findUs\",\"enabled\":\"1\",\"fields\":{\"youtubeUrl\":\"<iframe width=\\\"560\\\" height=\\\"315\\\" src=\\\"https:\\/\\/www.youtube.com\\/embed\\/bVDfmn_TMkI\\\" frameborder=\\\"0\\\" allowfullscreen><\\/iframe>\",\"googleMapsUrl\":\"<iframe id=\\\"map_canvas1\\\" src=\\\"https:\\/\\/www.google.com\\/maps\\/embed?pb=!1m18!1m12!1m3!1d2689.184385013476!2d-122.33610738436896!3d47.622546979185586!2m3!1f0!2f0!3f0!3m2!1i1024!2i768!4f13.1!3m3!1m2!1s0x5490153730e9f873%3A0x325c1d7191a859d2!2sMBar!5e0!3m2!1sen!2sus!4v1488138274430\\\" width=\\\"680\\\" height=\\\"381\\\" frameborder=\\\"0\\\" style=\\\"border:0; margin-top: -150px;\\\" allowfullscreen><\\/iframe>\"}},\"46\":{\"type\":\"about\",\"enabled\":\"1\",\"fields\":{\"aboutUsTitle\":\"about us\"}},\"10\":{\"type\":\"eventsBooking\",\"enabled\":\"1\",\"fields\":{\"eventsBookingTitle\":\"events booking\",\"eventsbookingDescription\":\"Please fill out the inquiry form and our event planner will reach out to you within 48 hours.  Please include the preferred date, time, guest count, location in restaurant, and any special requests for your event.\"}},\"7\":{\"type\":\"ourFamily\",\"enabled\":\"1\",\"fields\":{\"familyTitle\":\"family\"}},\"8\":{\"type\":\"media\",\"enabled\":\"1\",\"fields\":{\"mediaTitle\":\"media\"}}}}}', '2017-04-11 22:15:08', '2017-04-11 22:15:08', 'a08e7717-96b6-4945-a07f-53b41cedb613'),
 ('291', '201', '9', '1', 'en_us', '4', '', '{\"typeId\":\"9\",\"authorId\":\"1\",\"title\":\"Rainbow Chair\",\"slug\":\"rainbow-chair\",\"postDate\":1489615080,\"expiryDate\":null,\"enabled\":1,\"parentId\":\"\",\"fields\":{\"1\":\"<p>Our heated and covered section of the patio makes for a fantastic outdoor experience no matter the weather. &nbsp;Whether it\'s raining sideways and thirty-five degrees, or blue skies and sunshine, the swinging rainbow egg will always be one of the most coveted seats in house. &nbsp;The covered section of the patio bar is also available for private parties! &nbsp;Please fill out the event request form below for more details. &nbsp;<em>*insider tip* - if you\'re still feeling a little chilly, we have a selection of handcrafted quilts by local artist, Joey Veltkamp, to keep you cozy.<\\/em><\\/p>\",\"21\":[\"234\"]}}', '2017-04-12 15:57:16', '2017-04-12 15:57:16', '890dc675-0f5a-4c75-8cae-433c318ec16c'),
 ('292', '201', '9', '1', 'en_us', '5', '', '{\"typeId\":\"9\",\"authorId\":\"1\",\"title\":\"Rainbow Chair\",\"slug\":\"rainbow-chair\",\"postDate\":1489615080,\"expiryDate\":null,\"enabled\":1,\"parentId\":\"\",\"fields\":{\"1\":\"<p>Our heated and covered section of the patio makes for a fantastic outdoor experience no matter the weather. &nbsp;Whether it\'s raining sideways and thirty-five degrees, or blue skies and sunshine, the swinging rainbow egg will always be one of the most coveted seats in house. &nbsp;The covered section of the patio bar is also available for private parties! &nbsp;Please fill out the event request form below for more details. &nbsp;<em>*insider tip* - if you\'re still feeling a little chilly, we have a selection of handcrafted quilts by local artist, Joey Veltkamp, to keep you cozy.<\\/em><\\/p>\",\"21\":[\"234\"]}}', '2017-04-12 15:59:43', '2017-04-12 15:59:43', '75cc9720-805b-4a65-b9e7-cf51562c09c1'),
 ('293', '202', '9', '1', 'en_us', '3', '', '{\"typeId\":\"9\",\"authorId\":\"1\",\"title\":\"Patio Seaplane\",\"slug\":\"patio-shot\",\"postDate\":1490051520,\"expiryDate\":null,\"enabled\":1,\"parentId\":\"\",\"fields\":{\"1\":\"<p>Enjoy unparalleled views of South Lake Union and sip a martini while watching Duck Dodge sailboat races. &nbsp;Quaff a beer and watch the seaplanes land. &nbsp;Or hangout by the fire and make some new friends!<\\/p>\",\"21\":[\"235\"]}}', '2017-04-12 16:00:37', '2017-04-12 16:00:37', '31952e14-d218-4366-b9fd-ea9293f966b5'),
 ('294', '81', '14', '1', 'en_us', '3', '', '{\"typeId\":\"14\",\"authorId\":\"1\",\"title\":\"slide 1\",\"slug\":\"slide-1\",\"postDate\":1488735480,\"expiryDate\":null,\"enabled\":1,\"parentId\":\"\",\"fields\":{\"21\":[\"238\"]}}', '2017-04-12 16:05:06', '2017-04-12 16:05:06', 'd42cdb05-87ac-4a5f-98cd-59eca77fe31d'),
 ('295', '84', '14', '1', 'en_us', '3', '', '{\"typeId\":\"14\",\"authorId\":\"1\",\"title\":\"Egg\",\"slug\":\"slide-2\",\"postDate\":1488735480,\"expiryDate\":null,\"enabled\":1,\"parentId\":\"\",\"fields\":{\"21\":[\"239\"]}}', '2017-04-12 16:05:49', '2017-04-12 16:05:49', '48540446-3c30-49af-95cf-8264b1d292bb'),
 ('296', '210', '14', '1', 'en_us', '2', '', '{\"typeId\":\"14\",\"authorId\":\"1\",\"title\":\"Exterior Cover\",\"slug\":\"exterior-cover\",\"postDate\":1491508380,\"expiryDate\":null,\"enabled\":1,\"parentId\":\"\",\"fields\":{\"21\":[\"240\"]}}', '2017-04-12 16:06:37', '2017-04-12 16:06:37', '7ca38411-e65b-473d-b631-297ecfdaf498'),
 ('297', '2', '1', '1', 'en_us', '23', '', '{\"typeId\":null,\"authorId\":null,\"title\":\"MBAR Seattle\",\"slug\":\"homepage\",\"postDate\":1488661519,\"expiryDate\":null,\"enabled\":1,\"parentId\":null,\"fields\":{\"3\":{\"4\":{\"type\":\"hero\",\"enabled\":\"1\",\"fields\":{\"nav\":\"nav\",\"contactInformation\":\"\"}},\"232\":{\"type\":\"instagramFeed\",\"enabled\":\"1\",\"fields\":{\"instagramUserId\":\"\"}},\"6\":{\"type\":\"menu\",\"enabled\":\"1\",\"fields\":{\"menuCategory\":\"category\"}},\"9\":{\"type\":\"findUs\",\"enabled\":\"1\",\"fields\":{\"youtubeUrl\":\"<iframe width=\\\"560\\\" height=\\\"315\\\" src=\\\"https:\\/\\/www.youtube.com\\/embed\\/bVDfmn_TMkI\\\" frameborder=\\\"0\\\" allowfullscreen><\\/iframe>\",\"googleMapsUrl\":\"<iframe id=\\\"map_canvas1\\\" src=\\\"https:\\/\\/www.google.com\\/maps\\/embed?pb=!1m18!1m12!1m3!1d2689.184385013476!2d-122.33610738436896!3d47.622546979185586!2m3!1f0!2f0!3f0!3m2!1i1024!2i768!4f13.1!3m3!1m2!1s0x5490153730e9f873%3A0x325c1d7191a859d2!2sMBar!5e0!3m2!1sen!2sus!4v1488138274430\\\" width=\\\"680\\\" height=\\\"381\\\" frameborder=\\\"0\\\" style=\\\"border:0; margin-top: -150px;\\\" allowfullscreen><\\/iframe>\"}},\"46\":{\"type\":\"about\",\"enabled\":\"1\",\"fields\":{\"aboutUsTitle\":\"about us\"}},\"10\":{\"type\":\"eventsBooking\",\"enabled\":\"1\",\"fields\":{\"eventsBookingTitle\":\"events booking\",\"eventsbookingDescription\":\"Please fill out the inquiry form and our event planner will reach out to you within 48 hours.  Please include the preferred date, time, guest count, location in restaurant, and any special requests for your event.\"}},\"8\":{\"type\":\"media\",\"enabled\":\"1\",\"fields\":{\"mediaTitle\":\"media\"}},\"7\":{\"type\":\"ourFamily\",\"enabled\":\"1\",\"fields\":{\"familyTitle\":\"family\"}}}}}', '2017-04-12 16:51:57', '2017-04-12 16:51:57', 'c5efed4e-41c0-4e4b-9fd5-0c43f2acd988'),
 ('298', '2', '1', '1', 'en_us', '24', '', '{\"typeId\":null,\"authorId\":null,\"title\":\"MBAR Seattle\",\"slug\":\"homepage\",\"postDate\":1488661519,\"expiryDate\":null,\"enabled\":1,\"parentId\":null,\"fields\":{\"3\":{\"4\":{\"type\":\"hero\",\"enabled\":\"1\",\"fields\":{\"nav\":\"nav\",\"contactInformation\":\"\"}},\"232\":{\"type\":\"instagramFeed\",\"enabled\":\"1\",\"fields\":{\"instagramUserId\":\"\"}},\"6\":{\"type\":\"menu\",\"enabled\":\"1\",\"fields\":{\"menuCategory\":\"category\"}},\"9\":{\"type\":\"findUs\",\"enabled\":\"1\",\"fields\":{\"youtubeUrl\":\"<iframe width=\\\"560\\\" height=\\\"315\\\" src=\\\"https:\\/\\/www.youtube.com\\/embed\\/bVDfmn_TMkI\\\" frameborder=\\\"0\\\" allowfullscreen><\\/iframe>\",\"googleMapsUrl\":\"<iframe id=\\\"map_canvas1\\\" src=\\\"https:\\/\\/www.google.com\\/maps\\/embed?pb=!1m18!1m12!1m3!1d2689.184385013476!2d-122.33610738436896!3d47.622546979185586!2m3!1f0!2f0!3f0!3m2!1i1024!2i768!4f13.1!3m3!1m2!1s0x5490153730e9f873%3A0x325c1d7191a859d2!2sMBar!5e0!3m2!1sen!2sus!4v1488138274430\\\" width=\\\"680\\\" height=\\\"381\\\" frameborder=\\\"0\\\" style=\\\"border:0; margin-top: -150px;\\\" allowfullscreen><\\/iframe>\"}},\"46\":{\"type\":\"about\",\"enabled\":\"1\",\"fields\":{\"aboutUsTitle\":\"about us\"}},\"10\":{\"type\":\"eventsBooking\",\"enabled\":\"1\",\"fields\":{\"eventsBookingTitle\":\"events booking\",\"eventsbookingDescription\":\"Please fill out the inquiry form and our event planner will reach out to you within 48 hours.  Please include the preferred date, time, guest count, location in restaurant, and any special requests for your event.\"}},\"7\":{\"type\":\"ourFamily\",\"enabled\":\"1\",\"fields\":{\"familyTitle\":\"family\"}},\"8\":{\"type\":\"media\",\"enabled\":\"1\",\"fields\":{\"mediaTitle\":\"media\"}}}}}', '2017-04-12 17:13:53', '2017-04-12 17:13:53', '1a74ea52-3b34-47cd-8d05-82ce0592438b'),
 ('299', '2', '1', '1', 'en_us', '25', '', '{\"typeId\":null,\"authorId\":null,\"title\":\"MBAR Seattle\",\"slug\":\"homepage\",\"postDate\":1488661519,\"expiryDate\":null,\"enabled\":1,\"parentId\":null,\"fields\":{\"3\":{\"4\":{\"type\":\"hero\",\"enabled\":\"1\",\"fields\":{\"nav\":\"nav\",\"contactInformation\":\"\"}},\"232\":{\"type\":\"instagramFeed\",\"enabled\":\"1\",\"fields\":{\"instagramUserId\":\"\"}},\"6\":{\"type\":\"menu\",\"enabled\":\"1\",\"fields\":{\"menuCategory\":\"category\"}},\"9\":{\"type\":\"findUs\",\"enabled\":\"1\",\"fields\":{\"youtubeUrl\":\"<iframe width=\\\"560\\\" height=\\\"315\\\" src=\\\"https:\\/\\/www.youtube.com\\/embed\\/i62ybmvQTBs\\\" frameborder=\\\"0\\\" allowfullscreen><\\/iframe>\",\"googleMapsUrl\":\"<iframe id=\\\"map_canvas1\\\" src=\\\"https:\\/\\/www.google.com\\/maps\\/embed?pb=!1m18!1m12!1m3!1d2689.184385013476!2d-122.33610738436896!3d47.622546979185586!2m3!1f0!2f0!3f0!3m2!1i1024!2i768!4f13.1!3m3!1m2!1s0x5490153730e9f873%3A0x325c1d7191a859d2!2sMBar!5e0!3m2!1sen!2sus!4v1488138274430\\\" width=\\\"680\\\" height=\\\"381\\\" frameborder=\\\"0\\\" style=\\\"border:0; margin-top: -150px;\\\" allowfullscreen><\\/iframe>\"}},\"46\":{\"type\":\"about\",\"enabled\":\"1\",\"fields\":{\"aboutUsTitle\":\"about us\"}},\"10\":{\"type\":\"eventsBooking\",\"enabled\":\"1\",\"fields\":{\"eventsBookingTitle\":\"events booking\",\"eventsbookingDescription\":\"Please fill out the inquiry form and our event planner will reach out to you within 48 hours.  Please include the preferred date, time, guest count, location in restaurant, and any special requests for your event.\"}},\"7\":{\"type\":\"ourFamily\",\"enabled\":\"1\",\"fields\":{\"familyTitle\":\"family\"}},\"8\":{\"type\":\"media\",\"enabled\":\"1\",\"fields\":{\"mediaTitle\":\"media\"}}}}}', '2017-04-14 00:27:56', '2017-04-14 00:27:56', '5d33e392-b551-4637-a0a2-b429cefdee6c'),
 ('300', '2', '1', '1', 'en_us', '26', '', '{\"typeId\":null,\"authorId\":null,\"title\":\"MBAR Seattle\",\"slug\":\"homepage\",\"postDate\":1488661519,\"expiryDate\":null,\"enabled\":1,\"parentId\":null,\"fields\":{\"3\":{\"4\":{\"type\":\"hero\",\"enabled\":\"1\",\"fields\":{\"nav\":\"nav\",\"contactInformation\":\"\"}},\"232\":{\"type\":\"instagramFeed\",\"enabled\":\"1\",\"fields\":{\"instagramUserId\":\"\"}},\"6\":{\"type\":\"menu\",\"enabled\":\"1\",\"fields\":{\"menuCategory\":\"category\"}},\"9\":{\"type\":\"findUs\",\"enabled\":\"1\",\"fields\":{\"youtubeUrl\":\"<iframe width=\\\"560\\\" height=\\\"315\\\" src=\\\"https:\\/\\/www.youtube.com\\/embed\\/i62ybmvQTBs?rel=0&amp;controls=0&amp;showinfo=0\\\" frameborder=\\\"0\\\" allowfullscreen><\\/iframe>\",\"googleMapsUrl\":\"<iframe id=\\\"map_canvas1\\\" src=\\\"https:\\/\\/www.google.com\\/maps\\/embed?pb=!1m18!1m12!1m3!1d2689.184385013476!2d-122.33610738436896!3d47.622546979185586!2m3!1f0!2f0!3f0!3m2!1i1024!2i768!4f13.1!3m3!1m2!1s0x5490153730e9f873%3A0x325c1d7191a859d2!2sMBar!5e0!3m2!1sen!2sus!4v1488138274430\\\" width=\\\"680\\\" height=\\\"381\\\" frameborder=\\\"0\\\" style=\\\"border:0; margin-top: -150px;\\\" allowfullscreen><\\/iframe>\"}},\"46\":{\"type\":\"about\",\"enabled\":\"1\",\"fields\":{\"aboutUsTitle\":\"about us\"}},\"10\":{\"type\":\"eventsBooking\",\"enabled\":\"1\",\"fields\":{\"eventsBookingTitle\":\"events booking\",\"eventsbookingDescription\":\"Please fill out the inquiry form and our event planner will reach out to you within 48 hours.  Please include the preferred date, time, guest count, location in restaurant, and any special requests for your event.\"}},\"7\":{\"type\":\"ourFamily\",\"enabled\":\"1\",\"fields\":{\"familyTitle\":\"family\"}},\"8\":{\"type\":\"media\",\"enabled\":\"1\",\"fields\":{\"mediaTitle\":\"media\"}}}}}', '2017-04-14 00:28:45', '2017-04-14 00:28:45', '73018188-635d-43ea-b799-833e967127c2'),
 ('301', '2', '1', '1', 'en_us', '27', '', '{\"typeId\":null,\"authorId\":null,\"title\":\"MBAR Seattle\",\"slug\":\"homepage\",\"postDate\":1488661519,\"expiryDate\":null,\"enabled\":1,\"parentId\":null,\"fields\":{\"3\":{\"4\":{\"type\":\"hero\",\"enabled\":\"1\",\"fields\":{\"nav\":\"nav\",\"contactInformation\":\"\"}},\"232\":{\"type\":\"instagramFeed\",\"enabled\":\"1\",\"fields\":{\"instagramUserId\":\"\"}},\"6\":{\"type\":\"menu\",\"enabled\":\"1\",\"fields\":{\"menuCategory\":\"category\"}},\"9\":{\"type\":\"findUs\",\"enabled\":\"1\",\"fields\":{\"youtubeUrl\":\"<iframe width=\\\"560\\\" height=\\\"315\\\" src=\\\"https:\\/\\/www.youtube-nocookie.com\\/embed\\/i62ybmvQTBs?rel=0&amp;showinfo=0\\\" frameborder=\\\"0\\\" allowfullscreen><\\/iframe>\",\"googleMapsUrl\":\"<iframe id=\\\"map_canvas1\\\" src=\\\"https:\\/\\/www.google.com\\/maps\\/embed?pb=!1m18!1m12!1m3!1d2689.184385013476!2d-122.33610738436896!3d47.622546979185586!2m3!1f0!2f0!3f0!3m2!1i1024!2i768!4f13.1!3m3!1m2!1s0x5490153730e9f873%3A0x325c1d7191a859d2!2sMBar!5e0!3m2!1sen!2sus!4v1488138274430\\\" width=\\\"680\\\" height=\\\"381\\\" frameborder=\\\"0\\\" style=\\\"border:0; margin-top: -150px;\\\" allowfullscreen><\\/iframe>\"}},\"46\":{\"type\":\"about\",\"enabled\":\"1\",\"fields\":{\"aboutUsTitle\":\"about us\"}},\"10\":{\"type\":\"eventsBooking\",\"enabled\":\"1\",\"fields\":{\"eventsBookingTitle\":\"events booking\",\"eventsbookingDescription\":\"Please fill out the inquiry form and our event planner will reach out to you within 48 hours.  Please include the preferred date, time, guest count, location in restaurant, and any special requests for your event.\"}},\"7\":{\"type\":\"ourFamily\",\"enabled\":\"1\",\"fields\":{\"familyTitle\":\"family\"}},\"8\":{\"type\":\"media\",\"enabled\":\"1\",\"fields\":{\"mediaTitle\":\"media\"}}}}}', '2017-04-14 00:29:27', '2017-04-14 00:29:27', 'ccb648d1-1894-490e-804a-49cc37ef66ee'),
 ('302', '204', '17', '1', 'en_us', '3', '', '{\"typeId\":\"17\",\"authorId\":\"1\",\"title\":\"Timed Announcement\",\"slug\":\"timed-announcement\",\"postDate\":1490386860,\"expiryDate\":null,\"enabled\":0,\"parentId\":null,\"fields\":{\"33\":\"This is an test announcement\"}}', '2017-04-14 21:44:28', '2017-04-14 21:44:28', '8e4fe6de-6939-4a66-b056-4e19a40f462c'),
 ('303', '204', '17', '1', 'en_us', '4', '', '{\"typeId\":\"17\",\"authorId\":\"1\",\"title\":\"Timed Announcement\",\"slug\":\"timed-announcement\",\"postDate\":1490386860,\"expiryDate\":null,\"enabled\":0,\"parentId\":null,\"fields\":{\"33\":\"This is an test announcement\"}}', '2017-04-14 21:44:34', '2017-04-14 21:44:34', '5bd2db7e-6cba-4889-a7ab-4ca90186d2ff'),
 ('304', '95', '15', '1', 'en_us', '5', '', '{\"typeId\":\"15\",\"authorId\":\"1\",\"title\":\"Jon Clark - Beverage Director\",\"slug\":\"bellevue\",\"postDate\":1488869040,\"expiryDate\":null,\"enabled\":1,\"parentId\":\"\",\"fields\":{\"1\":\"\",\"21\":[\"44\"]}}', '2017-04-14 21:49:57', '2017-04-14 21:49:57', 'b6d03861-3f50-490f-9daf-da60f1aa7a3f'),
 ('305', '92', '15', '1', 'en_us', '6', '', '{\"typeId\":\"15\",\"authorId\":\"1\",\"title\":\"Anais \\\"Ani\\\" Custer - General Manager\",\"slug\":\"wassef\",\"postDate\":1488868980,\"expiryDate\":null,\"enabled\":1,\"parentId\":\"\",\"fields\":{\"1\":\"<p>Where the pasta at?<\\/p>\",\"21\":[\"241\"]}}', '2017-04-14 21:52:18', '2017-04-14 21:52:18', 'ed7ea2e0-a88e-425c-b2fc-cee4666334bb'),
 ('306', '89', '15', '1', 'en_us', '7', '', '{\"typeId\":\"15\",\"authorId\":\"1\",\"title\":\"Racha Haroun - Owner\",\"slug\":\"racha\",\"postDate\":1488736740,\"expiryDate\":null,\"enabled\":1,\"parentId\":\"\",\"fields\":{\"1\":\"<p>I actually run this place. &nbsp;Wassef just thinks he does.<\\/p>\",\"21\":[\"38\"]}}', '2017-04-14 21:52:29', '2017-04-14 21:52:29', 'ecb5b4e6-9865-4da1-a2ca-0f2a57dc6a10'),
 ('307', '88', '15', '1', 'en_us', '7', '', '{\"typeId\":\"15\",\"authorId\":\"1\",\"title\":\"Wassef Haroun - Owner\",\"slug\":\"wassef\",\"postDate\":1488736680,\"expiryDate\":null,\"enabled\":1,\"parentId\":\"\",\"fields\":{\"1\":\"\",\"21\":[\"38\"]}}', '2017-04-14 21:52:39', '2017-04-14 21:52:39', '88e11d75-a294-49e4-a267-ffd5a07f81f8'),
 ('308', '205', '15', '1', 'en_us', '3', '', '{\"typeId\":\"15\",\"authorId\":\"1\",\"title\":\"Will Moseley - Manager, Business Development\",\"slug\":\"will\",\"postDate\":1490395800,\"expiryDate\":null,\"enabled\":1,\"parentId\":\"\",\"fields\":{\"1\":\"\",\"21\":\"\"}}', '2017-04-14 21:52:50', '2017-04-14 21:52:50', 'f265af51-33cb-4707-84e6-2842046cbf01'),
 ('309', '205', '15', '1', 'en_us', '4', '', '{\"typeId\":\"15\",\"authorId\":\"1\",\"title\":\"Will Moseley - Manager, Business Development\",\"slug\":\"will\",\"postDate\":1490395800,\"expiryDate\":null,\"enabled\":1,\"parentId\":\"\",\"fields\":{\"1\":\"<p>will@mamnoonrestaurant.com<\\/p>\",\"21\":\"\"}}', '2017-04-14 21:53:00', '2017-04-14 21:53:00', 'cef79dc3-91ec-4c42-94d5-8aad6446e691'),
 ('310', '212', '15', '1', 'en_us', '5', '', '{\"typeId\":\"15\",\"authorId\":\"1\",\"title\":\"Izzy Hsieh - Guest Relations Manager\",\"slug\":\"izzy-hsieh-guest-relations-manager\",\"postDate\":1491508920,\"expiryDate\":null,\"enabled\":1,\"parentId\":\"\",\"fields\":{\"1\":\"<p>izzy@mbarseattle.com<\\/p><p>\\\"You wanna try a weird snack? &nbsp;It\'s really good. I swear.\\\"<\\/p>\",\"21\":\"\"}}', '2017-04-14 21:55:25', '2017-04-14 21:55:25', 'd19843c2-af9e-4ee7-a13e-32f9b2d1f726'),
 ('311', '95', '15', '1', 'en_us', '6', '', '{\"typeId\":\"15\",\"authorId\":\"1\",\"title\":\"Jon Clark - Beverage Director\",\"slug\":\"bellevue\",\"postDate\":1488869040,\"expiryDate\":null,\"enabled\":1,\"parentId\":\"\",\"fields\":{\"1\":\"<p>jon@mbarseattle.com<\\/p>\",\"21\":[\"44\"]}}', '2017-04-14 21:55:34', '2017-04-14 21:55:34', 'ad6a3865-ad6c-4969-8efa-fa856e9e2e01'),
 ('312', '95', '15', '1', 'en_us', '7', '', '{\"typeId\":\"15\",\"authorId\":\"1\",\"title\":\"Jon Clark - Beverage Director\",\"slug\":\"bellevue\",\"postDate\":1488869040,\"expiryDate\":null,\"enabled\":1,\"parentId\":\"\",\"fields\":{\"1\":\"<p>jon@mbarseattle.com<\\/p>\",\"21\":\"\"}}', '2017-04-14 21:55:40', '2017-04-14 21:55:40', '38449781-5e5e-4f5f-8164-33604f91e04c'),
 ('313', '92', '15', '1', 'en_us', '7', '', '{\"typeId\":\"15\",\"authorId\":\"1\",\"title\":\"Anais \\\"Ani\\\" Custer - General Manager\",\"slug\":\"wassef\",\"postDate\":1488868980,\"expiryDate\":null,\"enabled\":1,\"parentId\":\"\",\"fields\":{\"1\":\"<p>ani@mbarseattle.com<br><\\/p><p>\\\"Where the pasta at?\\\"<\\/p>\",\"21\":[\"241\"]}}', '2017-04-14 21:56:06', '2017-04-14 21:56:06', '09a77152-3ae5-459b-a78e-ccc920843a6a'),
 ('315', '93', '15', '1', 'en_us', '4', '', '{\"typeId\":\"15\",\"authorId\":\"1\",\"title\":\"Jason Stratton - Executive Chef\",\"slug\":\"seattle\",\"postDate\":1488869040,\"expiryDate\":null,\"enabled\":1,\"parentId\":\"\",\"fields\":{\"1\":\"<p>jason@mbarseattle.com<\\/p><p>New restaurant who dis?<\\/p>\",\"21\":\"\"}}', '2017-04-14 21:56:40', '2017-04-14 21:56:40', 'fcfc83f2-75c0-4af1-913c-321fef54e5c4'),
 ('316', '89', '15', '1', 'en_us', '8', '', '{\"typeId\":\"15\",\"authorId\":\"1\",\"title\":\"Racha Haroun - Owner\",\"slug\":\"racha\",\"postDate\":1488736740,\"expiryDate\":null,\"enabled\":1,\"parentId\":\"\",\"fields\":{\"1\":\"\",\"21\":[\"38\"]}}', '2017-04-14 21:56:48', '2017-04-14 21:56:48', '32d4f595-039b-4bc9-8758-d3c97c37b413'),
 ('317', '88', '15', '1', 'en_us', '8', '', '{\"typeId\":\"15\",\"authorId\":\"1\",\"title\":\"Wassef Haroun - Owner\",\"slug\":\"wassef\",\"postDate\":1488736680,\"expiryDate\":null,\"enabled\":1,\"parentId\":\"\",\"fields\":{\"1\":\"\",\"21\":\"\"}}', '2017-04-14 21:57:08', '2017-04-14 21:57:08', 'd96ddcdc-792c-4e86-b8d7-c2ecdd756848'),
 ('318', '93', '15', '1', 'en_us', '5', '', '{\"typeId\":\"15\",\"authorId\":\"1\",\"title\":\"Jason Stratton - Executive Chef\",\"slug\":\"seattle\",\"postDate\":1488869040,\"expiryDate\":null,\"enabled\":1,\"parentId\":\"\",\"fields\":{\"1\":\"\",\"21\":\"\"}}', '2017-04-14 21:58:10', '2017-04-14 21:58:10', 'f6235f53-26a8-4bc3-ac8f-f42f27bf8938'),
 ('319', '205', '15', '1', 'en_us', '5', '', '{\"typeId\":\"15\",\"authorId\":\"1\",\"title\":\"Will Moseley - Manager, Business Development\",\"slug\":\"will\",\"postDate\":1490395800,\"expiryDate\":null,\"enabled\":1,\"parentId\":\"\",\"fields\":{\"1\":\"<p>will@mamnoonrestaurant.com<\\/p>\",\"21\":[\"235\"]}}', '2017-04-14 22:16:18', '2017-04-14 22:16:18', '00f6274c-5c9f-4106-b528-9643c6a682fa'),
 ('320', '95', '15', '1', 'en_us', '8', '', '{\"typeId\":\"15\",\"authorId\":\"1\",\"title\":\"Jon Clark - Beverage Director\",\"slug\":\"bellevue\",\"postDate\":1488869040,\"expiryDate\":null,\"enabled\":1,\"parentId\":\"\",\"fields\":{\"1\":\"<p>jon@mbarseattle.com<\\/p>\",\"21\":[\"235\"]}}', '2017-04-14 22:16:28', '2017-04-14 22:16:28', '65eb749f-8bc7-4aaf-a584-602d2bd8ecb3'),
 ('321', '88', '15', '1', 'en_us', '9', '', '{\"typeId\":\"15\",\"authorId\":\"1\",\"title\":\"Wassef Haroun - Owner\",\"slug\":\"wassef\",\"postDate\":1488736680,\"expiryDate\":null,\"enabled\":1,\"parentId\":\"\",\"fields\":{\"1\":\"<p>You can find Wassef tinkering in just about every possible location of every restaurant.<\\/p>\",\"21\":[\"239\"]}}', '2017-04-14 22:17:07', '2017-04-14 22:17:07', '322e371c-ed5e-45de-ab08-04619a70747c'),
 ('322', '89', '15', '1', 'en_us', '9', '', '{\"typeId\":\"15\",\"authorId\":\"1\",\"title\":\"Racha Haroun - Owner\",\"slug\":\"racha\",\"postDate\":1488736740,\"expiryDate\":null,\"enabled\":1,\"parentId\":\"\",\"fields\":{\"1\":\"<p>Racha\'s eye for design fuels the aesthetic at every location<\\/p>\",\"21\":[\"38\"]}}', '2017-04-14 22:17:42', '2017-04-14 22:17:42', 'ec15a97c-27fd-43b5-a2c7-d2c1c391b516'),
 ('323', '89', '15', '1', 'en_us', '10', '', '{\"typeId\":\"15\",\"authorId\":\"1\",\"title\":\"Racha Haroun - Owner\",\"slug\":\"racha\",\"postDate\":1488736740,\"expiryDate\":null,\"enabled\":1,\"parentId\":\"\",\"fields\":{\"1\":\"<p>Racha\'s eye for design fuels the aesthetic at every location<\\/p>\",\"21\":[\"38\"]}}', '2017-04-14 22:17:42', '2017-04-14 22:17:42', '60de01de-47ee-43b1-bb21-7afb71fd7c2c'),
 ('324', '93', '15', '1', 'en_us', '6', '', '{\"typeId\":\"15\",\"authorId\":\"1\",\"title\":\"Jason Stratton - Executive Chef\",\"slug\":\"seattle\",\"postDate\":1488869040,\"expiryDate\":null,\"enabled\":1,\"parentId\":\"\",\"fields\":{\"1\":\"<p>1738<\\/p>\",\"21\":[\"235\"]}}', '2017-04-14 22:18:07', '2017-04-14 22:18:07', 'f68f4a64-a53b-4937-b30f-bb62ead9cf9f'),
 ('325', '212', '15', '1', 'en_us', '6', '', '{\"typeId\":\"15\",\"authorId\":\"1\",\"title\":\"Izzy Hsieh - Guest Relations Manager\",\"slug\":\"izzy-hsieh-guest-relations-manager\",\"postDate\":1491508920,\"expiryDate\":null,\"enabled\":1,\"parentId\":\"\",\"fields\":{\"1\":\"<p>izzy@mbarseattle.com<\\/p>\\r\\n<p>\\\"You wanna try a weird snack? &nbsp;It\'s really good. I swear.\\\"<\\/p>\",\"21\":[\"239\"]}}', '2017-04-14 22:18:17', '2017-04-14 22:18:17', 'b97f0846-93a7-4d8a-8b78-89c8560ae091'),
 ('326', '88', '15', '1', 'en_us', '10', '', '{\"typeId\":\"15\",\"authorId\":\"1\",\"title\":\"Wassef Haroun - Owner\",\"slug\":\"wassef\",\"postDate\":1488736680,\"expiryDate\":null,\"enabled\":1,\"parentId\":\"\",\"fields\":{\"1\":\"<p>You can find Wassef tinkering in just about every possible location of every restaurant.<\\/p>\",\"21\":[\"242\"]}}', '2017-04-14 23:53:32', '2017-04-14 23:53:32', '5debca21-c10d-4117-aad0-7789fa6d38da'),
 ('327', '97', '16', '1', 'en_us', '2', '', '{\"typeId\":\"16\",\"authorId\":\"1\",\"title\":\"The Seattle Times\",\"slug\":\"bellevue-newspaper\",\"postDate\":1488869160,\"expiryDate\":null,\"enabled\":1,\"parentId\":\"\",\"fields\":{\"1\":\"\",\"21\":[\"44\"],\"31\":\"view link\",\"30\":\"http:\\/\\/www.seattletimes.com\\/life\\/food-drink\\/mbar-is-an-engaging-supper-club-in-the-sky\\/\"}}', '2017-04-14 23:57:18', '2017-04-14 23:57:18', 'd39aa4c0-874a-4052-9d72-7326b7a19572'),
 ('328', '96', '16', '1', 'en_us', '2', '', '{\"typeId\":\"16\",\"authorId\":\"1\",\"title\":\"Eater Seattle\",\"slug\":\"the-stranger\",\"postDate\":1488869100,\"expiryDate\":null,\"enabled\":1,\"parentId\":\"\",\"fields\":{\"1\":\"\",\"21\":[\"44\"],\"31\":\"view the article here\",\"30\":\"http:\\/\\/seattle.eater.com\\/venue\\/mbar\"}}', '2017-04-14 23:58:10', '2017-04-14 23:58:10', '8bd63846-e365-4215-92bc-05fb448bb574'),
 ('329', '243', '16', '1', 'en_us', '1', '', '{\"typeId\":null,\"authorId\":\"1\",\"title\":\"Seattle Magazine\",\"slug\":\"seattle-magazine\",\"postDate\":1492214472,\"expiryDate\":null,\"enabled\":1,\"parentId\":\"\",\"fields\":{\"1\":\"\",\"21\":\"\",\"31\":\"\",\"30\":\"http:\\/\\/www.seattlemag.com\\/eat-and-drink\\/tour-and-taste-beirut\"}}', '2017-04-15 00:01:13', '2017-04-15 00:01:13', '429d6f2a-b52c-4052-935d-e0e3c95c0ee1'),
 ('330', '243', '16', '1', 'en_us', '2', '', '{\"typeId\":\"16\",\"authorId\":\"1\",\"title\":\"Seattle Magazine\",\"slug\":\"seattle-magazine\",\"postDate\":1492214460,\"expiryDate\":null,\"enabled\":1,\"parentId\":\"\",\"fields\":{\"1\":\"<p>A tour of Beirut with the Mamnoon and mbar teams<\\/p>\",\"21\":\"\",\"31\":\"http:\\/\\/www.seattlemag.com\\/eat-and-drink\\/tour-and-taste-beirut\",\"30\":\"http:\\/\\/www.seattlemag.com\\/eat-and-drink\\/tour-and-taste-beirut\"}}', '2017-04-15 00:02:25', '2017-04-15 00:02:25', '7e3c2b49-e52e-4df9-ada0-c4e3d3945500'),
 ('331', '243', '16', '1', 'en_us', '3', '', '{\"typeId\":\"16\",\"authorId\":\"1\",\"title\":\"Seattle Magazine\",\"slug\":\"seattle-magazine\",\"postDate\":1492214460,\"expiryDate\":null,\"enabled\":1,\"parentId\":\"\",\"fields\":{\"1\":\"<p>A tour of Beirut with the Mamnoon and mbar teams<\\/p>\",\"21\":[\"44\"],\"31\":\"http:\\/\\/www.seattlemag.com\\/eat-and-drink\\/tour-and-taste-beirut\",\"30\":\"http:\\/\\/www.seattlemag.com\\/eat-and-drink\\/tour-and-taste-beirut\"}}', '2017-04-15 00:03:11', '2017-04-15 00:03:11', '166be38f-df5a-4c30-be84-050e075d177a'),
 ('332', '204', '17', '1', 'en_us', '5', '', '{\"typeId\":\"17\",\"authorId\":\"1\",\"title\":\"Private Event Closure\",\"slug\":\"timed-announcement\",\"postDate\":1492669620,\"expiryDate\":1493279940,\"enabled\":1,\"parentId\":null,\"fields\":{\"33\":\"We will be closed on Wednesday April 26th for a private event.  Our sincerest apologies for any inconvenience and we hope to see you soon.\"}}', '2017-04-20 05:26:01', '2017-04-20 05:26:01', 'a48d1a84-b1ab-4377-89e4-1a8aa66d99c4'),
 ('333', '204', '17', '1', 'en_us', '6', '', '{\"typeId\":\"17\",\"authorId\":\"1\",\"title\":\"Private Event Closure\",\"slug\":\"timed-announcement\",\"postDate\":1492669620,\"expiryDate\":1493279940,\"enabled\":1,\"parentId\":null,\"fields\":{\"33\":\"We will be closed on Wednesday April 26th for a private event.  Our sincerest apologies for any inconvenience and we hope to see you soon.\"}}', '2017-04-20 05:27:15', '2017-04-20 05:27:15', 'e7263c5a-79a9-4a0f-8e8c-a21abdb502f9'),
 ('334', '204', '17', '1', 'en_us', '7', '', '{\"typeId\":\"17\",\"authorId\":\"1\",\"title\":\"Private Event Closure\",\"slug\":\"timed-announcement\",\"postDate\":1492669800,\"expiryDate\":1493278200,\"enabled\":1,\"parentId\":null,\"fields\":{\"33\":\"We will be closed on Wednesday April 26th for a private event.  Our sincerest apologies for any inconvenience and we hope to see you soon.\"}}', '2017-04-20 05:27:34', '2017-04-20 05:27:34', '9cd6e36c-648d-43cd-b808-ce5f10c5d23a'),
 ('335', '78', '13', '1', 'en_us', '3', '', '{\"typeId\":\"13\",\"authorId\":\"1\",\"title\":\"schedule items\",\"slug\":\"schedule-items\",\"postDate\":1488734640,\"expiryDate\":null,\"enabled\":1,\"parentId\":null,\"fields\":{\"26\":\"<p>Tue: 4pm-9pm, Wed & Thur: 4pm - 10pm, Fri: 4pm-11pm, Sat: 5pm-11pm, Sun 5pm-9pm<\\/p>\",\"27\":\"<p>Happy Hour 4-6 (on patio weather permitting)<\\/p>\",\"28\":\"400 Fairview Ave N, 14th Floor, Seattle, WA 98109\"}}', '2017-04-20 05:31:16', '2017-04-20 05:31:16', 'e7d3ec1e-fb6f-4084-ac34-1ae1088b6331'),
 ('336', '78', '13', '1', 'en_us', '4', '', '{\"typeId\":\"13\",\"authorId\":\"1\",\"title\":\"schedule items\",\"slug\":\"schedule-items\",\"postDate\":1488734640,\"expiryDate\":null,\"enabled\":1,\"parentId\":null,\"fields\":{\"26\":\"<p>Tue: 4pm-9pm, Wed & Thur: 4pm - 10pm, Fri: 4pm-11pm, Sat: 5pm-11pm, Sun: 5pm-9pm<\\/p>\",\"27\":\"<p>Happy Hour 4-6 (on patio weather permitting)<\\/p>\",\"28\":\"400 Fairview Ave N, 14th Floor, Seattle, WA 98109\"}}', '2017-04-20 05:31:43', '2017-04-20 05:31:43', 'e1f37649-6d08-459b-bded-a01d69fe4438'),
 ('337', '78', '13', '1', 'en_us', '5', '', '{\"typeId\":\"13\",\"authorId\":\"1\",\"title\":\"schedule items\",\"slug\":\"schedule-items\",\"postDate\":1488734640,\"expiryDate\":null,\"enabled\":1,\"parentId\":null,\"fields\":{\"26\":\"<p>PLEASE&nbsp;NOTE: RESERVATIONS&nbsp;ARE&nbsp;FOR&nbsp;THE&nbsp;DINING&nbsp;ROOM&nbsp;AND&nbsp;INTERIOR&nbsp;BAR&nbsp;ONLY. &nbsp;PATIO&nbsp;IS&nbsp;FIRST&nbsp;COME, FIRST&nbsp;SERVE WITH&nbsp;THE&nbsp;EXCEPTION&nbsp;OF&nbsp;EVENT&nbsp;BOOKINGS<\\/p><p>Tue: 4pm-9pm, Wed & Thur: 4pm - 10pm, Fri: 4pm-11pm, Sat: 5pm-11pm, Sun: 5pm-9pm<\\/p>\",\"27\":\"<p>Happy Hour 4-6 (on patio weather permitting)<\\/p>\",\"28\":\"400 Fairview Ave N, 14th Floor, Seattle, WA 98109\"}}', '2017-04-20 20:18:49', '2017-04-20 20:18:49', 'c2eed8f9-7b12-4b11-af76-546637aea3e6'),
 ('338', '78', '13', '1', 'en_us', '6', '', '{\"typeId\":\"13\",\"authorId\":\"1\",\"title\":\"schedule items\",\"slug\":\"schedule-items\",\"postDate\":1488734640,\"expiryDate\":null,\"enabled\":1,\"parentId\":null,\"fields\":{\"26\":\"<p>PLEASE&nbsp;NOTE: RESERVATIONS&nbsp;ARE&nbsp;FOR&nbsp;THE&nbsp;DINING&nbsp;ROOM&nbsp;AND&nbsp;INTERIOR&nbsp;BAR&nbsp;ONLY. &nbsp;Tue: 4pm-9pm, Wed & Thur: 4pm - 10pm, Fri: 4pm-11pm, Sat: 5pm-11pm, Sun: 5pm-9pm<\\/p>\",\"27\":\"<p>Happy Hour 4-6 (on patio weather permitting)<\\/p>\",\"28\":\"400 Fairview Ave N, 14th Floor, Seattle, WA 98109\"}}', '2017-04-20 20:19:24', '2017-04-20 20:19:24', 'a02ab35a-4b65-43c9-b429-47cd116310bc'),
 ('339', '78', '13', '1', 'en_us', '7', '', '{\"typeId\":\"13\",\"authorId\":\"1\",\"title\":\"schedule items\",\"slug\":\"schedule-items\",\"postDate\":1488734640,\"expiryDate\":null,\"enabled\":1,\"parentId\":null,\"fields\":{\"26\":\"<p>RESERVATIONS&nbsp;ARE&nbsp;FOR&nbsp;THE&nbsp;DINING&nbsp;ROOM&nbsp;AND&nbsp;INTERIOR&nbsp;BAR&nbsp;ONLY. &nbsp;Tue: 4pm-9pm, Wed & Thur: 4pm - 10pm, Fri: 4pm-11pm, Sat: 5pm-11pm, Sun: 5pm-9pm<\\/p>\",\"27\":\"<p>Happy Hour 4-6 (on patio weather permitting)<\\/p>\",\"28\":\"400 Fairview Ave N, 14th Floor, Seattle, WA 98109\"}}', '2017-04-20 20:19:55', '2017-04-20 20:19:55', 'e7a66846-996b-4bc5-b9ca-b76121719548'),
 ('340', '78', '13', '1', 'en_us', '8', '', '{\"typeId\":\"13\",\"authorId\":\"1\",\"title\":\"schedule items\",\"slug\":\"schedule-items\",\"postDate\":1488734640,\"expiryDate\":null,\"enabled\":1,\"parentId\":null,\"fields\":{\"26\":\"<p>RESERVATIONS&nbsp;ARE&nbsp;FOR&nbsp;THE&nbsp;DINING&nbsp;ROOM&nbsp;AND&nbsp;INTERIOR&nbsp;BAR&nbsp;ONLY. &nbsp; &nbsp; Tue: 4pm-9pm, Wed & Thur: 4pm - 10pm, Fri: 4pm-11pm, Sat: 5pm-11pm, Sun: 5pm-9pm<\\/p>\",\"27\":\"<p>Happy Hour 4-6 (on patio weather permitting)<\\/p>\",\"28\":\"400 Fairview Ave N, 14th Floor, Seattle, WA 98109\"}}', '2017-04-20 20:20:24', '2017-04-20 20:20:24', '6850e718-ebe6-4460-8a8b-17572f460fe4'),
 ('341', '78', '13', '1', 'en_us', '9', '', '{\"typeId\":\"13\",\"authorId\":\"1\",\"title\":\"schedule items\",\"slug\":\"schedule-items\",\"postDate\":1488734640,\"expiryDate\":null,\"enabled\":1,\"parentId\":null,\"fields\":{\"26\":\"<p>RESERVATIONS&nbsp;ARE&nbsp;FOR&nbsp;THE&nbsp;DINING&nbsp;ROOM&nbsp;AND&nbsp;INTERIOR&nbsp;BAR&nbsp;ONLY. &nbsp; &nbsp;&nbsp;<\\/p><p>Tue: 4pm-9pm, Wed & Thur: 4pm - 10pm, Fri: 4pm-11pm, Sat: 5pm-11pm, Sun: 5pm-9pm<\\/p>\",\"27\":\"<p>Happy Hour 4-6 (on patio weather permitting)<\\/p>\",\"28\":\"400 Fairview Ave N, 14th Floor, Seattle, WA 98109\"}}', '2017-04-20 20:20:40', '2017-04-20 20:20:40', '1419ef2b-1568-42a5-9d4f-a08e8fdf8529'),
 ('342', '78', '13', '1', 'en_us', '10', '', '{\"typeId\":\"13\",\"authorId\":\"1\",\"title\":\"schedule items\",\"slug\":\"schedule-items\",\"postDate\":1488734640,\"expiryDate\":null,\"enabled\":1,\"parentId\":null,\"fields\":{\"26\":\"<p>RESERVATIONS&nbsp;ARE&nbsp;FOR&nbsp;THE&nbsp;DINING&nbsp;ROOM&nbsp;AND&nbsp;INTERIOR&nbsp;BAR&nbsp;ONLY.&nbsp; &nbsp; &nbsp;<\\/p>\\r\\n<p>Tue: 4pm-9pm, Wed & Thur: 4pm - 10pm, Fri: 4pm-11pm, Sat: 5pm-11pm, Sun: 5pm-9pm<\\/p>\",\"27\":\"<p><br><\\/p><p>Happy Hour 4-6 (on patio weather permitting)<\\/p>\",\"28\":\"400 Fairview Ave N, 14th Floor, Seattle, WA 98109\"}}', '2017-04-20 20:21:31', '2017-04-20 20:21:31', 'a562eb67-8194-40d0-97be-73458a44f9ca'),
 ('343', '78', '13', '1', 'en_us', '11', '', '{\"typeId\":\"13\",\"authorId\":\"1\",\"title\":\"schedule items\",\"slug\":\"schedule-items\",\"postDate\":1488734640,\"expiryDate\":null,\"enabled\":1,\"parentId\":null,\"fields\":{\"26\":\"<p>RESERVATIONS&nbsp;ARE&nbsp;FOR&nbsp;THE&nbsp;DINING&nbsp;ROOM&nbsp;AND&nbsp;INTERIOR&nbsp;BAR&nbsp;ONLY.&nbsp; &nbsp; &nbsp;<\\/p>\\r\\n<p>Tue: 4pm-9pm, Wed & Thur: 4pm - 10pm, Fri: 4pm-11pm, Sat: 5pm-11pm, Sun: 5pm-9pm<\\/p>\",\"27\":\"<p>&nbsp; &nbsp; &nbsp; &nbsp; &nbsp; &nbsp; &nbsp; &nbsp; &nbsp; &nbsp; &nbsp; &nbsp; &nbsp; &nbsp; &nbsp; &nbsp; &nbsp; &nbsp; &nbsp; &nbsp; &nbsp; &nbsp; &nbsp; &nbsp; &nbsp; &nbsp; &nbsp; &nbsp; &nbsp; &nbsp; &nbsp; &nbsp; &nbsp; &nbsp; &nbsp; &nbsp; &nbsp; &nbsp; &nbsp; &nbsp; &nbsp; &nbsp; &nbsp; &nbsp; &nbsp; &nbsp; &nbsp; &nbsp; &nbsp; &nbsp; &nbsp; &nbsp; &nbsp; &nbsp; &nbsp; &nbsp; &nbsp; Happy Hour 4-6 (on patio weather permitting)<br><\\/p>\",\"28\":\"400 Fairview Ave N, 14th Floor, Seattle, WA 98109\"}}', '2017-04-20 20:22:30', '2017-04-20 20:22:30', 'c6a2069e-24a3-47c5-9cef-f9d0464426ac'),
 ('344', '78', '13', '1', 'en_us', '12', '', '{\"typeId\":\"13\",\"authorId\":\"1\",\"title\":\"schedule items\",\"slug\":\"schedule-items\",\"postDate\":1488734640,\"expiryDate\":null,\"enabled\":1,\"parentId\":null,\"fields\":{\"26\":\"<p>RESERVATIONS&nbsp;ARE&nbsp;FOR&nbsp;THE&nbsp;DINING&nbsp;ROOM&nbsp;AND&nbsp;INTERIOR&nbsp;BAR&nbsp;ONLY.&nbsp; &nbsp; &nbsp;<\\/p>\\r\\n<p>Tue: 4pm-9pm, Wed & Thur: 4pm - 10pm, Fri: 4pm-11pm, Sat: 5pm-11pm, Sun: 5pm-9pm<\\/p>\",\"27\":\"<p>Happy Hour 4-6 (on patio weather permitting)<br><\\/p>\",\"28\":\"400 Fairview Ave N, 14th Floor, Seattle, WA 98109\"}}', '2017-04-20 20:22:51', '2017-04-20 20:22:51', '8b4185a8-0146-4674-aeae-4bd931b7df43'),
 ('345', '78', '13', '1', 'en_us', '13', '', '{\"typeId\":\"13\",\"authorId\":\"1\",\"title\":\"schedule items\",\"slug\":\"schedule-items\",\"postDate\":1488734640,\"expiryDate\":null,\"enabled\":1,\"parentId\":null,\"fields\":{\"26\":\"<p>Tue: 4-9pm, Wed & Thur: 4-10pm, Fri: 4-11pm, Sat: 5-11pm, Sun: 5-9pm<\\/p>\",\"27\":\"<p>Happy Hour 4-6pm (on patio weather permitting)<br><\\/p>\",\"28\":\"400 Fairview Ave N, 14th Floor, Seattle, WA 98109\"}}', '2017-04-21 00:02:31', '2017-04-21 00:02:31', 'ff8637cf-0533-4094-82de-e72e0dd74873'),
 ('346', '204', '17', '1', 'en_us', '8', '', '{\"typeId\":\"17\",\"authorId\":\"1\",\"title\":\"Notes\",\"slug\":\"timed-announcement\",\"postDate\":1492669800,\"expiryDate\":1493278200,\"enabled\":1,\"parentId\":null,\"fields\":{\"33\":\"We will be closed on Wednesday April 26th for a private event.  Our sincerest apologies for any inconvenience and we hope to see you soon.\"}}', '2017-04-21 00:46:23', '2017-04-21 00:46:23', '1209faa7-24b6-452e-b63b-d2f9194e783f'),
 ('347', '204', '17', '1', 'en_us', '9', '', '{\"typeId\":\"17\",\"authorId\":\"1\",\"title\":\"Notes\",\"slug\":\"timed-announcement\",\"postDate\":1492669800,\"expiryDate\":1493278200,\"enabled\":1,\"parentId\":null,\"fields\":{\"33\":\"Reservations are for the dining room and interior bar only.  Our patio is seated on a first come, first serve basis with the exception of event bookings.  We will be closed on Wednesday April 26th for a private event.  Our sincerest apologies for any inconvenience and we hope to see you soon.\"}}', '2017-04-21 00:47:35', '2017-04-21 00:47:35', '5cf9f9f0-acff-4345-98af-3262efd64f19'),
 ('348', '204', '17', '1', 'en_us', '10', '', '{\"typeId\":\"17\",\"authorId\":\"1\",\"title\":\"Notes\",\"slug\":\"timed-announcement\",\"postDate\":1492669800,\"expiryDate\":1493278200,\"enabled\":1,\"parentId\":null,\"fields\":{\"33\":\"RESERVATIONS ARE FOR OUR DINING ROOM AND INTERIOR BAR ONLY.  Our patio is seated on a first come, first serve basis with the exception of event bookings.  We will be closed on Wednesday April 26th for a private event.  Our sincerest apologies for any inconvenience and we hope to see you soon.\"}}', '2017-04-21 00:49:04', '2017-04-21 00:49:04', 'b885beec-02f3-43c4-8d07-e8d54f6f0b6c'),
 ('349', '224', '5', '1', 'en_us', '2', '', '{\"typeId\":\"5\",\"authorId\":\"1\",\"title\":\"Tagliatelle with huckleberry marinara, vodka & basil\",\"slug\":\"tagliatelle-with-walnut-sauce-mint-chile-oil\",\"postDate\":1491946020,\"expiryDate\":null,\"enabled\":1,\"parentId\":null,\"fields\":{\"20\":\"11\\/21\"}}', '2017-04-23 00:23:04', '2017-04-23 00:23:04', '4c01d458-7842-4aad-b9ef-90aacea355a4'),
 ('350', '215', '5', '1', 'en_us', '2', '', '{\"typeId\":\"5\",\"authorId\":\"1\",\"title\":\"mbar salumi plate: nightly selection with cornichons & mustard\",\"slug\":\"mbar-salumi-plate-nightly-selection-with-grilled-baguette\",\"postDate\":1491944880,\"expiryDate\":null,\"enabled\":1,\"parentId\":null,\"fields\":{\"20\":\"18\"}}', '2017-04-23 00:23:35', '2017-04-23 00:23:35', 'ba1df9c8-179f-4758-b970-d7dd51c15165'),
 ('351', '229', '5', '1', 'en_us', '2', '', '{\"typeId\":\"5\",\"authorId\":\"1\",\"title\":\"Skirt steak with baby turnip, spring raab, nettles & anchovy butter\",\"slug\":\"skirt-steak-with-baby-turnip-flowering-kale-nettles-anchovy-butter\",\"postDate\":1491946200,\"expiryDate\":null,\"enabled\":1,\"parentId\":null,\"fields\":{\"20\":\"33\"}}', '2017-04-23 00:24:03', '2017-04-23 00:24:03', '00e62efd-a746-4582-acc3-0240b800660b'),
 ('352', '245', '5', '1', 'en_us', '1', '', '{\"typeId\":null,\"authorId\":\"1\",\"title\":\"Slow roasted duck leg with shaved watermelon radish, cumin & rhubarb\",\"slug\":\"slow-roasted-duck-leg-with-shaved-watermelon-radish-cumin-rhubarb\",\"postDate\":1492907061,\"expiryDate\":null,\"enabled\":1,\"parentId\":null,\"fields\":{\"20\":\"26\"}}', '2017-04-23 00:24:22', '2017-04-23 00:24:22', '01a5529b-d2c8-41f2-b2ee-c455f3ad04fe'),
 ('353', '18', '4', '1', 'en_us', '7', '', '{\"typeId\":\"4\",\"authorId\":\"1\",\"title\":\"dinner\",\"slug\":\"dinner\",\"postDate\":1488667620,\"expiryDate\":null,\"enabled\":1,\"parentId\":null,\"fields\":{\"17\":{\"32\":{\"type\":\"menuGroupSet\",\"enabled\":\"1\",\"fields\":{\"menuGroupTitle\":\"to start\",\"menuGroupEntry\":[\"214\",\"215\",\"216\",\"217\",\"218\",\"219\",\"220\",\"221\",\"222\",\"223\"]}},\"33\":{\"type\":\"menuGroupSet\",\"enabled\":\"1\",\"fields\":{\"menuGroupTitle\":\"pasta\",\"menuGroupEntry\":[\"226\",\"225\",\"224\"]}},\"34\":{\"type\":\"menuGroupSet\",\"enabled\":\"1\",\"fields\":{\"menuGroupTitle\":\"mains\",\"menuGroupEntry\":[\"231\",\"230\",\"229\",\"228\",\"227\",\"245\"]}}}}}', '2017-04-23 00:25:09', '2017-04-23 00:25:09', 'd0a82202-ea7c-4e8c-a252-3b08be836154'),
 ('354', '204', '17', '1', 'en_us', '11', '', '{\"typeId\":\"17\",\"authorId\":\"1\",\"title\":\"Notes\",\"slug\":\"timed-announcement\",\"postDate\":1492669800,\"expiryDate\":1493278200,\"enabled\":1,\"parentId\":null,\"fields\":{\"33\":\"RESERVATIONS ARE FOR OUR DINING ROOM AND INTERIOR BAR ONLY.  Our patio is seated on a first come, first serve basis with the exception of event bookings.  WE WILL BE CLOSED TODAY (4.26.17) FOR A PRIVATE EVENT.  Our sincerest apologies for any inconvenience and we hope to see you soon.\"}}', '2017-04-26 21:49:46', '2017-04-26 21:49:46', '66027cce-23ce-41af-aa11-e30062aedfc9'),
 ('355', '204', '17', '1', 'en_us', '12', '', '{\"typeId\":\"17\",\"authorId\":\"1\",\"title\":\"Notes\",\"slug\":\"timed-announcement\",\"postDate\":1493342700,\"expiryDate\":1493969400,\"enabled\":1,\"parentId\":null,\"fields\":{\"33\":\"RESERVATIONS ARE FOR OUR DINING ROOM AND INTERIOR BAR ONLY.  Our patio is seated on a first come, first serve basis with the exception of event bookings.  Patio parties must be complete before seating.  \"}}', '2017-04-28 00:20:04', '2017-04-28 00:20:04', 'c4bdc0fc-919d-43e2-b59c-2fef2bb160ea'),
 ('356', '204', '17', '1', 'en_us', '13', '', '{\"typeId\":\"17\",\"authorId\":\"1\",\"title\":\"Notes\",\"slug\":\"timed-announcement\",\"postDate\":1493342700,\"expiryDate\":1493969400,\"enabled\":1,\"parentId\":null,\"fields\":{\"33\":\"RESERVATIONS ARE FOR OUR DINING ROOM AND INTERIOR BAR ONLY.  Our patio is seated on a first come, first serve basis with the exception of event bookings.  Groups for the patio must be complete before seating.  \"}}', '2017-04-28 19:27:53', '2017-04-28 19:27:53', '1bd61990-edba-4826-9da4-8d75c43d3972');
INSERT INTO `craft_entryversions` (`id`, `entryId`, `sectionId`, `creatorId`, `locale`, `num`, `notes`, `data`, `dateCreated`, `dateUpdated`, `uid`) VALUES
 ('357', '249', '15', '1', 'en_us', '1', '', '{\"typeId\":null,\"authorId\":\"1\",\"title\":\"Anthony Reynaga - Sous Chef\",\"slug\":\"anthony-reynaga-sous-chef\",\"postDate\":1493410294,\"expiryDate\":null,\"enabled\":1,\"parentId\":\"\",\"fields\":{\"1\":\"<p>anthony@mbarseattle.com<\\/p>\",\"21\":[\"246\"]}}', '2017-04-28 20:11:34', '2017-04-28 20:11:34', '6782bb48-5c1f-4eb4-8875-1c27fa2e7efe'),
 ('358', '205', '15', '1', 'en_us', '6', '', '{\"typeId\":\"15\",\"authorId\":\"1\",\"title\":\"Will Moseley - Manager, Business Development\",\"slug\":\"will\",\"postDate\":1490395800,\"expiryDate\":null,\"enabled\":1,\"parentId\":\"\",\"fields\":{\"1\":\"<p>will@mamnoonrestaurant.com<\\/p>\",\"21\":[\"248\"]}}', '2017-04-28 20:12:43', '2017-04-28 20:12:43', 'fb069de1-db24-47cc-aa8b-05f2fca0e1fe'),
 ('359', '95', '15', '1', 'en_us', '9', '', '{\"typeId\":\"15\",\"authorId\":\"1\",\"title\":\"Jon Clark - Beverage Director\",\"slug\":\"bellevue\",\"postDate\":1488869040,\"expiryDate\":null,\"enabled\":1,\"parentId\":\"\",\"fields\":{\"1\":\"<p>jon@mbarseattle.com<\\/p>\",\"21\":[\"250\"]}}', '2017-04-28 20:37:10', '2017-04-28 20:37:10', '44cd4c3f-8c57-4838-befc-e28216b4e526'),
 ('360', '93', '15', '1', 'en_us', '7', '', '{\"typeId\":\"15\",\"authorId\":\"1\",\"title\":\"Jason Stratton - Executive Chef\",\"slug\":\"seattle\",\"postDate\":1488869040,\"expiryDate\":null,\"enabled\":1,\"parentId\":\"\",\"fields\":{\"1\":\"<p>1738<\\/p>\",\"21\":[\"235\",\"251\"]}}', '2017-04-28 21:17:48', '2017-04-28 21:17:48', 'e1ba3253-f227-412a-8232-66397bfffbec'),
 ('361', '93', '15', '1', 'en_us', '8', '', '{\"typeId\":\"15\",\"authorId\":\"1\",\"title\":\"Jason Stratton - Executive Chef\",\"slug\":\"seattle\",\"postDate\":1488869040,\"expiryDate\":null,\"enabled\":1,\"parentId\":\"\",\"fields\":{\"1\":\"<p>1738<\\/p>\",\"21\":[\"251\"]}}', '2017-04-28 21:18:47', '2017-04-28 21:18:47', '9a5f3d94-9d9b-4ec4-8faa-1f13df52431f'),
 ('362', '88', '15', '1', 'en_us', '11', '', '{\"typeId\":\"15\",\"authorId\":\"1\",\"title\":\"Wassef Haroun and Racha Haroun - Owners\",\"slug\":\"wassef\",\"postDate\":1488736680,\"expiryDate\":null,\"enabled\":1,\"parentId\":\"\",\"fields\":{\"1\":\"<p>Racha Haroun was born in London, England to a Syrian father and Iranian mother. Racha came with her family to Houston, Texas from Damascus in 1982 where she attended college and met her husband Wassef. Racha grew up in a household where hospitality was prized and where both cuisines and palates were equally valued and integrated. Racha is deeply involved in the cultural community of Seattle and is a crucial part of the palate, menu development, and creative process behind the mamnoon aesthetic.<br><\\/p><p>Wassef Haroun was born in Syria and raised in Lebanon before moving to the United States for school. After leaving a career in technology and computer science, Wassef turned to mamnoon as an experiment to bring the food and traditions of the levant to an American audience and to bridge the apparent gaps between the two cultures he inhabits. True to his geek background, Wassef has his hands in innumerable projects, big and small, around the restaurant in order to make the mamnoon experience universally compelling.<\\/p>\",\"21\":[\"252\"]}}', '2017-04-28 21:24:43', '2017-04-28 21:24:43', '4e22ae89-0017-4eef-8a25-af656ab9f6c3'),
 ('363', '253', '18', '1', 'en_us', '1', '', '{\"typeId\":null,\"authorId\":\"1\",\"title\":\"reservations\",\"slug\":\"reservations\",\"postDate\":1493560260,\"expiryDate\":null,\"enabled\":1,\"parentId\":null,\"fields\":{\"26\":\"<p>RESERVATIONS ARE FOR OUR DINING ROOM AND INTERIOR BAR ONLY<\\/p>\",\"27\":\"\",\"28\":\"Our patio is seated on a first come, first serve basis with the exception of event bookings. Groups for the patio must be complete before seating.\"}}', '2017-04-30 13:51:28', '2017-04-30 13:51:28', 'd2cecaac-9ce6-4963-a04f-c0316b021501'),
 ('364', '204', '17', '1', 'en_us', '14', '', '{\"typeId\":\"17\",\"authorId\":\"1\",\"title\":\"Notes\",\"slug\":\"timed-announcement\",\"postDate\":1493342700,\"expiryDate\":1493969400,\"enabled\":0,\"parentId\":null,\"fields\":{\"33\":\"RESERVATIONS ARE FOR OUR DINING ROOM AND INTERIOR BAR ONLY.  Our patio is seated on a first come, first serve basis with the exception of event bookings.  Groups for the patio must be complete before seating.  \"}}', '2017-04-30 13:51:41', '2017-04-30 13:51:41', 'd01ce806-6426-49f3-95c0-5672517b155e'),
 ('365', '253', '18', '1', 'en_us', '2', '', '{\"typeId\":\"18\",\"authorId\":\"1\",\"title\":\"reservations\",\"slug\":\"reservations\",\"postDate\":1493560260,\"expiryDate\":null,\"enabled\":1,\"parentId\":null,\"fields\":{\"26\":\"<p>RESERVATIONS ARE FOR OUR DINING ROOM AND INTERIOR BAR ONLY<\\/p>\",\"27\":\"\",\"28\":\"Our patio is seated on a first come, first serve basis with<br>the exception of event bookings.\"}}', '2017-04-30 13:56:31', '2017-04-30 13:56:31', '1120ccde-5f20-4558-a73a-e832cfe9e925'),
 ('366', '253', '18', '1', 'en_us', '3', '', '{\"typeId\":\"18\",\"authorId\":\"1\",\"title\":\"reservations\",\"slug\":\"reservations\",\"postDate\":1493560260,\"expiryDate\":null,\"enabled\":1,\"parentId\":null,\"fields\":{\"26\":\"<p>RESERVATIONS ARE FOR OUR DINING ROOM AND INTERIOR BAR ONLY<\\/p>\",\"27\":\"<p>Our patio is seated on a first come, first serve basis with<br>the exception of event bookings.<\\/p>\"}}', '2017-04-30 14:03:17', '2017-04-30 14:03:17', '6c5fba16-46cb-4fb0-a4d0-65fcd8c4f411'),
 ('368', '255', '20', '1', 'en_us', '1', NULL, '{\"typeId\":\"20\",\"authorId\":null,\"title\":\"Privacy\",\"slug\":\"privacy\",\"postDate\":1493574057,\"expiryDate\":null,\"enabled\":1,\"parentId\":null,\"fields\":[]}', '2017-04-30 17:40:57', '2017-04-30 17:40:57', '40fcf9fc-0641-4c9b-a886-2d15e0b785b6'),
 ('369', '255', '20', '1', 'en_us', '2', '', '{\"typeId\":null,\"authorId\":null,\"title\":\"Privacy\",\"slug\":\"privacy\",\"postDate\":1493574057,\"expiryDate\":null,\"enabled\":1,\"parentId\":null,\"fields\":{\"1\":\"<p>privacy policy<\\/p>\"}}', '2017-04-30 17:42:07', '2017-04-30 17:42:07', '674f11e5-c715-4198-8b9d-862a79e3346d'),
 ('370', '255', '20', '1', 'en_us', '3', '', '{\"typeId\":null,\"authorId\":null,\"title\":\"Privacy\",\"slug\":\"privacy\",\"postDate\":1493574057,\"expiryDate\":null,\"enabled\":1,\"parentId\":null,\"fields\":{\"1\":\"<p>Our app does not collect any user information. It enables us to pull data from our instagram feed and display it on&nbsp;<a href=\\\"http:\\/\\/mbarseattle.com\\/\\\" target=\\\"_blank\\\" data-saferedirecturl=\\\"https:\\/\\/www.google.com\\/url?hl=en&q=http:\\/\\/mbarseattle.com&source=gmail&ust=1493660984000000&usg=AFQjCNGG16eOd0CfdhZs6whxTkQDODFpTQ\\\">mbarseattle.com<\\/a>. We leverage the instafeed.js library to create the API request.<\\/p>\"}}', '2017-04-30 17:50:11', '2017-04-30 17:50:11', '972ee50d-0dcb-455b-887f-43e8364ae343'),
 ('371', '255', '20', '1', 'en_us', '4', '', '{\"typeId\":null,\"authorId\":null,\"title\":\"Privacy\",\"slug\":\"privacy\",\"postDate\":1493574057,\"expiryDate\":null,\"enabled\":1,\"parentId\":null,\"fields\":{\"1\":\"<p>Our app does not collect any user information. It enables us to pull data from our instagram feed and display it on&nbsp;<a href=\\\"http:\\/\\/mbarseattle.com\\/\\\" target=\\\"_blank\\\" data-saferedirecturl=\\\"https:\\/\\/www.google.com\\/url?hl=en&q=http:\\/\\/mbarseattle.com&source=gmail&ust=1493660984000000&usg=AFQjCNGG16eOd0CfdhZs6whxTkQDODFpTQ\\\">mbarseattle.com<\\/a>.<\\/p><p>We leverage the instafeed.js library to create the API request.<\\/p>\"}}', '2017-04-30 17:50:47', '2017-04-30 17:50:47', '1b7e0209-e496-4915-902b-c46ff8165a08'),
 ('372', '204', '17', '1', 'en_us', '15', '', '{\"typeId\":\"17\",\"authorId\":\"1\",\"title\":\"Notes\",\"slug\":\"timed-announcement\",\"postDate\":1493342700,\"expiryDate\":1493969400,\"enabled\":1,\"parentId\":null,\"fields\":{\"33\":\"RESERVATIONS ARE FOR OUR DINING ROOM AND INTERIOR BAR ONLY.  Our patio is seated on a first come, first serve basis with the exception of event bookings.  Groups for the patio must be complete before seating.  \"}}', '2017-04-30 18:04:16', '2017-04-30 18:04:16', '2c3b4ea4-d41e-4a3b-a089-c4b045b9697b'),
 ('373', '204', '17', '1', 'en_us', '16', '', '{\"typeId\":\"17\",\"authorId\":\"1\",\"title\":\"Notes\",\"slug\":\"timed-announcement\",\"postDate\":1493342700,\"expiryDate\":1493969400,\"enabled\":0,\"parentId\":null,\"fields\":{\"33\":\"RESERVATIONS ARE FOR OUR DINING ROOM AND INTERIOR BAR ONLY.  Our patio is seated on a first come, first serve basis with the exception of event bookings.  Groups for the patio must be complete before seating.  \"}}', '2017-04-30 18:05:05', '2017-04-30 18:05:05', 'f017afa3-5fda-4caa-ad84-314e4abbb3b7'),
 ('374', '204', '17', '1', 'en_us', '17', '', '{\"typeId\":\"17\",\"authorId\":\"1\",\"title\":\"Notes\",\"slug\":\"timed-announcement\",\"postDate\":1493342700,\"expiryDate\":1493969400,\"enabled\":1,\"parentId\":null,\"fields\":{\"33\":\"RESERVATIONS ARE FOR OUR DINING ROOM AND INTERIOR BAR ONLY.  Our patio is seated on a first come, first serve basis with the exception of event bookings.  Groups for the patio must be complete before seating.  \"}}', '2017-04-30 18:06:51', '2017-04-30 18:06:51', 'ad2122e1-cedb-4ee5-acbd-543c28a10a76'),
 ('375', '204', '17', '1', 'en_us', '18', '', '{\"typeId\":\"17\",\"authorId\":\"1\",\"title\":\"Notes\",\"slug\":\"timed-announcement\",\"postDate\":1493342700,\"expiryDate\":1493969400,\"enabled\":0,\"parentId\":null,\"fields\":{\"33\":\"RESERVATIONS ARE FOR OUR DINING ROOM AND INTERIOR BAR ONLY.  Our patio is seated on a first come, first serve basis with the exception of event bookings.  Groups for the patio must be complete before seating.  \"}}', '2017-04-30 18:10:49', '2017-04-30 18:10:49', '4ed84429-a001-45da-96e9-627515aab02e'),
 ('376', '88', '15', '1', 'en_us', '12', '', '{\"typeId\":\"15\",\"authorId\":\"1\",\"title\":\"Wassef Haroun and Racha Haroun - Owners\",\"slug\":\"wassef\",\"postDate\":1488736680,\"expiryDate\":null,\"enabled\":1,\"parentId\":\"\",\"fields\":{\"1\":\"<p>Racha Haroun was born in London, England to a Syrian father and Iranian mother. Racha came with her family to Houston, Texas from Damascus in 1982 where she attended college and met her husband Wassef. Racha grew up in a household where hospitality was prized and where both cuisines and palates were equally valued and integrated. Racha is deeply involved in the cultural community of Seattle and is a crucial part of the palate, menu development, and creative process behind the mamnoon aesthetic.<br><\\/p>\\r\\n<p>Wassef Haroun was born in Syria and raised in Lebanon before moving to the United States for school. After leaving a career in technology and computer science, Wassef turned to mamnoon as an experiment to bring the food and traditions of the levant to an American audience and to bridge the apparent gaps between the two cultures he inhabits. True to his geek background, Wassef has his hands in innumerable projects, big and small, around the restaurant in order to make the mamnoon experience universally compelling.<\\/p>\",\"21\":[\"252\"],\"34\":\"Racha Haroun was born in London, England to a Syrian father and Iranian mother. Racha came with her family to Houston, Texas from Damascus in 1982 where she attended college and met her husband Wassef. Racha grew up in a household where hospitality was prized and where both cuisines and palates were equally valued and integrated. Racha is deeply involved in the cultural community of Seattle and is a crucial part of the palate, menu development, and creative process behind the mamnoon aesthetic.\\r\\n\\r\\nWassef Haroun was born in Syria and raised in Lebanon before moving to the United States for school. After leaving a career in technology and computer science, Wassef turned to mamnoon as an experiment to bring the food and traditions of the levant to an American audience and to bridge the apparent gaps between the two cultures he inhabits. True to his geek background, Wassef has his hands in innumerable projects, big and small, around the restaurant in order to make the mamnoon experience universally compelling.\"}}', '2017-04-30 18:24:50', '2017-04-30 18:24:50', 'b10c800a-5b92-4326-98d1-fdb7543c3bbd'),
 ('377', '88', '15', '1', 'en_us', '13', '', '{\"typeId\":\"15\",\"authorId\":\"1\",\"title\":\"Wassef Haroun and Racha Haroun - Owners\",\"slug\":\"wassef\",\"postDate\":1488736680,\"expiryDate\":null,\"enabled\":1,\"parentId\":\"\",\"fields\":{\"1\":\"\",\"21\":[\"252\"],\"34\":\"Racha Haroun was born in London, England to a Syrian father and Iranian mother. Racha came with her family to Houston, Texas from Damascus in 1982 where she attended college and met her husband Wassef. Racha grew up in a household where hospitality was prized and where both cuisines and palates were equally valued and integrated. Racha is deeply involved in the cultural community of Seattle and is a crucial part of the palate, menu development, and creative process behind the mamnoon aesthetic.\\r\\n\\r\\nWassef Haroun was born in Syria and raised in Lebanon before moving to the United States for school. After leaving a career in technology and computer science, Wassef turned to mamnoon as an experiment to bring the food and traditions of the levant to an American audience and to bridge the apparent gaps between the two cultures he inhabits. True to his geek background, Wassef has his hands in innumerable projects, big and small, around the restaurant in order to make the mamnoon experience universally compelling.\"}}', '2017-04-30 18:28:04', '2017-04-30 18:28:04', 'bee9249d-5960-4190-bdc4-9f0bce7bdf82'),
 ('378', '88', '15', '1', 'en_us', '14', '', '{\"typeId\":\"15\",\"authorId\":\"1\",\"title\":\"Wassef Haroun and Racha Haroun - Owners\",\"slug\":\"wassef\",\"postDate\":1488736680,\"expiryDate\":null,\"enabled\":1,\"parentId\":\"\",\"fields\":{\"1\":\"\",\"21\":[\"252\"],\"34\":\"Racha Haroun was born in London, England to a Syrian father and Iranian mother. Racha came with her family to Houston, Texas from Damascus in 1982 where she attended college and met her husband Wassef. Racha grew up in a household where hospitality was prized and where both cuisines and palates were equally valued and integrated. Racha is deeply involved in the cultural community of Seattle and is a crucial part of the palate, menu development, and creative process behind the mamnoon aesthetic.\\r\\n<br>\\r\\nWassef Haroun was born in Syria and raised in Lebanon before moving to the United States for school. After leaving a career in technology and computer science, Wassef turned to mamnoon as an experiment to bring the food and traditions of the levant to an American audience and to bridge the apparent gaps between the two cultures he inhabits. True to his geek background, Wassef has his hands in innumerable projects, big and small, around the restaurant in order to make the mamnoon experience universally compelling.\"}}', '2017-04-30 18:29:18', '2017-04-30 18:29:18', 'f9792b14-ee81-4791-a220-0c05a03f72cf'),
 ('379', '88', '15', '1', 'en_us', '15', '', '{\"typeId\":\"15\",\"authorId\":\"1\",\"title\":\"Wassef Haroun and Racha Haroun - Owners\",\"slug\":\"wassef\",\"postDate\":1488736680,\"expiryDate\":null,\"enabled\":1,\"parentId\":\"\",\"fields\":{\"1\":\"\",\"21\":[\"252\"],\"34\":\"Racha Haroun was born in London, England to a Syrian father and Iranian mother. Racha came with her family to Houston, Texas from Damascus in 1982 where she attended college and met her husband Wassef. Racha grew up in a household where hospitality was prized and where both cuisines and palates were equally valued and integrated. Racha is deeply involved in the cultural community of Seattle and is a crucial part of the palate, menu development, and creative process behind the mamnoon aesthetic.\\r\\n<br><br>\\r\\nWassef Haroun was born in Syria and raised in Lebanon before moving to the United States for school. After leaving a career in technology and computer science, Wassef turned to mamnoon as an experiment to bring the food and traditions of the levant to an American audience and to bridge the apparent gaps between the two cultures he inhabits. True to his geek background, Wassef has his hands in innumerable projects, big and small, around the restaurant in order to make the mamnoon experience universally compelling.\"}}', '2017-04-30 18:29:48', '2017-04-30 18:29:48', 'ebad7091-0592-4789-8d1b-bed686364c6b'),
 ('380', '89', '15', '1', 'en_us', '11', '', '{\"typeId\":\"15\",\"authorId\":\"1\",\"title\":\"Racha Haroun - Owner\",\"slug\":\"racha\",\"postDate\":1488736740,\"expiryDate\":null,\"enabled\":1,\"parentId\":\"\",\"fields\":{\"1\":\"\",\"21\":[\"38\"],\"34\":\"Racha\'s eye for design fuels the aesthetic at every location\"}}', '2017-04-30 18:29:59', '2017-04-30 18:29:59', 'c32955e1-2082-4ba7-b6d9-5df1d794aabe'),
 ('381', '93', '15', '1', 'en_us', '9', '', '{\"typeId\":\"15\",\"authorId\":\"1\",\"title\":\"Jason Stratton - Executive Chef\",\"slug\":\"seattle\",\"postDate\":1488869040,\"expiryDate\":null,\"enabled\":1,\"parentId\":\"\",\"fields\":{\"1\":\"\",\"21\":[\"251\"],\"34\":\"1738\"}}', '2017-04-30 18:30:09', '2017-04-30 18:30:09', '16c6f57b-5422-4ca1-ac60-d4657efed080'),
 ('382', '92', '15', '1', 'en_us', '8', '', '{\"typeId\":\"15\",\"authorId\":\"1\",\"title\":\"Anais \\\"Ani\\\" Custer - General Manager\",\"slug\":\"wassef\",\"postDate\":1488868980,\"expiryDate\":null,\"enabled\":1,\"parentId\":\"\",\"fields\":{\"1\":\"\",\"21\":[\"241\"],\"34\":\"ani@mbarseattle.com\\r\\n<br><br>\\r\\n\\\"Where the pasta at?\\\"\"}}', '2017-04-30 18:30:26', '2017-04-30 18:30:26', 'dfed6c7e-c33d-4600-b567-6ab584b3b9f8'),
 ('384', '95', '15', '1', 'en_us', '10', '', '{\"typeId\":\"15\",\"authorId\":\"1\",\"title\":\"Jon Clark - Beverage Director\",\"slug\":\"bellevue\",\"postDate\":1488869040,\"expiryDate\":null,\"enabled\":1,\"parentId\":\"\",\"fields\":{\"1\":\"\",\"21\":[\"250\"],\"34\":\"jon@mbarseattle.com\"}}', '2017-04-30 18:30:56', '2017-04-30 18:30:56', '2211329a-4cb2-4102-b6bc-9486681e4d8a'),
 ('385', '212', '15', '1', 'en_us', '7', '', '{\"typeId\":\"15\",\"authorId\":\"1\",\"title\":\"Izzy Hsieh - Guest Relations Manager\",\"slug\":\"izzy-hsieh-guest-relations-manager\",\"postDate\":1491508920,\"expiryDate\":null,\"enabled\":1,\"parentId\":\"\",\"fields\":{\"1\":\"\",\"21\":[\"239\"],\"34\":\"izzy@mbarseattle.com\\r\\n<br><br>\\r\\n\\\"You wanna try a weird snack?  It\'s really good. I swear.\\\"\"}}', '2017-04-30 18:31:11', '2017-04-30 18:31:11', '7f6b2107-d7d9-46c9-8bb6-10f49d7c568c'),
 ('386', '205', '15', '1', 'en_us', '7', '', '{\"typeId\":\"15\",\"authorId\":\"1\",\"title\":\"Will Moseley - Manager, Business Development\",\"slug\":\"will\",\"postDate\":1490395800,\"expiryDate\":null,\"enabled\":1,\"parentId\":\"\",\"fields\":{\"1\":\"\",\"21\":[\"248\"],\"34\":\"will@mamnoonrestaurant.com\"}}', '2017-04-30 18:31:20', '2017-04-30 18:31:20', '4af58360-ffb8-4571-bb91-78d3f524f5d4'),
 ('387', '249', '15', '1', 'en_us', '2', '', '{\"typeId\":\"15\",\"authorId\":\"1\",\"title\":\"Anthony Reynaga - Sous Chef\",\"slug\":\"anthony-reynaga-sous-chef\",\"postDate\":1493410260,\"expiryDate\":null,\"enabled\":1,\"parentId\":\"\",\"fields\":{\"1\":\"\",\"21\":[\"246\"],\"34\":\"anthony@mbarseattle.com\"}}', '2017-04-30 18:31:28', '2017-04-30 18:31:28', 'add10a0f-9c25-4ebe-8599-a8e7508b657d'),
 ('388', '204', '17', '1', 'en_us', '19', '', '{\"typeId\":\"17\",\"authorId\":\"1\",\"title\":\"Notes\",\"slug\":\"timed-announcement\",\"postDate\":1493342700,\"expiryDate\":1493969400,\"enabled\":1,\"parentId\":null,\"fields\":{\"33\":\"RESERVATIONS ARE FOR OUR DINING ROOM AND INTERIOR BAR ONLY.  Our patio is seated on a first come, first serve basis with the exception of event bookings.  Groups for the patio must be complete before seating.  \"}}', '2017-04-30 18:56:19', '2017-04-30 18:56:19', '6f39b5aa-00df-4fc6-9ab2-8a1cc536ff0a'),
 ('389', '204', '17', '1', 'en_us', '20', '', '{\"typeId\":\"17\",\"authorId\":\"1\",\"title\":\"Entry 204\",\"slug\":\"timed-announcement\",\"postDate\":1493342700,\"expiryDate\":1493969400,\"enabled\":0,\"parentId\":null,\"fields\":{\"33\":\"\"}}', '2017-04-30 20:25:39', '2017-04-30 20:25:39', '6155993c-7b58-4dc4-9f7a-9909478d9b85'),
 ('390', '253', '18', '1', 'en_us', '4', '', '{\"typeId\":\"18\",\"authorId\":\"1\",\"title\":\"reservations\",\"slug\":\"reservations\",\"postDate\":1493560260,\"expiryDate\":null,\"enabled\":1,\"parentId\":null,\"fields\":{\"26\":\"<p>WE&nbsp;ARE&nbsp;CLOSED&nbsp;TODAY, MAY 4TH, FOR&nbsp;A&nbsp;PRIVATE&nbsp;FUNCTION.<\\/p>\",\"27\":\"<p>Our Ground Control bar will remain open to the public and we hope to see you soon!<\\/p>\"}}', '2017-05-04 18:38:36', '2017-05-04 18:38:36', '45785012-ae9e-472a-b100-cf8c4fca5ee1'),
 ('391', '218', '5', '1', 'en_us', '2', NULL, '{\"typeId\":\"5\",\"authorId\":\"1\",\"title\":\"Spring vegetable broth with black rice, english peas & parmegiano-reggiano\",\"slug\":\"hedgehog-mushroom-soup-with-toasted-pine-nuts-pine-bud-syrup\",\"postDate\":1491945031,\"expiryDate\":null,\"enabled\":\"1\",\"parentId\":null,\"fields\":{\"20\":\"11\"}}', '2017-05-04 19:12:20', '2017-05-04 19:12:20', '99a5b045-787e-48c7-9221-199da03f1545'),
 ('392', '204', '17', '1', 'en_us', '21', '', '{\"typeId\":\"17\",\"authorId\":\"1\",\"title\":\"WE ARE CLOSED TODAY, MAY 4TH, FOR A PRIVATE FUNCTION.\",\"slug\":\"timed-announcement\",\"postDate\":1493342700,\"expiryDate\":1493969400,\"enabled\":1,\"parentId\":null,\"fields\":{\"33\":\"\"}}', '2017-05-04 22:02:42', '2017-05-04 22:02:42', 'ac6e0380-d1d8-46a9-a3b4-ffcf72a8431d'),
 ('393', '204', '17', '1', 'en_us', '22', '', '{\"typeId\":\"17\",\"authorId\":\"1\",\"title\":\"WE ARE CLOSED TODAY, MAY 4TH, FOR A PRIVATE FUNCTION.\",\"slug\":\"timed-announcement\",\"postDate\":1493342700,\"expiryDate\":1493969400,\"enabled\":1,\"parentId\":null,\"fields\":{\"33\":\"Our Ground Control bar will remain open to the public and we hope to see you soon!\"}}', '2017-05-04 22:03:17', '2017-05-04 22:03:17', '11909fed-fe03-4080-961f-76f6241cf2df'),
 ('394', '253', '18', '1', 'en_us', '5', '', '{\"typeId\":\"18\",\"authorId\":\"1\",\"title\":\"reservations\",\"slug\":\"reservations\",\"postDate\":1493560260,\"expiryDate\":null,\"enabled\":1,\"parentId\":null,\"fields\":{\"26\":\"<p>RESERVATIONS ARE FOR OUR DINING ROOM AND INTERIOR BAR ONLY&nbsp;<br>Our patio is seated on a first come, first serve basis with<br>the exception of event bookings.<\\/p>\",\"27\":\"<p>Our patio is seated on a first come, first serve basis with<br>the exception of event bookings.<\\/p>\"}}', '2017-05-04 22:04:50', '2017-05-04 22:04:50', '72c55e23-18de-40bf-8edd-a6b0b6ae58a8'),
 ('395', '253', '18', '1', 'en_us', '6', '', '{\"typeId\":\"18\",\"authorId\":\"1\",\"title\":\"reservations\",\"slug\":\"reservations\",\"postDate\":1493560260,\"expiryDate\":null,\"enabled\":1,\"parentId\":null,\"fields\":{\"26\":\"<p>RESERVATIONS ARE FOR OUR DINING ROOM AND INTERIOR BAR ONLY&nbsp;<br><\\/p>\",\"27\":\"<p>Our patio is seated on a first come, first serve basis with<br>the exception of event bookings.<\\/p>\"}}', '2017-05-04 22:05:00', '2017-05-04 22:05:00', '4bc441ad-9e57-4db5-b19a-74d630dbfe7e'),
 ('396', '204', '17', '1', 'en_us', '23', '', '{\"typeId\":\"17\",\"authorId\":\"1\",\"title\":\"WE ARE CLOSED TODAY, MAY 4TH, FOR A PRIVATE FUNCTION.\",\"slug\":\"timed-announcement\",\"postDate\":1493342700,\"expiryDate\":1493969400,\"enabled\":1,\"parentId\":null,\"fields\":{\"33\":\"Our Ground Control bar will remain open to the public and we hope to see you soon!\"}}', '2017-05-04 22:26:25', '2017-05-04 22:26:25', '94911de1-39a0-40dd-99e0-3014e3ef331d'),
 ('397', '204', '17', '1', 'en_us', '24', '', '{\"typeId\":\"17\",\"authorId\":\"1\",\"title\":\"WE ARE CLOSED TODAY, MAY 4TH, FOR A PRIVATE FUNCTION.\",\"slug\":\"timed-announcement\",\"postDate\":1493342700,\"expiryDate\":1493969400,\"enabled\":1,\"parentId\":null,\"fields\":{\"33\":\"Our Ground Control bar will remain open to the public and we hope to see you soon!Our Ground Control bar will remain open to the public and we hope to see you soon!\"}}', '2017-05-04 22:26:40', '2017-05-04 22:26:40', '7bdd5a2f-ef36-40cf-852b-d8d4fc9b48b2'),
 ('398', '204', '17', '1', 'en_us', '25', '', '{\"typeId\":\"17\",\"authorId\":\"1\",\"title\":\"WE ARE CLOSED TODAY, MAY 4TH, FOR A PRIVATE FUNCTION.\",\"slug\":\"timed-announcement\",\"postDate\":1493342700,\"expiryDate\":1493969400,\"enabled\":1,\"parentId\":null,\"fields\":{\"33\":\"Our Ground Control bar will remain open to the public and we hope to see you soon!\"}}', '2017-05-04 22:26:57', '2017-05-04 22:26:57', 'a4a1cd70-5ace-489b-9c21-bb70fdc98de1'),
 ('399', '88', '15', '1', 'en_us', '16', '', '{\"typeId\":\"15\",\"authorId\":\"1\",\"title\":\"Wassef Haroun - Owner\",\"slug\":\"wassef\",\"postDate\":1488736680,\"expiryDate\":null,\"enabled\":1,\"parentId\":\"\",\"fields\":{\"1\":\"\",\"21\":[\"252\"],\"34\":\"Wassef Haroun was born in Syria and raised in Lebanon before moving to the United States for school. After leaving a career in technology and computer science, Wassef turned to mamnoon as an experiment to bring the food and traditions of the levant to an American audience and to bridge the apparent gaps between the two cultures he inhabits. True to his geek background, Wassef has his hands in innumerable projects, big and small, around the restaurant in order to make the mamnoon experience universally compelling.\"}}', '2017-05-04 22:49:29', '2017-05-04 22:49:29', '17dafca0-9fc0-4669-8fcd-a35264095e98'),
 ('400', '89', '15', '1', 'en_us', '12', '', '{\"typeId\":\"15\",\"authorId\":\"1\",\"title\":\"Racha Haroun - Owner\",\"slug\":\"racha\",\"postDate\":1488736740,\"expiryDate\":null,\"enabled\":1,\"parentId\":\"\",\"fields\":{\"1\":\"\",\"21\":[\"38\"],\"34\":\"Racha Haroun was born in London, England to a Syrian father and Iranian mother. Racha came with her family to Houston, Texas from Damascus in 1982 where she attended college and met her husband Wassef. Racha grew up in a household where hospitality was prized and where both cuisines and palates were equally valued and integrated. Racha is deeply involved in the cultural community of Seattle and is a crucial part of the palate, menu development, and creative process behind the mamnoon aesthetic.\"}}', '2017-05-04 22:49:38', '2017-05-04 22:49:38', '3fb1d236-bef6-4eb6-879b-0eca8b984c62'),
 ('401', '253', '18', '1', 'en_us', '7', '', '{\"typeId\":\"18\",\"authorId\":\"1\",\"title\":\"reservations ONLY\",\"slug\":\"reservations\",\"postDate\":1493560260,\"expiryDate\":null,\"enabled\":1,\"parentId\":null,\"fields\":{\"26\":\"<p>RESERVATIONS ARE FOR OUR DINING ROOM AND INTERIOR BAR ONLY&nbsp;<br><\\/p>\",\"27\":\"<p>Our patio is seated on a first come, first serve basis with<br>the exception of event bookings.<\\/p>\"}}', '2017-05-04 23:01:21', '2017-05-04 23:01:21', '8471e912-7a61-4b8f-a2cc-3cc477c2b432'),
 ('402', '253', '18', '1', 'en_us', '8', '', '{\"typeId\":\"18\",\"authorId\":\"1\",\"title\":\"reservations\",\"slug\":\"reservations\",\"postDate\":1493560260,\"expiryDate\":null,\"enabled\":1,\"parentId\":null,\"fields\":{\"26\":\"<p>RESERVATIONS ARE FOR OUR DINING ROOM AND INTERIOR BAR ONLY&nbsp;<br><\\/p>\",\"27\":\"<p>Our patio is seated on a first come, first serve basis with<br>the exception of event bookings.<\\/p>\"}}', '2017-05-04 23:01:51', '2017-05-04 23:01:51', '6a6ce3b0-d3e5-4045-9b5d-f703760d9dca'),
 ('403', '2', '1', '1', 'en_us', '28', '', '{\"typeId\":null,\"authorId\":null,\"title\":\"MBAR Seattle\",\"slug\":\"homepage\",\"postDate\":1488661519,\"expiryDate\":null,\"enabled\":1,\"parentId\":null,\"fields\":{\"3\":{\"4\":{\"type\":\"hero\",\"enabled\":\"1\",\"fields\":{\"nav\":\"nav\",\"contactInformation\":\"\"}},\"232\":{\"type\":\"instagramFeed\",\"enabled\":\"1\",\"fields\":{\"instagramUserId\":\"\"}},\"6\":{\"type\":\"menu\",\"enabled\":\"1\",\"fields\":{\"menuCategory\":\"category\"}},\"9\":{\"type\":\"findUs\",\"enabled\":\"1\",\"fields\":{\"youtubeUrl\":\"<iframe width=\\\"560\\\" height=\\\"315\\\" src=\\\"https:\\/\\/www.youtube-nocookie.com\\/embed\\/i62ybmvQTBs?rel=0&amp;showinfo=0\\\" frameborder=\\\"0\\\" allowfullscreen><\\/iframe>\",\"googleMapsUrl\":\"<iframe id=\\\"map_canvas1\\\" src=\\\"https:\\/\\/www.google.com\\/maps\\/embed?pb=!1m18!1m12!1m3!1d2689.184385013476!2d-122.33610738436896!3d47.622546979185586!2m3!1f0!2f0!3f0!3m2!1i1024!2i768!4f13.1!3m3!1m2!1s0x5490153730e9f873%3A0x325c1d7191a859d2!2sMBar!5e0!3m2!1sen!2sus!4v1488138274430\\\" width=\\\"680\\\" height=\\\"381\\\" frameborder=\\\"0\\\" style=\\\"border:0; margin-top: -150px;\\\" allowfullscreen><\\/iframe>\"}},\"46\":{\"type\":\"about\",\"enabled\":\"1\",\"fields\":{\"aboutUsTitle\":\"about us\"}},\"10\":{\"type\":\"eventsBooking\",\"enabled\":\"1\",\"fields\":{\"eventsBookingTitle\":\"events booking\",\"eventsbookingDescription\":\"Please fill out the inquiry form and our event planner will reach out to you within 48 hours.  Please include the preferred date, time, guest count, location in restaurant, and any special requests for your event.\",\"eventsbookingRecipientEmail\":\"joe.waine@gmail.com\"}},\"7\":{\"type\":\"ourFamily\",\"enabled\":\"1\",\"fields\":{\"familyTitle\":\"family\"}},\"8\":{\"type\":\"media\",\"enabled\":\"1\",\"fields\":{\"mediaTitle\":\"media\"}}}}}', '2017-05-07 18:37:19', '2017-05-07 18:37:19', '413daa5d-08aa-4d15-9776-97bc5f2d2b33'),
 ('404', '2', '1', '1', 'en_us', '29', '', '{\"typeId\":null,\"authorId\":null,\"title\":\"MBAR Seattle\",\"slug\":\"homepage\",\"postDate\":1488661519,\"expiryDate\":null,\"enabled\":1,\"parentId\":null,\"fields\":{\"3\":{\"4\":{\"type\":\"hero\",\"enabled\":\"1\",\"fields\":{\"nav\":\"nav\",\"contactInformation\":\"\"}},\"232\":{\"type\":\"instagramFeed\",\"enabled\":\"1\",\"fields\":{\"instagramUserId\":\"\"}},\"6\":{\"type\":\"menu\",\"enabled\":\"1\",\"fields\":{\"menuCategory\":\"category\"}},\"9\":{\"type\":\"findUs\",\"enabled\":\"1\",\"fields\":{\"youtubeUrl\":\"<iframe width=\\\"560\\\" height=\\\"315\\\" src=\\\"https:\\/\\/www.youtube-nocookie.com\\/embed\\/i62ybmvQTBs?rel=0&amp;showinfo=0\\\" frameborder=\\\"0\\\" allowfullscreen><\\/iframe>\",\"googleMapsUrl\":\"<iframe id=\\\"map_canvas1\\\" src=\\\"https:\\/\\/www.google.com\\/maps\\/embed?pb=!1m18!1m12!1m3!1d2689.184385013476!2d-122.33610738436896!3d47.622546979185586!2m3!1f0!2f0!3f0!3m2!1i1024!2i768!4f13.1!3m3!1m2!1s0x5490153730e9f873%3A0x325c1d7191a859d2!2sMBar!5e0!3m2!1sen!2sus!4v1488138274430\\\" width=\\\"680\\\" height=\\\"381\\\" frameborder=\\\"0\\\" style=\\\"border:0; margin-top: -150px;\\\" allowfullscreen><\\/iframe>\"}},\"46\":{\"type\":\"about\",\"enabled\":\"1\",\"fields\":{\"aboutUsTitle\":\"about us\"}},\"10\":{\"type\":\"eventsBooking\",\"enabled\":\"1\",\"fields\":{\"eventsBookingTitle\":\"events booking\",\"eventsbookingDescription\":\"Please fill out the inquiry form and our event planner will reach out to you within 48 hours.  Please include the preferred date, time, guest count, location in restaurant, and any special requests for your event.\",\"eventsbookingRecipientEmail\":\"erin@mbarseattle.com\"}},\"7\":{\"type\":\"ourFamily\",\"enabled\":\"1\",\"fields\":{\"familyTitle\":\"family\"}},\"8\":{\"type\":\"media\",\"enabled\":\"1\",\"fields\":{\"mediaTitle\":\"media\"}}}}}', '2017-05-07 18:50:15', '2017-05-07 18:50:15', '8036b1c6-d510-4083-963f-2772a498e702'),
 ('405', '2', '1', '1', 'en_us', '30', '', '{\"typeId\":null,\"authorId\":null,\"title\":\"MBAR Seattle\",\"slug\":\"homepage\",\"postDate\":1488661519,\"expiryDate\":null,\"enabled\":1,\"parentId\":null,\"fields\":{\"3\":{\"4\":{\"type\":\"hero\",\"enabled\":\"1\",\"fields\":{\"nav\":\"nav\",\"contactInformation\":\"\"}},\"232\":{\"type\":\"instagramFeed\",\"enabled\":\"1\",\"fields\":{\"instagramUserId\":\"\"}},\"6\":{\"type\":\"menu\",\"enabled\":\"1\",\"fields\":{\"menuCategory\":\"category\"}},\"9\":{\"type\":\"findUs\",\"enabled\":\"1\",\"fields\":{\"youtubeUrl\":\"<iframe width=\\\"560\\\" height=\\\"315\\\" src=\\\"https:\\/\\/www.youtube-nocookie.com\\/embed\\/i62ybmvQTBs?rel=0&amp;showinfo=0\\\" frameborder=\\\"0\\\" allowfullscreen><\\/iframe>\",\"googleMapsUrl\":\"<iframe id=\\\"map_canvas1\\\" src=\\\"https:\\/\\/www.google.com\\/maps\\/embed?pb=!1m18!1m12!1m3!1d2689.184385013476!2d-122.33610738436896!3d47.622546979185586!2m3!1f0!2f0!3f0!3m2!1i1024!2i768!4f13.1!3m3!1m2!1s0x5490153730e9f873%3A0x325c1d7191a859d2!2sMBar!5e0!3m2!1sen!2sus!4v1488138274430\\\" width=\\\"680\\\" height=\\\"381\\\" frameborder=\\\"0\\\" style=\\\"border:0; margin-top: -150px;\\\" allowfullscreen><\\/iframe>\"}},\"46\":{\"type\":\"about\",\"enabled\":\"1\",\"fields\":{\"aboutUsTitle\":\"about us\"}},\"10\":{\"type\":\"eventsBooking\",\"enabled\":\"1\",\"fields\":{\"eventsBookingTitle\":\"events booking\",\"eventsbookingDescription\":\"Please fill out the inquiry form and our event planner will reach out to you within 48 hours.  Please include the preferred date, time, guest count, location in restaurant, and any special requests for your event.\",\"eventsbookingRecipientEmail\":\"events@mbarseattle.com\"}},\"7\":{\"type\":\"ourFamily\",\"enabled\":\"1\",\"fields\":{\"familyTitle\":\"family\"}},\"8\":{\"type\":\"media\",\"enabled\":\"1\",\"fields\":{\"mediaTitle\":\"media\"}}}}}', '2017-05-08 19:39:46', '2017-05-08 19:39:46', '6e551560-c661-4803-a2e0-65934ba426af'),
 ('406', '204', '17', '1', 'en_us', '26', '', '{\"typeId\":\"17\",\"authorId\":\"1\",\"title\":\"WE ARE CLOSED TODAY, MAY 9TH, FOR A PRIVATE FUNCTION.\",\"slug\":\"timed-announcement\",\"postDate\":1493342700,\"expiryDate\":1494401400,\"enabled\":1,\"parentId\":null,\"fields\":{\"33\":\"Our Ground Control bar will remain open to the public and we hope to see you soon!\"}}', '2017-05-09 18:50:52', '2017-05-09 18:50:52', '4d37e191-bd8f-4c37-99ca-4a57c1c34a21'),
 ('407', '2', '1', '1', 'en_us', '31', '', '{\"typeId\":null,\"authorId\":null,\"title\":\"MBAR Seattle\",\"slug\":\"homepage\",\"postDate\":1488661519,\"expiryDate\":null,\"enabled\":1,\"parentId\":null,\"fields\":{\"3\":{\"4\":{\"type\":\"hero\",\"enabled\":\"1\",\"fields\":{\"nav\":\"nav\",\"contactInformation\":\"\"}},\"232\":{\"type\":\"instagramFeed\",\"enabled\":\"1\",\"fields\":{\"instagramUserId\":\"\"}},\"6\":{\"type\":\"menu\",\"enabled\":\"1\",\"fields\":{\"menuCategory\":\"category\"}},\"9\":{\"type\":\"findUs\",\"enabled\":\"1\",\"fields\":{\"youtubeUrl\":\"<iframe width=\\\"560\\\" height=\\\"315\\\" src=\\\"https:\\/\\/www.youtube-nocookie.com\\/embed\\/i62ybmvQTBs?rel=0&amp;showinfo=0\\\" frameborder=\\\"0\\\" allowfullscreen><\\/iframe>\",\"googleMapsUrl\":\"<iframe id=\\\"map_canvas1\\\" src=\\\"https:\\/\\/www.google.com\\/maps\\/embed?pb=!1m18!1m12!1m3!1d2689.184385013476!2d-122.33610738436896!3d47.622546979185586!2m3!1f0!2f0!3f0!3m2!1i1024!2i768!4f13.1!3m3!1m2!1s0x5490153730e9f873%3A0x325c1d7191a859d2!2sMBar!5e0!3m2!1sen!2sus!4v1488138274430\\\" width=\\\"680\\\" height=\\\"381\\\" frameborder=\\\"0\\\" style=\\\"border:0; margin-top: -150px;\\\" allowfullscreen><\\/iframe>\"}},\"46\":{\"type\":\"about\",\"enabled\":\"1\",\"fields\":{\"aboutUsTitle\":\"about us\"}},\"10\":{\"type\":\"eventsBooking\",\"enabled\":\"1\",\"fields\":{\"eventsBookingTitle\":\"events booking\",\"eventsbookingDescription\":\"We are currently at capacity for events until September.  Our apologies for any inconvenience, but our event coordination team may not respond to any inquiries for events taking place before September.\",\"eventsbookingRecipientEmail\":\"events@mbarseattle.com\"}},\"7\":{\"type\":\"ourFamily\",\"enabled\":\"1\",\"fields\":{\"familyTitle\":\"family\"}},\"8\":{\"type\":\"media\",\"enabled\":\"1\",\"fields\":{\"mediaTitle\":\"media\"}}}}}', '2017-05-11 23:08:01', '2017-05-11 23:08:01', '80276e8b-81a5-497c-9f38-8299b1aff9b8'),
 ('408', '2', '1', '1', 'en_us', '32', '', '{\"typeId\":null,\"authorId\":null,\"title\":\"MBAR Seattle\",\"slug\":\"homepage\",\"postDate\":1488661519,\"expiryDate\":null,\"enabled\":1,\"parentId\":null,\"fields\":{\"3\":{\"4\":{\"type\":\"hero\",\"enabled\":\"1\",\"fields\":{\"nav\":\"nav\",\"contactInformation\":\"\"}},\"232\":{\"type\":\"instagramFeed\",\"enabled\":\"1\",\"fields\":{\"instagramUserId\":\"\"}},\"6\":{\"type\":\"menu\",\"enabled\":\"1\",\"fields\":{\"menuCategory\":\"category\"}},\"9\":{\"type\":\"findUs\",\"enabled\":\"1\",\"fields\":{\"youtubeUrl\":\"<iframe width=\\\"560\\\" height=\\\"315\\\" src=\\\"https:\\/\\/www.youtube-nocookie.com\\/embed\\/i62ybmvQTBs?rel=0&amp;showinfo=0\\\" frameborder=\\\"0\\\" allowfullscreen><\\/iframe>\",\"googleMapsUrl\":\"<iframe id=\\\"map_canvas1\\\" src=\\\"https:\\/\\/www.google.com\\/maps\\/embed?pb=!1m18!1m12!1m3!1d2689.184385013476!2d-122.33610738436896!3d47.622546979185586!2m3!1f0!2f0!3f0!3m2!1i1024!2i768!4f13.1!3m3!1m2!1s0x5490153730e9f873%3A0x325c1d7191a859d2!2sMBar!5e0!3m2!1sen!2sus!4v1488138274430\\\" width=\\\"680\\\" height=\\\"381\\\" frameborder=\\\"0\\\" style=\\\"border:0; margin-top: -150px;\\\" allowfullscreen><\\/iframe>\"}},\"46\":{\"type\":\"about\",\"enabled\":\"1\",\"fields\":{\"aboutUsTitle\":\"about us\"}},\"10\":{\"type\":\"eventsBooking\",\"enabled\":\"1\",\"fields\":{\"eventsBookingTitle\":\"events booking\",\"eventsbookingDescription\":\"We are currently fully committed for events until September.  Our apologies for any inconvenience, but our event coordination team may not respond to any inquiries for events taking place before September.\",\"eventsbookingRecipientEmail\":\"events@mbarseattle.com\"}},\"7\":{\"type\":\"ourFamily\",\"enabled\":\"1\",\"fields\":{\"familyTitle\":\"family\"}},\"8\":{\"type\":\"media\",\"enabled\":\"1\",\"fields\":{\"mediaTitle\":\"media\"}}}}}', '2017-05-11 23:08:26', '2017-05-11 23:08:26', '65e0c5a2-6917-4ce4-af31-bbea934fc90b'),
 ('409', '253', '18', '1', 'en_us', '9', '', '{\"typeId\":\"18\",\"authorId\":\"1\",\"title\":\"reservations\",\"slug\":\"reservations\",\"postDate\":1493560260,\"expiryDate\":null,\"enabled\":1,\"parentId\":null,\"fields\":{\"26\":\"<p>RESERVATIONS ARE FOR OUR DINING ROOM AND INTERIOR BAR ONLY&nbsp;<br><\\/p>\",\"27\":\"<p>Our patio is seated on a first come, first serve basis with<br>the exception of event bookings. &nbsp;PARTIES&nbsp;MUST&nbsp;BE&nbsp;COMPLETED&nbsp;BEFORE&nbsp;SEATING<\\/p>\"}}', '2017-05-11 23:09:52', '2017-05-11 23:09:52', '2e04cf9f-5541-420c-8298-81239abe67bf'),
 ('410', '253', '18', '1', 'en_us', '10', '', '{\"typeId\":\"18\",\"authorId\":\"1\",\"title\":\"reservations\",\"slug\":\"reservations\",\"postDate\":1493560260,\"expiryDate\":null,\"enabled\":1,\"parentId\":null,\"fields\":{\"26\":\"<p>RESERVATIONS ARE FOR OUR DINING ROOM AND INTERIOR BAR ONLY&nbsp;<br><\\/p>\",\"27\":\"<p>Our patio is seated on a first come, first serve basis with&nbsp;the&nbsp;exception<\\/p><p>of&nbsp;event bookings. PARTIES&nbsp;MUST&nbsp;BE&nbsp;COMPLETED&nbsp;BEFORE&nbsp;SEATING<br><\\/p>\"}}', '2017-05-17 20:33:04', '2017-05-17 20:33:04', '60d552a1-1fea-493f-b0f2-a3f565df44b3'),
 ('411', '253', '18', '1', 'en_us', '11', '', '{\"typeId\":\"18\",\"authorId\":\"1\",\"title\":\"reservations\",\"slug\":\"reservations\",\"postDate\":1493560260,\"expiryDate\":null,\"enabled\":1,\"parentId\":null,\"fields\":{\"26\":\"<p>RESERVATIONS ARE FOR OUR DINING ROOM AND INTERIOR BAR ONLY&nbsp;<br><\\/p>\",\"27\":\"<p>Our patio is seated on a first come, first serve basis with&nbsp;the&nbsp;exception&nbsp;of&nbsp;event bookings. PARTIES&nbsp;MUST&nbsp;BE&nbsp;COMPLETED&nbsp;BEFORE&nbsp;SEATING<\\/p>\"}}', '2017-05-17 20:33:19', '2017-05-17 20:33:19', 'd7e59068-6a0a-43e5-93d3-3c9131d1fbd9'),
 ('412', '253', '18', '1', 'en_us', '12', '', '{\"typeId\":\"18\",\"authorId\":\"1\",\"title\":\"reservations\",\"slug\":\"reservations\",\"postDate\":1493560260,\"expiryDate\":null,\"enabled\":1,\"parentId\":null,\"fields\":{\"26\":\"<p>RESERVATIONS ARE FOR OUR DINING ROOM AND INTERIOR BAR ONLY&nbsp;<br><\\/p>\",\"27\":\"<p>Our patio is seated on a first come, first serve basis&nbsp;with&nbsp;the&nbsp;exception&nbsp;of&nbsp;event bookings. PARTIES&nbsp;MUST&nbsp;BE&nbsp;COMPLETED&nbsp;BEFORE&nbsp;SEATING<\\/p>\"}}', '2017-05-17 20:34:29', '2017-05-17 20:34:29', '8ff7e704-865e-4b41-9538-9d97e3ec764a'),
 ('413', '253', '18', '1', 'en_us', '13', '', '{\"typeId\":\"18\",\"authorId\":\"1\",\"title\":\"reservations\",\"slug\":\"reservations\",\"postDate\":1493560260,\"expiryDate\":null,\"enabled\":1,\"parentId\":null,\"fields\":{\"26\":\"<p>RESERVATIONS ARE FOR OUR DINING ROOM AND INTERIOR BAR ONLY&nbsp;<br><\\/p>\",\"27\":\"<p>Our patio is seated on a first come, first serve basis with the exception&nbsp;<br>of event bookings. PARTIES MUST BE COMPLETED BEFORE SEATING<\\/p><p><span><\\/span><\\/p>\"}}', '2017-05-17 20:36:08', '2017-05-17 20:36:08', '2d09af96-880b-48ae-9001-73db2db726a4');



DROP TABLE IF EXISTS `craft_fieldgroups`;


--
-- Schema for table `craft_fieldgroups`
--
CREATE TABLE `craft_fieldgroups` (
  `id` int(11) NOT NULL AUTO_INCREMENT,
  `name` varchar(255) COLLATE utf8_unicode_ci NOT NULL,
  `dateCreated` datetime NOT NULL,
  `dateUpdated` datetime NOT NULL,
  `uid` char(36) COLLATE utf8_unicode_ci NOT NULL DEFAULT '0',
  PRIMARY KEY (`id`),
  UNIQUE KEY `craft_fieldgroups_name_unq_idx` (`name`)
) ENGINE=InnoDB AUTO_INCREMENT=3 DEFAULT CHARSET=utf8 COLLATE=utf8_unicode_ci;

--
-- Data for table `craft_fieldgroups`
--

INSERT INTO `craft_fieldgroups` (`id`, `name`, `dateCreated`, `dateUpdated`, `uid`) VALUES
 ('1', 'Default', '2017-03-04 21:05:19', '2017-03-04 21:05:19', '182ae3f1-1ea2-4748-9101-c55b72b9034e'),
 ('2', 'Food Menu', '2017-03-04 22:23:57', '2017-03-04 22:23:57', 'fed57c03-58b7-435d-9f2a-eb3c3ebee0cd');



DROP TABLE IF EXISTS `craft_fieldlayoutfields`;


--
-- Schema for table `craft_fieldlayoutfields`
--
CREATE TABLE `craft_fieldlayoutfields` (
  `id` int(11) NOT NULL AUTO_INCREMENT,
  `layoutId` int(11) NOT NULL,
  `tabId` int(11) NOT NULL,
  `fieldId` int(11) NOT NULL,
  `required` tinyint(1) unsigned NOT NULL DEFAULT '0',
  `sortOrder` smallint(6) unsigned DEFAULT NULL,
  `dateCreated` datetime NOT NULL,
  `dateUpdated` datetime NOT NULL,
  `uid` char(36) COLLATE utf8_unicode_ci NOT NULL DEFAULT '0',
  PRIMARY KEY (`id`),
  UNIQUE KEY `craft_fieldlayoutfields_layoutId_fieldId_unq_idx` (`layoutId`,`fieldId`),
  KEY `craft_fieldlayoutfields_sortOrder_idx` (`sortOrder`),
  KEY `craft_fieldlayoutfields_tabId_fk` (`tabId`),
  KEY `craft_fieldlayoutfields_fieldId_fk` (`fieldId`)
) ENGINE=InnoDB AUTO_INCREMENT=190 DEFAULT CHARSET=utf8 COLLATE=utf8_unicode_ci;

--
-- Data for table `craft_fieldlayoutfields`
--

INSERT INTO `craft_fieldlayoutfields` (`id`, `layoutId`, `tabId`, `fieldId`, `required`, `sortOrder`, `dateCreated`, `dateUpdated`, `uid`) VALUES
 ('2', '5', '2', '1', '1', '1', '2017-03-04 21:05:20', '2017-03-04 21:05:20', '0a7e47c4-ac85-4012-86d7-b9a03cf78534'),
 ('3', '5', '2', '2', '0', '2', '2017-03-04 21:05:20', '2017-03-04 21:05:20', 'f28877e0-45c8-4519-80e6-aad7001d6bd4'),
 ('10', '12', '9', '3', '0', '1', '2017-03-04 21:17:15', '2017-03-04 21:17:15', '781eaafe-4bad-4b48-a07a-dfb147dc0880'),
 ('99', '91', '87', '15', '0', '1', '2017-03-04 22:26:35', '2017-03-04 22:26:35', '44bb0ee8-64b6-4df5-99e7-dcc37f7d42bc'),
 ('100', '91', '87', '16', '0', '2', '2017-03-04 22:26:35', '2017-03-04 22:26:35', '6f0d68b0-e0f6-4e18-8d25-476da8421602'),
 ('106', '97', '90', '18', '0', '1', '2017-03-04 23:08:46', '2017-03-04 23:08:46', 'd4f9eefe-bf2d-45c5-bca8-8912488e6a9c'),
 ('107', '97', '90', '19', '0', '2', '2017-03-04 23:08:46', '2017-03-04 23:08:46', '9c171ce7-d946-4ba6-a093-e9d011c0bd35'),
 ('108', '98', '91', '17', '0', '1', '2017-03-04 23:09:36', '2017-03-04 23:09:36', 'aab12215-713b-4503-96f3-c3bbe92ff06a'),
 ('109', '99', '92', '20', '0', '1', '2017-03-04 23:39:23', '2017-03-04 23:39:23', '1d561688-f35f-46ac-a70b-6a1d98ff50be'),
 ('121', '117', '99', '21', '0', '1', '2017-03-05 03:28:26', '2017-03-05 03:28:26', '1e5d8969-1576-4a86-9ab6-158d48f6a505'),
 ('122', '117', '99', '22', '0', '2', '2017-03-05 03:28:26', '2017-03-05 03:28:26', '8091a675-e05d-475b-a5d1-06d15435805a'),
 ('123', '121', '100', '24', '1', '1', '2017-03-05 03:59:30', '2017-03-05 03:59:30', '69c9db0a-aa84-4180-a1b7-65b24c08b265'),
 ('124', '121', '100', '25', '1', '2', '2017-03-05 03:59:30', '2017-03-05 03:59:30', '90d51bd3-f85d-433d-b703-153e07258021'),
 ('125', '126', '101', '26', '0', '1', '2017-03-05 17:21:03', '2017-03-05 17:21:03', '67196384-d14b-4b82-a511-b0cfcf0c61f5'),
 ('126', '126', '101', '27', '0', '2', '2017-03-05 17:21:03', '2017-03-05 17:21:03', '5fbd2200-c962-4f2d-8e1a-782a7d1bbcfc'),
 ('127', '126', '101', '28', '0', '3', '2017-03-05 17:21:03', '2017-03-05 17:21:03', '220c159d-8f68-4d93-be28-b371489e8771'),
 ('139', '136', '110', '21', '0', '1', '2017-03-05 17:32:34', '2017-03-05 17:32:34', '90ffcde8-6817-4b71-9635-f1fdef0445ab'),
 ('156', '150', '121', '1', '0', '1', '2017-03-05 18:08:57', '2017-03-05 18:08:57', '732f5ce4-8d15-4974-ac63-ee15a2f22a69'),
 ('157', '150', '121', '21', '0', '2', '2017-03-05 18:08:57', '2017-03-05 18:08:57', 'eecb38f7-dd4b-4488-97fd-2285fea24e0d'),
 ('158', '150', '121', '31', '0', '3', '2017-03-05 18:08:57', '2017-03-05 18:08:57', '603fa7e0-9388-4afc-b18f-fc9167952db5'),
 ('159', '150', '121', '30', '0', '4', '2017-03-05 18:08:57', '2017-03-05 18:08:57', '618216d7-4243-4179-ab9c-a7b4c832b214'),
 ('160', '152', '122', '33', '0', '1', '2017-03-21 03:06:01', '2017-03-21 03:06:01', '43472147-a0f9-4b3e-8e4a-91bb1f043ec1'),
 ('161', '153', '123', '1', '1', '1', '2017-04-08 23:35:39', '2017-04-08 23:35:39', '15f130de-c98b-495a-8663-d85c10045a46'),
 ('162', '153', '123', '21', '1', '2', '2017-04-08 23:35:39', '2017-04-08 23:35:39', '46686adb-bf26-4dcb-87a7-b22d619808f0'),
 ('168', '157', '126', '26', '0', '1', '2017-04-30 13:57:42', '2017-04-30 13:57:42', '9c6c578e-a04f-4990-8f4c-d88ce019f939'),
 ('169', '157', '126', '27', '0', '2', '2017-04-30 13:57:42', '2017-04-30 13:57:42', 'c7690274-a9bf-494f-8403-b71d244ab20a'),
 ('170', '159', '127', '1', '0', '1', '2017-04-30 17:35:45', '2017-04-30 17:35:45', 'd81ba33a-dc40-49b0-a283-65cc97fd46ab'),
 ('171', '161', '128', '1', '0', '1', '2017-04-30 17:41:31', '2017-04-30 17:41:31', '145f9a1e-b098-4639-b97c-f2fd15cbfbe0'),
 ('175', '163', '130', '1', '0', '1', '2017-04-30 18:27:54', '2017-04-30 18:27:54', 'e12b6ebd-89a5-472a-859f-c2b724691176'),
 ('176', '163', '130', '34', '1', '2', '2017-04-30 18:27:54', '2017-04-30 18:27:54', 'abe4cda9-aa30-4a4e-bbd8-862a1a551e42'),
 ('177', '163', '130', '21', '1', '3', '2017-04-30 18:27:54', '2017-04-30 18:27:54', 'df72679a-e055-4d3b-a589-2f48b2a8cb20'),
 ('178', '164', '131', '4', '0', '1', '2017-05-07 18:36:59', '2017-05-07 18:36:59', '24022fbd-182c-40d9-8236-6383f3fe3b3c'),
 ('179', '164', '131', '13', '0', '2', '2017-05-07 18:36:59', '2017-05-07 18:36:59', '768d43f8-9e0e-4132-bf39-1d0f34f3214c'),
 ('180', '165', '132', '5', '0', '1', '2017-05-07 18:36:59', '2017-05-07 18:36:59', '239d2995-67e3-43c6-ba9f-e9d2bbbd39c6'),
 ('181', '166', '133', '6', '0', '1', '2017-05-07 18:36:59', '2017-05-07 18:36:59', '1ff32fd2-e526-4660-8dd1-cb259737e9b2'),
 ('182', '167', '134', '7', '0', '1', '2017-05-07 18:36:59', '2017-05-07 18:36:59', 'e1c732a3-07b3-48c0-a7ed-41925e5b9ccd'),
 ('183', '168', '135', '8', '0', '1', '2017-05-07 18:37:00', '2017-05-07 18:37:00', '7082cb23-6904-4e28-bcce-e48c70139d59'),
 ('184', '169', '136', '9', '0', '1', '2017-05-07 18:37:00', '2017-05-07 18:37:00', '99f4cb4f-5b99-40bb-8856-951e2a5099a4'),
 ('185', '169', '136', '10', '0', '2', '2017-05-07 18:37:00', '2017-05-07 18:37:00', '37441927-2aa5-4ce6-ad4c-36a07ea9471b'),
 ('186', '170', '137', '11', '0', '1', '2017-05-07 18:37:00', '2017-05-07 18:37:00', '7889112f-05ca-4142-9aad-6ee0e9001401'),
 ('187', '171', '138', '12', '0', '1', '2017-05-07 18:37:00', '2017-05-07 18:37:00', '7ee261c8-3aa8-43b9-af39-983c5819c63f'),
 ('188', '171', '138', '29', '0', '2', '2017-05-07 18:37:00', '2017-05-07 18:37:00', 'bbb4d375-f263-4ae9-8671-42785e110a04'),
 ('189', '171', '138', '35', '1', '3', '2017-05-07 18:37:00', '2017-05-07 18:37:00', '29f5f509-420f-4b76-9375-d7829a284fe0');



DROP TABLE IF EXISTS `craft_fieldlayouts`;


--
-- Schema for table `craft_fieldlayouts`
--
CREATE TABLE `craft_fieldlayouts` (
  `id` int(11) NOT NULL AUTO_INCREMENT,
  `type` varchar(150) COLLATE utf8_unicode_ci NOT NULL,
  `dateCreated` datetime NOT NULL,
  `dateUpdated` datetime NOT NULL,
  `uid` char(36) COLLATE utf8_unicode_ci NOT NULL DEFAULT '0',
  PRIMARY KEY (`id`),
  KEY `craft_fieldlayouts_type_idx` (`type`)
) ENGINE=InnoDB AUTO_INCREMENT=172 DEFAULT CHARSET=utf8 COLLATE=utf8_unicode_ci;

--
-- Data for table `craft_fieldlayouts`
--

INSERT INTO `craft_fieldlayouts` (`id`, `type`, `dateCreated`, `dateUpdated`, `uid`) VALUES
 ('1', 'Tag', '2017-03-04 21:05:19', '2017-03-04 21:05:19', '8ea7ef09-ff7e-426a-bb79-0e1cb57a8afc'),
 ('5', 'Entry', '2017-03-04 21:05:20', '2017-03-04 21:05:20', '3a470d7f-9704-4e49-815c-461db93a395f'),
 ('12', 'Entry', '2017-03-04 21:17:15', '2017-03-04 21:17:15', 'a8a51794-29d5-4b52-8200-1e292dfdeb08'),
 ('91', 'MatrixBlock', '2017-03-04 22:26:35', '2017-03-04 22:26:35', 'ea8ecf2b-729e-4b6a-a8bf-aa82e0ac10de'),
 ('97', 'MatrixBlock', '2017-03-04 23:08:46', '2017-03-04 23:08:46', '8385e093-8662-4d9d-95cf-bff9c39a971e'),
 ('98', 'Entry', '2017-03-04 23:09:36', '2017-03-04 23:09:36', 'bdc4f334-6747-4a2d-b29c-c95e93ddca4d'),
 ('99', 'Entry', '2017-03-04 23:39:23', '2017-03-04 23:39:23', 'b2bb4068-27bf-44a4-9064-bfc4c8526181'),
 ('101', 'Asset', '2017-03-05 00:10:55', '2017-03-05 00:10:55', 'fbeb398c-44b8-4403-8bc9-404a0ffbffb8'),
 ('108', 'Asset', '2017-03-05 01:49:02', '2017-03-05 01:49:02', 'f77fe7f0-f310-4503-9978-c2dea7517ef2'),
 ('111', 'Asset', '2017-03-05 02:54:38', '2017-03-05 02:54:38', '2177fba1-d71a-42f1-9442-e4c325b743e3'),
 ('117', 'Entry', '2017-03-05 03:28:26', '2017-03-05 03:28:26', '078d959a-a3f4-4505-b2db-724773246e1f'),
 ('118', 'Asset', '2017-03-05 03:33:35', '2017-03-05 03:33:35', '1753d2d7-4ef8-45de-9824-df2226633642'),
 ('121', 'MatrixBlock', '2017-03-05 03:59:30', '2017-03-05 03:59:30', 'afba942a-85d0-4226-b858-30554a90144f'),
 ('124', 'Entry', '2017-03-05 04:11:08', '2017-03-05 04:11:08', 'fd28f09a-53cb-4a0a-8338-e7d5fc5bdc80'),
 ('126', 'Entry', '2017-03-05 17:21:03', '2017-03-05 17:21:03', 'ac09a164-7eca-4da5-ba2e-d78d3ee3f689'),
 ('136', 'Entry', '2017-03-05 17:32:34', '2017-03-05 17:32:34', '8405c2fd-16f2-4660-82b7-458f2b4cc718'),
 ('137', 'Asset', '2017-03-05 17:34:29', '2017-03-05 17:34:29', '93550de0-d93a-4748-b82f-dfe534946f9f'),
 ('150', 'Entry', '2017-03-05 18:08:57', '2017-03-05 18:08:57', '0c478d6c-c698-45e9-ac19-bee123424306'),
 ('152', 'Entry', '2017-03-21 03:06:01', '2017-03-21 03:06:01', '5d486d18-1fd7-4d8b-9999-bb27fefcc69c'),
 ('153', 'Entry', '2017-04-08 23:35:39', '2017-04-08 23:35:39', 'efe50051-0ba4-47f3-9a36-e19c480d8962'),
 ('157', 'Entry', '2017-04-30 13:57:42', '2017-04-30 13:57:42', 'b32111a8-4307-4cf7-a85b-ad310c8135d9'),
 ('159', 'Entry', '2017-04-30 17:35:45', '2017-04-30 17:35:45', 'd69fcc86-f3e6-45fe-831c-3f1bb6be1734'),
 ('161', 'Entry', '2017-04-30 17:41:31', '2017-04-30 17:41:31', 'e700355b-8908-40b0-ac02-5f76b591bb15'),
 ('163', 'Entry', '2017-04-30 18:27:54', '2017-04-30 18:27:54', '4769ce55-fbae-4164-b75e-02d1faa8c93c'),
 ('164', 'MatrixBlock', '2017-05-07 18:36:59', '2017-05-07 18:36:59', 'fbe52545-3374-449e-bfc6-fca5e489192b'),
 ('165', 'MatrixBlock', '2017-05-07 18:36:59', '2017-05-07 18:36:59', '52ed2369-b417-4a5c-ba20-878bc1fc9b73'),
 ('166', 'MatrixBlock', '2017-05-07 18:36:59', '2017-05-07 18:36:59', '41bdac6c-d55d-4aea-8a7e-04f366c00f50'),
 ('167', 'MatrixBlock', '2017-05-07 18:36:59', '2017-05-07 18:36:59', '6da3b0db-db3d-4442-88dc-652e263a7306'),
 ('168', 'MatrixBlock', '2017-05-07 18:37:00', '2017-05-07 18:37:00', '4e6709cc-5f3d-46fb-88a1-2668451d1228'),
 ('169', 'MatrixBlock', '2017-05-07 18:37:00', '2017-05-07 18:37:00', '4cd79a30-3d14-4f01-bdbf-ce20ef4ad1a1'),
 ('170', 'MatrixBlock', '2017-05-07 18:37:00', '2017-05-07 18:37:00', '67ea616a-7557-4717-a143-9792467ad437'),
 ('171', 'MatrixBlock', '2017-05-07 18:37:00', '2017-05-07 18:37:00', '2831e5aa-fc30-4e17-a01b-eb1a4fcfa3c7');



DROP TABLE IF EXISTS `craft_fieldlayouttabs`;


--
-- Schema for table `craft_fieldlayouttabs`
--
CREATE TABLE `craft_fieldlayouttabs` (
  `id` int(11) NOT NULL AUTO_INCREMENT,
  `layoutId` int(11) NOT NULL,
  `name` varchar(255) COLLATE utf8_unicode_ci NOT NULL,
  `sortOrder` smallint(6) unsigned DEFAULT NULL,
  `dateCreated` datetime NOT NULL,
  `dateUpdated` datetime NOT NULL,
  `uid` char(36) COLLATE utf8_unicode_ci NOT NULL DEFAULT '0',
  PRIMARY KEY (`id`),
  KEY `craft_fieldlayouttabs_sortOrder_idx` (`sortOrder`),
  KEY `craft_fieldlayouttabs_layoutId_fk` (`layoutId`)
) ENGINE=InnoDB AUTO_INCREMENT=139 DEFAULT CHARSET=utf8 COLLATE=utf8_unicode_ci;

--
-- Data for table `craft_fieldlayouttabs`
--

INSERT INTO `craft_fieldlayouttabs` (`id`, `layoutId`, `name`, `sortOrder`, `dateCreated`, `dateUpdated`, `uid`) VALUES
 ('2', '5', 'Content', '1', '2017-03-04 21:05:20', '2017-03-04 21:05:20', 'c5f28192-5b9a-4bd0-8a51-6832be4be755'),
 ('9', '12', 'Content', '1', '2017-03-04 21:17:15', '2017-03-04 21:17:15', 'a54dd4c2-80c2-4579-beff-9198a19c59b9'),
 ('87', '91', 'Content', '1', '2017-03-04 22:26:35', '2017-03-04 22:26:35', '06c66380-7a23-4877-828e-3a1d77393e1d'),
 ('90', '97', 'Content', '1', '2017-03-04 23:08:46', '2017-03-04 23:08:46', '33fec360-2a89-4a3e-b87f-3d121f0fc0df'),
 ('91', '98', 'Default', '1', '2017-03-04 23:09:36', '2017-03-04 23:09:36', 'ef908e20-5cf5-4c38-87a6-1b05abafe7da'),
 ('92', '99', 'Default', '1', '2017-03-04 23:39:23', '2017-03-04 23:39:23', '48dc2fff-72fb-48fd-a68a-d36b80601687'),
 ('99', '117', 'Default', '1', '2017-03-05 03:28:26', '2017-03-05 03:28:26', 'f948a859-182b-4533-86c0-41ac9cf52ef7'),
 ('100', '121', 'Content', '1', '2017-03-05 03:59:30', '2017-03-05 03:59:30', '7a39bd3e-b05a-4434-ac8d-939ae3ef779d'),
 ('101', '126', 'Default', '1', '2017-03-05 17:21:03', '2017-03-05 17:21:03', '423b6ddb-28ec-49eb-b6bc-9113545a143c'),
 ('110', '136', 'Default', '1', '2017-03-05 17:32:34', '2017-03-05 17:32:34', 'e07a1c3d-a567-403e-81d9-9291b2ca10e5'),
 ('121', '150', 'Default', '1', '2017-03-05 18:08:57', '2017-03-05 18:08:57', '3b08676c-f6a9-4d7a-b2d4-f13380d80136'),
 ('122', '152', 'Default', '1', '2017-03-21 03:06:01', '2017-03-21 03:06:01', 'b07a51ea-10bd-415d-9cb1-3113ded1297c'),
 ('123', '153', 'Default', '1', '2017-04-08 23:35:39', '2017-04-08 23:35:39', 'a0cb2a61-408d-4259-acae-8fa9cbf7a7b8'),
 ('126', '157', 'Default', '1', '2017-04-30 13:57:42', '2017-04-30 13:57:42', 'd971136f-1b5f-463f-80ae-0947e793b545'),
 ('127', '159', 'Default', '1', '2017-04-30 17:35:45', '2017-04-30 17:35:45', '3a5b3e83-a782-4049-a6f4-3b21c5170de2'),
 ('128', '161', 'Default', '1', '2017-04-30 17:41:31', '2017-04-30 17:41:31', '8feb44d1-d97c-44bd-a9ed-064b0ecdcb83'),
 ('130', '163', 'Default', '1', '2017-04-30 18:27:54', '2017-04-30 18:27:54', '1bc12da5-6443-42ca-8daf-82cf428fb6ed'),
 ('131', '164', 'Content', '1', '2017-05-07 18:36:59', '2017-05-07 18:36:59', '7b76c545-99ed-49ed-8496-ab914684c73a'),
 ('132', '165', 'Content', '1', '2017-05-07 18:36:59', '2017-05-07 18:36:59', 'f1b3aa8d-1f60-46d2-be68-3e54e18cd03d'),
 ('133', '166', 'Content', '1', '2017-05-07 18:36:59', '2017-05-07 18:36:59', 'c26be482-035b-48e7-8b6a-56f559f03438'),
 ('134', '167', 'Content', '1', '2017-05-07 18:36:59', '2017-05-07 18:36:59', '2830be19-5281-47ec-8e42-c4490a5c9ff7'),
 ('135', '168', 'Content', '1', '2017-05-07 18:37:00', '2017-05-07 18:37:00', 'f8764a49-52a5-4d5d-ae47-ac70574c9671'),
 ('136', '169', 'Content', '1', '2017-05-07 18:37:00', '2017-05-07 18:37:00', '724c046e-7184-4d19-9337-d45de9b6d078'),
 ('137', '170', 'Content', '1', '2017-05-07 18:37:00', '2017-05-07 18:37:00', 'de19aba5-8fff-4338-9d4a-3f7739c32001'),
 ('138', '171', 'Content', '1', '2017-05-07 18:37:00', '2017-05-07 18:37:00', '8c0b8089-302c-4846-b637-feca81229873');



DROP TABLE IF EXISTS `craft_fields`;


--
-- Schema for table `craft_fields`
--
CREATE TABLE `craft_fields` (
  `id` int(11) NOT NULL AUTO_INCREMENT,
  `groupId` int(11) DEFAULT NULL,
  `name` varchar(255) COLLATE utf8_unicode_ci NOT NULL,
  `handle` varchar(58) COLLATE utf8_unicode_ci NOT NULL,
  `context` varchar(255) COLLATE utf8_unicode_ci NOT NULL DEFAULT 'global',
  `instructions` text COLLATE utf8_unicode_ci,
  `translatable` tinyint(1) unsigned NOT NULL DEFAULT '0',
  `type` varchar(150) COLLATE utf8_unicode_ci NOT NULL,
  `settings` text COLLATE utf8_unicode_ci,
  `dateCreated` datetime NOT NULL,
  `dateUpdated` datetime NOT NULL,
  `uid` char(36) COLLATE utf8_unicode_ci NOT NULL DEFAULT '0',
  PRIMARY KEY (`id`),
  UNIQUE KEY `craft_fields_handle_context_unq_idx` (`handle`,`context`),
  KEY `craft_fields_context_idx` (`context`),
  KEY `craft_fields_groupId_fk` (`groupId`)
) ENGINE=InnoDB AUTO_INCREMENT=36 DEFAULT CHARSET=utf8 COLLATE=utf8_unicode_ci;

--
-- Data for table `craft_fields`
--

INSERT INTO `craft_fields` (`id`, `groupId`, `name`, `handle`, `context`, `instructions`, `translatable`, `type`, `settings`, `dateCreated`, `dateUpdated`, `uid`) VALUES
 ('1', '1', 'Body', 'body', 'global', NULL, '1', 'RichText', '{\"configFile\":\"Standard.json\",\"columnType\":\"text\"}', '2017-03-04 21:05:19', '2017-03-04 21:05:19', 'e82ab23f-c3f3-4d3f-bd76-8d3979b5fac4'),
 ('2', '1', 'Tags', 'tags', 'global', NULL, '0', 'Tags', '{\"source\":\"taggroup:1\"}', '2017-03-04 21:05:19', '2017-03-04 21:05:19', 'a39b2b26-4f28-4377-bd55-87332aa6dda8'),
 ('3', '1', 'home page modules', 'homePageModules', 'global', '', '0', 'Matrix', '{\"maxBlocks\":null}', '2017-03-04 21:16:44', '2017-05-07 18:36:59', '1bc27bf8-b228-4ecd-9500-a62e7b8e30cf'),
 ('4', NULL, 'nav', 'nav', 'matrixBlockType:1', '', '0', 'PlainText', '{\"placeholder\":\"\",\"maxLength\":\"\",\"multiline\":\"\",\"initialRows\":\"4\"}', '2017-03-04 21:16:45', '2017-05-07 18:36:59', '067ff94a-08e8-4d00-a28c-f5f9ec604b1e'),
 ('5', NULL, 'instagram User ID', 'instagramUserId', 'matrixBlockType:2', '', '0', 'PlainText', '{\"placeholder\":\"\",\"maxLength\":\"\",\"multiline\":\"\",\"initialRows\":\"4\"}', '2017-03-04 21:16:45', '2017-05-07 18:36:59', '102edcb8-e188-4bff-af11-8de295152105'),
 ('6', NULL, 'menu category', 'menuCategory', 'matrixBlockType:3', '', '0', 'PlainText', '{\"placeholder\":\"\",\"maxLength\":\"\",\"multiline\":\"\",\"initialRows\":\"4\"}', '2017-03-04 21:16:45', '2017-05-07 18:36:59', '9c749f9a-206f-40b0-909f-f827434963b7'),
 ('7', NULL, 'Family Title', 'familyTitle', 'matrixBlockType:4', '', '0', 'PlainText', '{\"placeholder\":\"\",\"maxLength\":\"\",\"multiline\":\"\",\"initialRows\":\"4\"}', '2017-03-04 21:16:45', '2017-05-07 18:36:59', '9705a7cd-9f1e-4e44-8931-d171584ff7b8'),
 ('8', NULL, 'media title', 'mediaTitle', 'matrixBlockType:5', '', '0', 'PlainText', '{\"placeholder\":\"\",\"maxLength\":\"\",\"multiline\":\"\",\"initialRows\":\"4\"}', '2017-03-04 21:16:45', '2017-05-07 18:37:00', '3a7b4781-2b57-45ee-9e95-93bd0d483949'),
 ('9', NULL, 'youtube url', 'youtubeUrl', 'matrixBlockType:6', '', '0', 'PlainText', '{\"placeholder\":\"\",\"maxLength\":\"\",\"multiline\":\"\",\"initialRows\":\"4\"}', '2017-03-04 21:44:24', '2017-05-07 18:37:00', '6ad2fbfc-a40b-4768-ac72-deb326734cbc'),
 ('10', NULL, 'google maps url', 'googleMapsUrl', 'matrixBlockType:6', '', '0', 'PlainText', '{\"placeholder\":\"\",\"maxLength\":\"\",\"multiline\":\"\",\"initialRows\":\"4\"}', '2017-03-04 21:44:24', '2017-05-07 18:37:00', '04a2ad4c-63cd-49bc-b17e-7b3c6300f467'),
 ('11', NULL, 'about us title', 'aboutUsTitle', 'matrixBlockType:7', '', '0', 'PlainText', '{\"placeholder\":\"\",\"maxLength\":\"\",\"multiline\":\"\",\"initialRows\":\"4\"}', '2017-03-04 21:46:52', '2017-05-07 18:37:00', 'c65f5e65-afd9-4e16-8226-c5bc6e99adb0'),
 ('12', NULL, 'events booking title', 'eventsBookingTitle', 'matrixBlockType:8', '', '0', 'PlainText', '{\"placeholder\":\"\",\"maxLength\":\"\",\"multiline\":\"\",\"initialRows\":\"4\"}', '2017-03-04 21:49:48', '2017-05-07 18:37:00', 'c9ac3f08-bd56-45e3-ba48-73c4ada96532'),
 ('13', NULL, 'contact information', 'contactInformation', 'matrixBlockType:1', '', '0', 'Entries', '{\"sources\":\"*\",\"limit\":\"\",\"selectionLabel\":\"\"}', '2017-03-04 22:14:32', '2017-05-07 18:36:59', '25fe322a-91ad-45d5-b901-5ca849ed370a'),
 ('14', '1', 'Food Menu', 'foodMenu', 'global', '', '0', 'Matrix', '{\"maxBlocks\":null}', '2017-03-04 22:26:35', '2017-03-04 22:26:35', '50290168-33c0-446d-943b-c610ca68803d'),
 ('15', NULL, 'food item description', 'foodItemDescription', 'matrixBlockType:9', '', '0', 'PlainText', '{\"placeholder\":\"\",\"maxLength\":\"\",\"multiline\":\"\",\"initialRows\":\"4\"}', '2017-03-04 22:26:35', '2017-03-04 22:26:35', '64a89b6f-08e2-4388-918d-d7afb5b96195'),
 ('16', NULL, 'food item price', 'foodItemPrice', 'matrixBlockType:9', '', '0', 'PlainText', '{\"placeholder\":\"\",\"maxLength\":\"\",\"multiline\":\"\",\"initialRows\":\"4\"}', '2017-03-04 22:26:35', '2017-03-04 22:26:35', '8a652b34-0b57-413a-8a54-907574266d78'),
 ('17', '1', 'Menu Group', 'menuGroup', 'global', '', '0', 'Matrix', '{\"maxBlocks\":null}', '2017-03-04 23:08:46', '2017-03-04 23:08:46', 'e264431e-64e8-48c7-b68f-c8634d1dccb0'),
 ('18', NULL, 'Menu Group Title', 'menuGroupTitle', 'matrixBlockType:10', '', '0', 'PlainText', '{\"placeholder\":\"\",\"maxLength\":\"\",\"multiline\":\"\",\"initialRows\":\"4\"}', '2017-03-04 23:08:46', '2017-03-04 23:08:46', 'f7308062-4fab-4466-afb5-d86b787a2188'),
 ('19', NULL, 'Menu Group Entry', 'menuGroupEntry', 'matrixBlockType:10', '', '0', 'Entries', '{\"sources\":\"*\",\"limit\":\"\",\"selectionLabel\":\"\"}', '2017-03-04 23:08:46', '2017-03-04 23:08:46', 'aada4f3e-7339-4fd2-aa44-bdfd691bdbad'),
 ('20', '1', 'price', 'price', 'global', '', '0', 'PlainText', '{\"placeholder\":\"\",\"maxLength\":\"\",\"multiline\":\"\",\"initialRows\":\"4\"}', '2017-03-04 23:38:47', '2017-03-04 23:38:47', 'dc04e1e6-0228-49a6-8982-afce4536cf33'),
 ('21', '1', 'image', 'image', 'global', '', '0', 'Assets', '{\"useSingleFolder\":\"\",\"sources\":\"*\",\"defaultUploadLocationSource\":\"1\",\"defaultUploadLocationSubpath\":\"\",\"singleUploadLocationSource\":\"1\",\"singleUploadLocationSubpath\":\"\",\"restrictFiles\":\"\",\"limit\":\"\",\"viewMode\":\"list\",\"selectionLabel\":\"\"}', '2017-03-05 00:13:05', '2017-03-05 00:13:05', 'c4f99cdb-309f-4f03-94c7-5986b0ccc90b'),
 ('22', '1', 'social link url', 'linkUrl', 'global', '', '0', 'PlainText', '{\"placeholder\":\"\",\"maxLength\":\"\",\"multiline\":\"\",\"initialRows\":\"4\"}', '2017-03-05 03:27:56', '2017-03-05 03:27:56', 'fd81211e-d6ff-4992-9053-bbf1cc72db82'),
 ('23', '1', 'Navigation Links', 'navigationLinks', 'global', '', '0', 'PlainText', '{\"placeholder\":\"\",\"maxLength\":\"\",\"multiline\":\"\",\"initialRows\":\"4\"}', '2017-03-05 03:59:30', '2017-03-05 04:07:15', '6186db95-9021-4ad3-b871-a9a38d1d6bf1'),
 ('24', NULL, 'link text', 'linkText', 'matrixBlockType:11', '', '0', 'PlainText', '{\"placeholder\":\"\",\"maxLength\":\"\",\"multiline\":\"\",\"initialRows\":\"4\"}', '2017-03-05 03:59:30', '2017-03-05 03:59:30', '4bacf973-8829-48cc-86b7-96fa00c0ee77'),
 ('25', NULL, 'section choice', 'sectionChoice', 'matrixBlockType:11', '', '0', 'Entries', '{\"sources\":\"*\",\"limit\":\"\",\"selectionLabel\":\"\"}', '2017-03-05 03:59:30', '2017-03-05 03:59:30', '93063403-8ada-4db8-a51f-5afc1a2d68fa'),
 ('26', '1', 'line 1', 'line1', 'global', '', '0', 'RichText', '{\"configFile\":\"\",\"availableAssetSources\":\"*\",\"availableTransforms\":\"*\",\"cleanupHtml\":\"1\",\"purifyHtml\":\"1\",\"columnType\":\"text\"}', '2017-03-05 17:19:11', '2017-03-17 20:40:38', '18273adf-24bc-49d4-bb15-3621bdc70068'),
 ('27', '1', 'line 2', 'line2', 'global', '', '0', 'RichText', '{\"configFile\":\"\",\"availableAssetSources\":\"*\",\"availableTransforms\":\"*\",\"cleanupHtml\":\"1\",\"purifyHtml\":\"1\",\"columnType\":\"text\"}', '2017-03-05 17:19:19', '2017-03-17 20:40:45', '6e7ff064-7f2c-4f57-ad73-b2f2f2ee5437'),
 ('28', '1', 'line 3 (bottom)', 'line3Bottom', 'global', '', '0', 'PlainText', '{\"placeholder\":\"\",\"maxLength\":\"\",\"multiline\":\"\",\"initialRows\":\"4\"}', '2017-03-05 17:19:31', '2017-03-05 17:19:31', '32162be9-af3c-4a75-8210-6b27c1684583'),
 ('29', NULL, 'eventsbooking description', 'eventsbookingDescription', 'matrixBlockType:8', '', '0', 'PlainText', '{\"placeholder\":\"\",\"maxLength\":\"\",\"multiline\":\"\",\"initialRows\":\"4\"}', '2017-03-05 17:26:11', '2017-05-07 18:37:00', 'af4bef56-310e-48c2-af94-760c3a138bd0'),
 ('30', '1', 'press link url', 'pressLinkUrl', 'global', '', '0', 'PlainText', '{\"placeholder\":\"\",\"maxLength\":\"\",\"multiline\":\"\",\"initialRows\":\"4\"}', '2017-03-05 17:59:55', '2017-03-05 17:59:55', '070fde0c-e308-41ca-b758-680490eeb2b4'),
 ('31', '1', 'press link text', 'pressLinkText', 'global', '', '0', 'PlainText', '{\"placeholder\":\"\",\"maxLength\":\"\",\"multiline\":\"\",\"initialRows\":\"4\"}', '2017-03-05 18:08:21', '2017-03-05 18:08:21', 'b7c600bf-9b25-4df4-aa75-9f6f98c9d3de'),
 ('32', '1', 'Timed Announcements', 'timedAnnouncements', 'global', '', '0', 'PlainText', '{\"placeholder\":\"\",\"maxLength\":\"\",\"multiline\":\"\",\"initialRows\":\"4\"}', '2017-03-11 01:38:25', '2017-03-11 01:38:25', 'a8cb500a-9c14-4961-9d58-ee5f99c5f132'),
 ('33', '1', 'announcement text', 'announcementText', 'global', '', '0', 'PlainText', '{\"placeholder\":\"\",\"maxLength\":\"\",\"multiline\":\"\",\"initialRows\":\"4\"}', '2017-03-21 03:04:41', '2017-03-21 03:05:02', '4cbda8a6-4880-4530-809b-cc0b712ba03b'),
 ('34', '1', 'our family plain text', 'ourFamilyPlainText', 'global', '1024 Character Maximum', '0', 'PlainText', '{\"placeholder\":\"\",\"maxLength\":\"1042\",\"multiline\":\"1\",\"initialRows\":\"4\"}', '2017-04-30 18:21:05', '2017-04-30 18:29:02', '940b1b9c-9979-4c84-810b-8b35c2b03bc5'),
 ('35', NULL, 'events booking Recipient Email', 'eventsbookingRecipientEmail', 'matrixBlockType:8', '', '0', 'PlainText', '{\"placeholder\":\"\",\"maxLength\":\"\",\"multiline\":\"\",\"initialRows\":\"4\"}', '2017-05-07 18:37:00', '2017-05-07 18:37:00', '4d0cf26b-a6ab-4446-864b-b395fa4d686d');



DROP TABLE IF EXISTS `craft_globalsets`;


--
-- Schema for table `craft_globalsets`
--
CREATE TABLE `craft_globalsets` (
  `id` int(11) NOT NULL,
  `name` varchar(255) COLLATE utf8_unicode_ci NOT NULL,
  `handle` varchar(255) COLLATE utf8_unicode_ci NOT NULL,
  `fieldLayoutId` int(10) DEFAULT NULL,
  `dateCreated` datetime NOT NULL,
  `dateUpdated` datetime NOT NULL,
  `uid` char(36) COLLATE utf8_unicode_ci NOT NULL DEFAULT '0',
  PRIMARY KEY (`id`),
  UNIQUE KEY `craft_globalsets_name_unq_idx` (`name`),
  UNIQUE KEY `craft_globalsets_handle_unq_idx` (`handle`),
  KEY `craft_globalsets_fieldLayoutId_fk` (`fieldLayoutId`)
) ENGINE=InnoDB DEFAULT CHARSET=utf8 COLLATE=utf8_unicode_ci;

DROP TABLE IF EXISTS `craft_info`;


--
-- Schema for table `craft_info`
--
CREATE TABLE `craft_info` (
  `id` int(11) NOT NULL AUTO_INCREMENT,
  `version` varchar(50) COLLATE utf8_unicode_ci NOT NULL,
  `schemaVersion` varchar(15) COLLATE utf8_unicode_ci NOT NULL,
  `edition` tinyint(1) unsigned NOT NULL DEFAULT '0',
  `siteName` varchar(100) COLLATE utf8_unicode_ci NOT NULL,
  `siteUrl` varchar(255) COLLATE utf8_unicode_ci NOT NULL,
  `timezone` varchar(30) COLLATE utf8_unicode_ci DEFAULT NULL,
  `on` tinyint(1) unsigned NOT NULL DEFAULT '0',
  `maintenance` tinyint(1) unsigned NOT NULL DEFAULT '0',
  `dateCreated` datetime NOT NULL,
  `dateUpdated` datetime NOT NULL,
  `uid` char(36) COLLATE utf8_unicode_ci NOT NULL DEFAULT '0',
  PRIMARY KEY (`id`)
) ENGINE=InnoDB AUTO_INCREMENT=2 DEFAULT CHARSET=utf8 COLLATE=utf8_unicode_ci;

--
-- Data for table `craft_info`
--

INSERT INTO `craft_info` (`id`, `version`, `schemaVersion`, `edition`, `siteName`, `siteUrl`, `timezone`, `on`, `maintenance`, `dateCreated`, `dateUpdated`, `uid`) VALUES
 ('1', '2.6.2967', '2.6.9', '2', 'MBAR', 'http://testsite.mamnoon.webfactional.com/', 'Pacific/Pitcairn', '1', '1', '2017-03-04 21:05:13', '2017-06-11 12:52:14', 'f66053b9-fcee-43b5-a0e4-91aff514d4b7');



DROP TABLE IF EXISTS `craft_locales`;


--
-- Schema for table `craft_locales`
--
CREATE TABLE `craft_locales` (
  `locale` char(12) COLLATE utf8_unicode_ci NOT NULL,
  `sortOrder` smallint(6) unsigned DEFAULT NULL,
  `dateCreated` datetime NOT NULL,
  `dateUpdated` datetime NOT NULL,
  `uid` char(36) COLLATE utf8_unicode_ci NOT NULL DEFAULT '0',
  PRIMARY KEY (`locale`),
  KEY `craft_locales_sortOrder_idx` (`sortOrder`)
) ENGINE=InnoDB DEFAULT CHARSET=utf8 COLLATE=utf8_unicode_ci;

--
-- Data for table `craft_locales`
--

INSERT INTO `craft_locales` (`locale`, `sortOrder`, `dateCreated`, `dateUpdated`, `uid`) VALUES
 ('en_us', '1', '2017-03-04 21:05:14', '2017-03-04 21:05:14', 'd8267088-2f7a-4be7-96f2-4b1599d43c49');



DROP TABLE IF EXISTS `craft_matrixblocks`;


--
-- Schema for table `craft_matrixblocks`
--
CREATE TABLE `craft_matrixblocks` (
  `id` int(11) NOT NULL,
  `ownerId` int(11) NOT NULL,
  `fieldId` int(11) NOT NULL,
  `typeId` int(11) DEFAULT NULL,
  `sortOrder` smallint(6) unsigned DEFAULT NULL,
  `ownerLocale` char(12) COLLATE utf8_unicode_ci DEFAULT NULL,
  `dateCreated` datetime NOT NULL,
  `dateUpdated` datetime NOT NULL,
  `uid` char(36) COLLATE utf8_unicode_ci NOT NULL DEFAULT '0',
  PRIMARY KEY (`id`),
  KEY `craft_matrixblocks_ownerId_idx` (`ownerId`),
  KEY `craft_matrixblocks_fieldId_idx` (`fieldId`),
  KEY `craft_matrixblocks_typeId_idx` (`typeId`),
  KEY `craft_matrixblocks_sortOrder_idx` (`sortOrder`),
  KEY `craft_matrixblocks_ownerLocale_fk` (`ownerLocale`)
) ENGINE=InnoDB DEFAULT CHARSET=utf8 COLLATE=utf8_unicode_ci;

--
-- Data for table `craft_matrixblocks`
--

INSERT INTO `craft_matrixblocks` (`id`, `ownerId`, `fieldId`, `typeId`, `sortOrder`, `ownerLocale`, `dateCreated`, `dateUpdated`, `uid`) VALUES
 ('4', '2', '3', '1', '1', NULL, '2017-03-04 21:25:30', '2017-05-11 23:08:26', '41ecf398-6ef6-4f01-b51f-0915874f990c'),
 ('6', '2', '3', '3', '3', NULL, '2017-03-04 21:25:30', '2017-05-11 23:08:26', '0ffddd5f-adb5-48cb-aa11-18200c1b1804'),
 ('7', '2', '3', '4', '7', NULL, '2017-03-04 21:25:30', '2017-05-11 23:08:26', '123ee49e-1cd7-4200-bd55-916ae2fa29de'),
 ('8', '2', '3', '5', '8', NULL, '2017-03-04 21:25:30', '2017-05-11 23:08:26', '75c0992d-441d-4433-9351-3041ab7f43db'),
 ('9', '2', '3', '6', '4', NULL, '2017-03-04 21:45:03', '2017-05-11 23:08:26', '925781b9-e2eb-4b26-868d-273fa9dd168a'),
 ('10', '2', '3', '8', '6', NULL, '2017-03-04 21:53:20', '2017-05-11 23:08:26', '4bfd0542-3b23-4879-b786-95f237b7af7d'),
 ('19', '15', '17', '10', '1', NULL, '2017-03-04 23:11:10', '2017-03-10 03:38:41', 'eb56512e-43dd-4f32-aa0d-7450f966fedd'),
 ('25', '16', '17', '10', '1', NULL, '2017-03-04 23:42:15', '2017-03-10 00:56:27', 'aa63c9f2-bb27-4ab3-8d4b-6b22881300b8'),
 ('29', '17', '17', '10', '1', NULL, '2017-03-04 23:51:17', '2017-03-10 01:24:28', '7a5100f8-1367-47f1-a8e5-5a7ee114b0ca'),
 ('32', '18', '17', '10', '1', NULL, '2017-03-04 23:52:03', '2017-04-23 00:25:09', '0d84151c-3c27-40e2-a6d4-b935cbd9935b'),
 ('33', '18', '17', '10', '2', NULL, '2017-03-04 23:52:03', '2017-04-23 00:25:09', 'a0f09b68-3b2f-4b58-bde9-dc1bba6533e1'),
 ('34', '18', '17', '10', '3', NULL, '2017-03-04 23:52:03', '2017-04-23 00:25:09', '55705984-6705-46ee-9a4a-6e0ab568200a'),
 ('46', '2', '3', '7', '5', NULL, '2017-03-05 02:41:21', '2017-05-11 23:08:26', '9550fc32-2123-4631-a4e7-e8b34d09a565'),
 ('138', '15', '17', '10', '2', NULL, '2017-03-10 01:52:42', '2017-03-10 03:38:41', '70099739-6e71-4cfb-bb65-c291f3ab787c'),
 ('139', '15', '17', '10', '3', NULL, '2017-03-10 02:01:05', '2017-03-10 03:38:41', 'b27212cb-d2f2-4d48-b4e7-c90efc5307df'),
 ('141', '140', '17', '10', '1', NULL, '2017-03-10 02:01:36', '2017-03-10 02:25:25', 'dec3bfaf-9d8b-4ed6-9736-0984b658ff2d'),
 ('142', '140', '17', '10', '2', NULL, '2017-03-10 02:01:36', '2017-03-10 02:25:25', '6fe5a43d-c203-4c92-8fd3-87ad86d7fce0'),
 ('232', '2', '3', '2', '2', NULL, '2017-04-11 22:15:08', '2017-05-11 23:08:26', '81818410-e3fa-497d-a33a-32fe41a1a8e9');



DROP TABLE IF EXISTS `craft_matrixblocktypes`;


--
-- Schema for table `craft_matrixblocktypes`
--
CREATE TABLE `craft_matrixblocktypes` (
  `id` int(11) NOT NULL AUTO_INCREMENT,
  `fieldId` int(11) NOT NULL,
  `fieldLayoutId` int(11) DEFAULT NULL,
  `name` varchar(255) COLLATE utf8_unicode_ci NOT NULL,
  `handle` varchar(255) COLLATE utf8_unicode_ci NOT NULL,
  `sortOrder` smallint(6) unsigned DEFAULT NULL,
  `dateCreated` datetime NOT NULL,
  `dateUpdated` datetime NOT NULL,
  `uid` char(36) COLLATE utf8_unicode_ci NOT NULL DEFAULT '0',
  PRIMARY KEY (`id`),
  UNIQUE KEY `craft_matrixblocktypes_name_fieldId_unq_idx` (`name`,`fieldId`),
  UNIQUE KEY `craft_matrixblocktypes_handle_fieldId_unq_idx` (`handle`,`fieldId`),
  KEY `craft_matrixblocktypes_fieldId_fk` (`fieldId`),
  KEY `craft_matrixblocktypes_fieldLayoutId_fk` (`fieldLayoutId`)
) ENGINE=InnoDB AUTO_INCREMENT=12 DEFAULT CHARSET=utf8 COLLATE=utf8_unicode_ci;

--
-- Data for table `craft_matrixblocktypes`
--

INSERT INTO `craft_matrixblocktypes` (`id`, `fieldId`, `fieldLayoutId`, `name`, `handle`, `sortOrder`, `dateCreated`, `dateUpdated`, `uid`) VALUES
 ('1', '3', '164', 'hero', 'hero', '1', '2017-03-04 21:16:45', '2017-05-07 18:36:59', 'e61ba84c-145a-44e0-885b-ae0155bdc0c6'),
 ('2', '3', '165', 'instagram feed', 'instagramFeed', '2', '2017-03-04 21:16:45', '2017-05-07 18:36:59', 'ccfe7da2-e83a-421f-b2cb-1089dd8478b1'),
 ('3', '3', '166', 'menu', 'menu', '3', '2017-03-04 21:16:45', '2017-05-07 18:36:59', 'e19a4f30-8bb9-4694-87f1-337d0c5e9e3b'),
 ('4', '3', '167', 'our family', 'ourFamily', '4', '2017-03-04 21:16:45', '2017-05-07 18:36:59', 'b7d252a9-4bd0-40b1-90d7-a3de78ab9dcc'),
 ('5', '3', '168', 'media', 'media', '5', '2017-03-04 21:16:45', '2017-05-07 18:37:00', 'bc79baa6-5648-4ed8-baff-64338bb850fb'),
 ('6', '3', '169', 'find us', 'findUs', '6', '2017-03-04 21:44:24', '2017-05-07 18:37:00', 'bdb9a5ae-8262-49a2-867c-c2393c89f4f6'),
 ('7', '3', '170', 'about', 'about', '7', '2017-03-04 21:46:52', '2017-05-07 18:37:00', '6ddc9844-b73c-4004-af0a-968a3c030d96'),
 ('8', '3', '171', 'events booking', 'eventsBooking', '8', '2017-03-04 21:49:48', '2017-05-07 18:37:00', '1d269ef7-4d66-49e1-9859-30fe70d78731'),
 ('9', '14', '91', 'Menu', 'menu', '1', '2017-03-04 22:26:35', '2017-03-04 22:26:35', 'f54b16a0-0992-4030-a8f0-97eb5cba49b0'),
 ('10', '17', '97', 'Menu Group Set', 'menuGroupSet', '1', '2017-03-04 23:08:46', '2017-03-04 23:08:46', 'ea26a5b9-42ef-4403-8aac-645fd32cddc7'),
 ('11', '23', '121', 'top navigation links', 'topNavigationLinks', '1', '2017-03-05 03:59:30', '2017-03-05 03:59:30', 'ac5b3f34-9c70-4288-98e5-a2ea5828542d');



DROP TABLE IF EXISTS `craft_matrixcontent_foodmenu`;


--
-- Schema for table `craft_matrixcontent_foodmenu`
--
CREATE TABLE `craft_matrixcontent_foodmenu` (
  `id` int(11) NOT NULL AUTO_INCREMENT,
  `elementId` int(11) NOT NULL,
  `locale` char(12) COLLATE utf8_unicode_ci NOT NULL,
  `field_menu_foodItemDescription` text COLLATE utf8_unicode_ci,
  `field_menu_foodItemPrice` text COLLATE utf8_unicode_ci,
  `dateCreated` datetime NOT NULL,
  `dateUpdated` datetime NOT NULL,
  `uid` char(36) COLLATE utf8_unicode_ci NOT NULL DEFAULT '0',
  PRIMARY KEY (`id`),
  UNIQUE KEY `craft_matrixcontent_foodmenu_elementId_locale_unq_idx` (`elementId`,`locale`),
  KEY `craft_matrixcontent_foodmenu_locale_fk` (`locale`)
) ENGINE=InnoDB DEFAULT CHARSET=utf8 COLLATE=utf8_unicode_ci;

DROP TABLE IF EXISTS `craft_matrixcontent_homepagemodules`;


--
-- Schema for table `craft_matrixcontent_homepagemodules`
--
CREATE TABLE `craft_matrixcontent_homepagemodules` (
  `id` int(11) NOT NULL AUTO_INCREMENT,
  `elementId` int(11) NOT NULL,
  `locale` char(12) COLLATE utf8_unicode_ci NOT NULL,
  `field_hero_nav` text COLLATE utf8_unicode_ci,
  `field_instagramFeed_instagramUserId` text COLLATE utf8_unicode_ci,
  `field_menu_menuCategory` text COLLATE utf8_unicode_ci,
  `field_ourFamily_familyTitle` text COLLATE utf8_unicode_ci,
  `field_media_mediaTitle` text COLLATE utf8_unicode_ci,
  `field_findUs_youtubeUrl` text COLLATE utf8_unicode_ci,
  `field_findUs_googleMapsUrl` text COLLATE utf8_unicode_ci,
  `field_about_aboutUsTitle` text COLLATE utf8_unicode_ci,
  `field_eventsBooking_eventsBookingTitle` text COLLATE utf8_unicode_ci,
  `field_eventsBooking_eventsbookingDescription` text COLLATE utf8_unicode_ci,
  `field_eventsBooking_eventsbookingRecipientEmail` text COLLATE utf8_unicode_ci,
  `dateCreated` datetime NOT NULL,
  `dateUpdated` datetime NOT NULL,
  `uid` char(36) COLLATE utf8_unicode_ci NOT NULL DEFAULT '0',
  PRIMARY KEY (`id`),
  UNIQUE KEY `craft_matrixcontent_homepagemodules_elementId_locale_unq_idx` (`elementId`,`locale`),
  KEY `craft_matrixcontent_homepagemodules_locale_fk` (`locale`)
) ENGINE=InnoDB AUTO_INCREMENT=10 DEFAULT CHARSET=utf8 COLLATE=utf8_unicode_ci;

--
-- Data for table `craft_matrixcontent_homepagemodules`
--

INSERT INTO `craft_matrixcontent_homepagemodules` (`id`, `elementId`, `locale`, `field_hero_nav`, `field_instagramFeed_instagramUserId`, `field_menu_menuCategory`, `field_ourFamily_familyTitle`, `field_media_mediaTitle`, `field_findUs_youtubeUrl`, `field_findUs_googleMapsUrl`, `field_about_aboutUsTitle`, `field_eventsBooking_eventsBookingTitle`, `field_eventsBooking_eventsbookingDescription`, `field_eventsBooking_eventsbookingRecipientEmail`, `dateCreated`, `dateUpdated`, `uid`) VALUES
 ('1', '4', 'en_us', 'nav', NULL, NULL, NULL, NULL, NULL, NULL, NULL, NULL, NULL, NULL, '2017-03-04 21:25:30', '2017-05-11 23:08:26', '0dcbffe4-e558-481c-ac57-c21312ef0507'),
 ('3', '6', 'en_us', NULL, NULL, 'category', NULL, NULL, NULL, NULL, NULL, NULL, NULL, NULL, '2017-03-04 21:25:30', '2017-05-11 23:08:26', '9b44fa65-866e-424d-a984-5b81c9364431'),
 ('4', '7', 'en_us', NULL, NULL, NULL, 'family', NULL, NULL, NULL, NULL, NULL, NULL, NULL, '2017-03-04 21:25:30', '2017-05-11 23:08:26', '0b36365b-a14e-4858-bf98-7c7aa670b90b'),
 ('5', '8', 'en_us', NULL, NULL, NULL, NULL, 'media', NULL, NULL, NULL, NULL, NULL, NULL, '2017-03-04 21:25:30', '2017-05-11 23:08:26', '640f0b6f-dad6-4ef6-9b8c-ac652d6b113f'),
 ('6', '9', 'en_us', NULL, NULL, NULL, NULL, NULL, '<iframe width=\"560\" height=\"315\" src=\"https://www.youtube-nocookie.com/embed/i62ybmvQTBs?rel=0&amp;showinfo=0\" frameborder=\"0\" allowfullscreen></iframe>', '<iframe id=\"map_canvas1\" src=\"https://www.google.com/maps/embed?pb=!1m18!1m12!1m3!1d2689.184385013476!2d-122.33610738436896!3d47.622546979185586!2m3!1f0!2f0!3f0!3m2!1i1024!2i768!4f13.1!3m3!1m2!1s0x5490153730e9f873%3A0x325c1d7191a859d2!2sMBar!5e0!3m2!1sen!2sus!4v1488138274430\" width=\"680\" height=\"381\" frameborder=\"0\" style=\"border:0; margin-top: -150px;\" allowfullscreen></iframe>', NULL, NULL, NULL, NULL, '2017-03-04 21:45:03', '2017-05-11 23:08:26', '63b94e17-537a-4cfd-ab93-15329f750e40'),
 ('7', '10', 'en_us', NULL, NULL, NULL, NULL, NULL, NULL, NULL, NULL, 'events booking', 'We are currently fully committed for events until September.  Our apologies for any inconvenience, but our event coordination team may not respond to any inquiries for events taking place before September.', 'events@mbarseattle.com', '2017-03-04 21:53:20', '2017-05-11 23:08:26', '8ca3ff8e-f330-4a14-9d49-c4f000986175'),
 ('8', '46', 'en_us', NULL, NULL, NULL, NULL, NULL, NULL, NULL, 'about us', NULL, NULL, NULL, '2017-03-05 02:41:21', '2017-05-11 23:08:26', '7f64dc2a-8387-4f61-b629-6133ad75f319'),
 ('9', '232', 'en_us', NULL, '', NULL, NULL, NULL, NULL, NULL, NULL, NULL, NULL, NULL, '2017-04-11 22:15:08', '2017-05-11 23:08:26', 'ef4fb91b-236b-4b6d-a625-ac077c48c485');



DROP TABLE IF EXISTS `craft_matrixcontent_menugroup`;


--
-- Schema for table `craft_matrixcontent_menugroup`
--
CREATE TABLE `craft_matrixcontent_menugroup` (
  `id` int(11) NOT NULL AUTO_INCREMENT,
  `elementId` int(11) NOT NULL,
  `locale` char(12) COLLATE utf8_unicode_ci NOT NULL,
  `field_menuGroupSet_menuGroupTitle` text COLLATE utf8_unicode_ci,
  `dateCreated` datetime NOT NULL,
  `dateUpdated` datetime NOT NULL,
  `uid` char(36) COLLATE utf8_unicode_ci NOT NULL DEFAULT '0',
  PRIMARY KEY (`id`),
  UNIQUE KEY `craft_matrixcontent_menugroup_elementId_locale_unq_idx` (`elementId`,`locale`),
  KEY `craft_matrixcontent_menugroup_locale_fk` (`locale`)
) ENGINE=InnoDB AUTO_INCREMENT=20 DEFAULT CHARSET=utf8 COLLATE=utf8_unicode_ci;

--
-- Data for table `craft_matrixcontent_menugroup`
--

INSERT INTO `craft_matrixcontent_menugroup` (`id`, `elementId`, `locale`, `field_menuGroupSet_menuGroupTitle`, `dateCreated`, `dateUpdated`, `uid`) VALUES
 ('1', '19', 'en_us', 'signature cocktails - $13.00', '2017-03-04 23:11:10', '2017-03-10 03:38:41', '342df291-6f5d-4495-9f73-607dfc8e854c'),
 ('5', '25', 'en_us', 'desserts', '2017-03-04 23:42:15', '2017-03-10 00:56:27', '6272aa68-1324-4017-8fc6-566aacd39e3d'),
 ('9', '29', 'en_us', 'food', '2017-03-04 23:51:17', '2017-03-10 01:24:28', 'b130dd7c-19c9-4d8c-b89f-fc2dbe8b4e08'),
 ('12', '32', 'en_us', 'to start', '2017-03-04 23:52:03', '2017-04-23 00:25:09', '5b3547cb-69f1-4618-a5c1-335ecea8c19d'),
 ('13', '33', 'en_us', 'pasta', '2017-03-04 23:52:03', '2017-04-23 00:25:09', '37d2e5b4-37b9-4875-8938-e558fe5dc3fe'),
 ('14', '34', 'en_us', 'mains', '2017-03-04 23:52:03', '2017-04-23 00:25:09', '8b313e25-6a64-45c7-970a-38a324045401'),
 ('16', '138', 'en_us', 'wine by the glass  gl/btl', '2017-03-10 01:52:41', '2017-03-10 03:38:41', 'd98efda7-6c36-41c7-9be7-3c2e233a89eb'),
 ('17', '139', 'en_us', 'draught, bottle, and can', '2017-03-10 02:01:05', '2017-03-10 03:38:41', 'a6603ad5-3057-44a9-94eb-618d7531277b'),
 ('18', '141', 'en_us', 'White Wine', '2017-03-10 02:01:36', '2017-03-10 02:25:25', 'd244f3aa-09bf-4b67-b397-b4f22bcb806f'),
 ('19', '142', 'en_us', 'Red Wine', '2017-03-10 02:01:36', '2017-03-10 02:25:25', '0f96fb4e-36b6-4380-976c-4c39d501f6e0');



DROP TABLE IF EXISTS `craft_matrixcontent_topnavigation`;


--
-- Schema for table `craft_matrixcontent_topnavigation`
--
CREATE TABLE `craft_matrixcontent_topnavigation` (
  `id` int(11) NOT NULL AUTO_INCREMENT,
  `elementId` int(11) NOT NULL,
  `locale` char(12) COLLATE utf8_unicode_ci NOT NULL,
  `field_topNavigationLinks_linkText` text COLLATE utf8_unicode_ci,
  `dateCreated` datetime NOT NULL,
  `dateUpdated` datetime NOT NULL,
  `uid` char(36) COLLATE utf8_unicode_ci NOT NULL DEFAULT '0',
  PRIMARY KEY (`id`),
  UNIQUE KEY `craft_matrixcontent_topnavigation_elementId_locale_unq_idx` (`elementId`,`locale`),
  KEY `craft_matrixcontent_topnavigation_locale_fk` (`locale`)
) ENGINE=InnoDB DEFAULT CHARSET=utf8 COLLATE=utf8_unicode_ci;

DROP TABLE IF EXISTS `craft_migrations`;


--
-- Schema for table `craft_migrations`
--
CREATE TABLE `craft_migrations` (
  `id` int(11) NOT NULL AUTO_INCREMENT,
  `pluginId` int(11) DEFAULT NULL,
  `version` varchar(255) COLLATE utf8_unicode_ci NOT NULL,
  `applyTime` datetime NOT NULL,
  `dateCreated` datetime NOT NULL,
  `dateUpdated` datetime NOT NULL,
  `uid` char(36) COLLATE utf8_unicode_ci NOT NULL DEFAULT '0',
  PRIMARY KEY (`id`),
  UNIQUE KEY `craft_migrations_version_unq_idx` (`version`),
  KEY `craft_migrations_pluginId_fk` (`pluginId`)
) ENGINE=InnoDB AUTO_INCREMENT=39 DEFAULT CHARSET=utf8 COLLATE=utf8_unicode_ci;

--
-- Data for table `craft_migrations`
--

INSERT INTO `craft_migrations` (`id`, `pluginId`, `version`, `applyTime`, `dateCreated`, `dateUpdated`, `uid`) VALUES
 ('1', NULL, 'm000000_000000_base', '2017-03-04 21:05:14', '2017-03-04 21:05:14', '2017-03-04 21:05:14', 'e121e5dc-3d74-4720-8974-2af43a5d8916'),
 ('2', NULL, 'm140730_000001_add_filename_and_format_to_transformindex', '2017-03-04 21:05:14', '2017-03-04 21:05:14', '2017-03-04 21:05:14', '68a60b26-85fc-4f57-a892-3faad44a1c0a'),
 ('3', NULL, 'm140815_000001_add_format_to_transforms', '2017-03-04 21:05:14', '2017-03-04 21:05:14', '2017-03-04 21:05:14', 'ed936c2b-6619-4624-ae84-8fe8cfba9a30'),
 ('4', NULL, 'm140822_000001_allow_more_than_128_items_per_field', '2017-03-04 21:05:14', '2017-03-04 21:05:14', '2017-03-04 21:05:14', 'f63b7c95-9b57-4a02-8bb7-4bf4021c773a'),
 ('5', NULL, 'm140829_000001_single_title_formats', '2017-03-04 21:05:14', '2017-03-04 21:05:14', '2017-03-04 21:05:14', '5e2f2974-be25-423f-ba64-c2973a7fd046'),
 ('6', NULL, 'm140831_000001_extended_cache_keys', '2017-03-04 21:05:14', '2017-03-04 21:05:14', '2017-03-04 21:05:14', '32ad8a9c-aeae-4c28-9bec-0a481654159b'),
 ('7', NULL, 'm140922_000001_delete_orphaned_matrix_blocks', '2017-03-04 21:05:14', '2017-03-04 21:05:14', '2017-03-04 21:05:14', 'c4132290-0cba-4205-a607-640c854293dc'),
 ('8', NULL, 'm141008_000001_elements_index_tune', '2017-03-04 21:05:14', '2017-03-04 21:05:14', '2017-03-04 21:05:14', 'f40a41a7-0110-43e8-b3a8-21d1413a7383'),
 ('9', NULL, 'm141009_000001_assets_source_handle', '2017-03-04 21:05:14', '2017-03-04 21:05:14', '2017-03-04 21:05:14', 'f15a5299-60c2-4822-8f03-eebcbb59f907'),
 ('10', NULL, 'm141024_000001_field_layout_tabs', '2017-03-04 21:05:14', '2017-03-04 21:05:14', '2017-03-04 21:05:14', '118e3af0-4ab3-4ed2-8b25-3aa7f8d23c03'),
 ('11', NULL, 'm141030_000000_plugin_schema_versions', '2017-03-04 21:05:14', '2017-03-04 21:05:14', '2017-03-04 21:05:14', '6b448177-2110-488a-9928-f2ed20100eb2'),
 ('12', NULL, 'm141030_000001_drop_structure_move_permission', '2017-03-04 21:05:14', '2017-03-04 21:05:14', '2017-03-04 21:05:14', '53539085-b50d-4f91-ba00-89ccab6ecdbb'),
 ('13', NULL, 'm141103_000001_tag_titles', '2017-03-04 21:05:14', '2017-03-04 21:05:14', '2017-03-04 21:05:14', 'b04e11fd-393e-43cc-9826-26123598cb75'),
 ('14', NULL, 'm141109_000001_user_status_shuffle', '2017-03-04 21:05:14', '2017-03-04 21:05:14', '2017-03-04 21:05:14', '50814c8f-65f4-420f-9f15-4c37c7917d1d'),
 ('15', NULL, 'm141126_000001_user_week_start_day', '2017-03-04 21:05:14', '2017-03-04 21:05:14', '2017-03-04 21:05:14', '19c3c50a-1833-455f-bc1e-6931e7effc4b'),
 ('16', NULL, 'm150210_000001_adjust_user_photo_size', '2017-03-04 21:05:14', '2017-03-04 21:05:14', '2017-03-04 21:05:14', 'fb791120-45b3-4c68-ba34-f902d5c2c864'),
 ('17', NULL, 'm150724_000001_adjust_quality_settings', '2017-03-04 21:05:14', '2017-03-04 21:05:14', '2017-03-04 21:05:14', '5ef6160c-2ae0-4f55-b969-c029458c2e93'),
 ('18', NULL, 'm150827_000000_element_index_settings', '2017-03-04 21:05:14', '2017-03-04 21:05:14', '2017-03-04 21:05:14', 'ceda5abf-0d17-4c76-b04d-77299d768c16'),
 ('19', NULL, 'm150918_000001_add_colspan_to_widgets', '2017-03-04 21:05:14', '2017-03-04 21:05:14', '2017-03-04 21:05:14', 'eef0f12f-83a8-4aeb-a75e-40fcdc249886'),
 ('20', NULL, 'm151007_000000_clear_asset_caches', '2017-03-04 21:05:14', '2017-03-04 21:05:14', '2017-03-04 21:05:14', 'e3208f80-5fbd-419e-b1cf-90e15f74a4be'),
 ('21', NULL, 'm151109_000000_text_url_formats', '2017-03-04 21:05:14', '2017-03-04 21:05:14', '2017-03-04 21:05:14', '2650346b-78ac-4fa4-9803-831ea75391b3'),
 ('22', NULL, 'm151110_000000_move_logo', '2017-03-04 21:05:14', '2017-03-04 21:05:14', '2017-03-04 21:05:14', 'bc1c3874-b6df-4fe1-a758-fc5e6ba637e2'),
 ('23', NULL, 'm151117_000000_adjust_image_widthheight', '2017-03-04 21:05:14', '2017-03-04 21:05:14', '2017-03-04 21:05:14', 'd1970463-04f3-45dc-937a-4b20cd99766e'),
 ('24', NULL, 'm151127_000000_clear_license_key_status', '2017-03-04 21:05:14', '2017-03-04 21:05:14', '2017-03-04 21:05:14', 'ad9a082a-c8a3-491a-9583-d8bbde0cb077'),
 ('25', NULL, 'm151127_000000_plugin_license_keys', '2017-03-04 21:05:14', '2017-03-04 21:05:14', '2017-03-04 21:05:14', '490cf05b-c503-48da-8833-45ce91d077ab'),
 ('26', NULL, 'm151130_000000_update_pt_widget_feeds', '2017-03-04 21:05:14', '2017-03-04 21:05:14', '2017-03-04 21:05:14', 'ddc5ffad-434c-4576-ba4b-a21b65f0eaa0'),
 ('27', NULL, 'm160114_000000_asset_sources_public_url_default_true', '2017-03-04 21:05:14', '2017-03-04 21:05:14', '2017-03-04 21:05:14', 'b8d4af5a-f45a-46a7-91d6-ff57f10bc19a'),
 ('28', NULL, 'm160223_000000_sortorder_to_smallint', '2017-03-04 21:05:14', '2017-03-04 21:05:14', '2017-03-04 21:05:14', 'b3c1e6ab-9415-4010-8efa-6ba2882e4ef1'),
 ('29', NULL, 'm160229_000000_set_default_entry_statuses', '2017-03-04 21:05:14', '2017-03-04 21:05:14', '2017-03-04 21:05:14', 'b871b12d-3c8b-4ab0-aa88-be66976a8214'),
 ('30', NULL, 'm160304_000000_client_permissions', '2017-03-04 21:05:14', '2017-03-04 21:05:14', '2017-03-04 21:05:14', '732d9836-37c7-498d-8a80-a451d4a8338b'),
 ('31', NULL, 'm160322_000000_asset_filesize', '2017-03-04 21:05:14', '2017-03-04 21:05:14', '2017-03-04 21:05:14', '431d1fbf-2627-4777-842f-e32eb9eb8c3e'),
 ('32', NULL, 'm160503_000000_orphaned_fieldlayouts', '2017-03-04 21:05:14', '2017-03-04 21:05:14', '2017-03-04 21:05:14', 'cc909b7d-7f33-4094-9dad-e26f7f626b0b'),
 ('33', NULL, 'm160510_000000_tasksettings', '2017-03-04 21:05:14', '2017-03-04 21:05:14', '2017-03-04 21:05:14', 'c32e909c-2e5e-4e85-81f2-cae92a9a545b'),
 ('34', NULL, 'm160829_000000_pending_user_content_cleanup', '2017-03-04 21:05:14', '2017-03-04 21:05:14', '2017-03-04 21:05:14', 'c96ce468-4b90-4ba4-95ef-58a4942aca36'),
 ('35', NULL, 'm160830_000000_asset_index_uri_increase', '2017-03-04 21:05:14', '2017-03-04 21:05:14', '2017-03-04 21:05:14', '7c259e90-f3a1-4efa-9299-7b682ba5717f'),
 ('36', NULL, 'm160919_000000_usergroup_handle_title_unique', '2017-03-04 21:05:14', '2017-03-04 21:05:14', '2017-03-04 21:05:14', '66574770-de71-46db-bdcd-9c7117565042'),
 ('37', NULL, 'm161108_000000_new_version_format', '2017-03-04 21:05:14', '2017-03-04 21:05:14', '2017-03-04 21:05:14', 'eca7cfcf-da90-40dd-b975-151dba13f006'),
 ('38', NULL, 'm161109_000000_index_shuffle', '2017-03-04 21:05:14', '2017-03-04 21:05:14', '2017-03-04 21:05:14', 'fd78d155-6235-4db9-a485-285c6f716d5b');



DROP TABLE IF EXISTS `craft_plugins`;


--
-- Schema for table `craft_plugins`
--
CREATE TABLE `craft_plugins` (
  `id` int(11) NOT NULL AUTO_INCREMENT,
  `class` varchar(150) COLLATE utf8_unicode_ci NOT NULL,
  `version` varchar(15) COLLATE utf8_unicode_ci NOT NULL,
  `schemaVersion` varchar(15) COLLATE utf8_unicode_ci DEFAULT NULL,
  `licenseKey` char(24) COLLATE utf8_unicode_ci DEFAULT NULL,
  `licenseKeyStatus` enum('valid','invalid','mismatched','unknown') COLLATE utf8_unicode_ci NOT NULL DEFAULT 'unknown',
  `enabled` tinyint(1) unsigned NOT NULL DEFAULT '0',
  `settings` text COLLATE utf8_unicode_ci,
  `installDate` datetime NOT NULL,
  `dateCreated` datetime NOT NULL,
  `dateUpdated` datetime NOT NULL,
  `uid` char(36) COLLATE utf8_unicode_ci NOT NULL DEFAULT '0',
  PRIMARY KEY (`id`)
) ENGINE=InnoDB DEFAULT CHARSET=utf8 COLLATE=utf8_unicode_ci;

DROP TABLE IF EXISTS `craft_rackspaceaccess`;


--
-- Schema for table `craft_rackspaceaccess`
--
CREATE TABLE `craft_rackspaceaccess` (
  `id` int(11) NOT NULL AUTO_INCREMENT,
  `connectionKey` varchar(255) COLLATE utf8_unicode_ci NOT NULL,
  `token` varchar(255) COLLATE utf8_unicode_ci NOT NULL,
  `storageUrl` varchar(255) COLLATE utf8_unicode_ci NOT NULL,
  `cdnUrl` varchar(255) COLLATE utf8_unicode_ci NOT NULL,
  `dateCreated` datetime NOT NULL,
  `dateUpdated` datetime NOT NULL,
  `uid` char(36) COLLATE utf8_unicode_ci NOT NULL DEFAULT '0',
  PRIMARY KEY (`id`),
  UNIQUE KEY `craft_rackspaceaccess_connectionKey_unq_idx` (`connectionKey`)
) ENGINE=InnoDB DEFAULT CHARSET=utf8 COLLATE=utf8_unicode_ci;

DROP TABLE IF EXISTS `craft_relations`;


--
-- Schema for table `craft_relations`
--
CREATE TABLE `craft_relations` (
  `id` int(11) NOT NULL AUTO_INCREMENT,
  `fieldId` int(11) NOT NULL,
  `sourceId` int(11) NOT NULL,
  `sourceLocale` char(12) COLLATE utf8_unicode_ci DEFAULT NULL,
  `targetId` int(11) NOT NULL,
  `sortOrder` smallint(6) DEFAULT NULL,
  `dateCreated` datetime NOT NULL,
  `dateUpdated` datetime NOT NULL,
  `uid` char(36) COLLATE utf8_unicode_ci NOT NULL DEFAULT '0',
  PRIMARY KEY (`id`),
  UNIQUE KEY `craft_relations_fieldId_sourceId_sourceLocale_targetId_unq_idx` (`fieldId`,`sourceId`,`sourceLocale`,`targetId`),
  KEY `craft_relations_sourceId_fk` (`sourceId`),
  KEY `craft_relations_sourceLocale_fk` (`sourceLocale`),
  KEY `craft_relations_targetId_fk` (`targetId`)
) ENGINE=InnoDB AUTO_INCREMENT=474 DEFAULT CHARSET=utf8 COLLATE=utf8_unicode_ci;

--
-- Data for table `craft_relations`
--

INSERT INTO `craft_relations` (`id`, `fieldId`, `sourceId`, `sourceLocale`, `targetId`, `sortOrder`, `dateCreated`, `dateUpdated`, `uid`) VALUES
 ('60', '21', '87', NULL, '86', '1', '2017-03-05 17:39:07', '2017-03-05 17:39:07', '278ef011-94fa-4543-91f7-7a07020b3733'),
 ('136', '19', '25', NULL, '117', '1', '2017-03-10 00:56:27', '2017-03-10 00:56:27', 'd93fd954-e714-47fb-a116-fc3bd70ed6fa'),
 ('137', '19', '25', NULL, '116', '2', '2017-03-10 00:56:27', '2017-03-10 00:56:27', '59106544-06b8-4e72-84ba-7ed4ac7f5f85'),
 ('138', '19', '25', NULL, '115', '3', '2017-03-10 00:56:27', '2017-03-10 00:56:27', '3f233a9a-6817-42d2-9ae0-7c2fff3af50d'),
 ('139', '19', '25', NULL, '114', '4', '2017-03-10 00:56:27', '2017-03-10 00:56:27', '12f00a43-fe73-49fe-8954-462f7bd8f1f7'),
 ('140', '19', '25', NULL, '118', '5', '2017-03-10 00:56:27', '2017-03-10 00:56:27', 'fda7e0b4-3403-47ca-9545-cb88a75170c4'),
 ('141', '19', '25', NULL, '119', '6', '2017-03-10 00:56:27', '2017-03-10 00:56:27', 'f4641f6c-4259-4ecf-ad54-77662cb4a50a'),
 ('142', '19', '25', NULL, '120', '7', '2017-03-10 00:56:27', '2017-03-10 00:56:27', '01156480-5f14-4a0b-82ae-de6dbfc6cfb8'),
 ('143', '19', '25', NULL, '121', '8', '2017-03-10 00:56:27', '2017-03-10 00:56:27', '508195e2-311f-4e5f-b4c7-cd93fa714b91'),
 ('144', '19', '25', NULL, '122', '9', '2017-03-10 00:56:27', '2017-03-10 00:56:27', '86dca0c0-ab27-424d-85a5-c0f14042de71'),
 ('145', '19', '29', NULL, '105', '1', '2017-03-10 01:24:28', '2017-03-10 01:24:28', 'f53f877e-8268-4d86-a058-173e8ae7f1fa'),
 ('146', '19', '29', NULL, '104', '2', '2017-03-10 01:24:28', '2017-03-10 01:24:28', 'e1467723-f2f3-451f-b7bc-b6085ce22129'),
 ('147', '19', '29', NULL, '103', '3', '2017-03-10 01:24:28', '2017-03-10 01:24:28', '7820100f-d3f0-4365-97a5-b8246d125f62'),
 ('148', '19', '29', NULL, '102', '4', '2017-03-10 01:24:28', '2017-03-10 01:24:28', '8142e94f-6952-49e7-81d0-8260fde4c533'),
 ('149', '19', '29', NULL, '101', '5', '2017-03-10 01:24:28', '2017-03-10 01:24:28', '1d0eb7ff-3c05-40fc-b8c6-233eeb039c8b'),
 ('150', '19', '29', NULL, '100', '6', '2017-03-10 01:24:28', '2017-03-10 01:24:28', '9d73244b-8ade-4eb8-90da-a3501df28c87'),
 ('151', '19', '29', NULL, '123', '7', '2017-03-10 01:24:28', '2017-03-10 01:24:28', '4f001166-25c0-4cfc-985e-6b746faefbe7'),
 ('152', '19', '29', NULL, '124', '8', '2017-03-10 01:24:28', '2017-03-10 01:24:28', 'af7f2365-d641-4488-8686-f43838a23edf'),
 ('236', '19', '141', NULL, '144', '1', '2017-03-10 02:25:25', '2017-03-10 02:25:25', 'f5ac8af7-4300-4dd4-9ee0-ee3ec6789c15'),
 ('237', '19', '141', NULL, '143', '2', '2017-03-10 02:25:25', '2017-03-10 02:25:25', '51bf4621-b79a-4941-be02-609250412dbd'),
 ('238', '19', '141', NULL, '147', '3', '2017-03-10 02:25:25', '2017-03-10 02:25:25', 'afe17122-a4ff-48c1-9d36-fbf1a2eff637'),
 ('239', '19', '141', NULL, '156', '4', '2017-03-10 02:25:25', '2017-03-10 02:25:25', '485a0936-0e83-4ee3-9274-323efd9ba52e'),
 ('240', '19', '141', NULL, '155', '5', '2017-03-10 02:25:25', '2017-03-10 02:25:25', 'a3d651a3-d1b1-4835-a6cf-013b6005befd'),
 ('241', '19', '141', NULL, '153', '6', '2017-03-10 02:25:25', '2017-03-10 02:25:25', '110f83cc-7d70-4cf9-b9cb-bb5860c4d2c7'),
 ('242', '19', '141', NULL, '154', '7', '2017-03-10 02:25:25', '2017-03-10 02:25:25', 'f3ed0053-6fc7-4233-928e-5b25ba8eb0ad'),
 ('243', '19', '141', NULL, '152', '8', '2017-03-10 02:25:25', '2017-03-10 02:25:25', '8c0b3f48-4c47-4309-8bdf-fd1d17c4b235'),
 ('244', '19', '141', NULL, '151', '9', '2017-03-10 02:25:25', '2017-03-10 02:25:25', 'ef121e61-2738-4844-a67b-b5d589025880'),
 ('245', '19', '141', NULL, '150', '10', '2017-03-10 02:25:25', '2017-03-10 02:25:25', '532c692e-ab3d-44ae-9c8a-b49e1ee00528'),
 ('246', '19', '141', NULL, '149', '11', '2017-03-10 02:25:25', '2017-03-10 02:25:25', 'f8baa7d9-7185-45a2-876d-47fdaf1f55a1'),
 ('247', '19', '141', NULL, '148', '12', '2017-03-10 02:25:25', '2017-03-10 02:25:25', 'ecac9da4-649d-4f48-aa68-2c9a3f159747'),
 ('248', '19', '141', NULL, '146', '13', '2017-03-10 02:25:25', '2017-03-10 02:25:25', '47a349a3-46ac-48d3-b401-5f3914201feb'),
 ('249', '19', '141', NULL, '145', '14', '2017-03-10 02:25:25', '2017-03-10 02:25:25', 'e6e22d1d-376a-4f02-b7f6-9bd45328d0cf'),
 ('250', '19', '142', NULL, '157', '1', '2017-03-10 02:25:25', '2017-03-10 02:25:25', '5230773d-aca8-4fea-8827-46e0df47fffc'),
 ('251', '19', '142', NULL, '158', '2', '2017-03-10 02:25:25', '2017-03-10 02:25:25', '1c02389d-5f15-4dbc-b0ce-44539a8ebabe'),
 ('252', '19', '142', NULL, '165', '3', '2017-03-10 02:25:25', '2017-03-10 02:25:25', 'f4941b99-f531-4b1f-b292-8e87951d06b0'),
 ('253', '19', '142', NULL, '164', '4', '2017-03-10 02:25:25', '2017-03-10 02:25:25', 'ef54b725-c26d-4602-a868-f49bfe367ee0'),
 ('254', '19', '142', NULL, '163', '5', '2017-03-10 02:25:25', '2017-03-10 02:25:25', '00f3baa7-5964-419a-a7e1-8c8994259059'),
 ('255', '19', '142', NULL, '162', '6', '2017-03-10 02:25:25', '2017-03-10 02:25:25', '9cb1bead-6ade-4d2e-9740-b61a81a3f8b4'),
 ('256', '19', '142', NULL, '161', '7', '2017-03-10 02:25:25', '2017-03-10 02:25:25', '70f9c473-ef66-4ffb-b82f-73711d715ae7'),
 ('257', '19', '142', NULL, '160', '8', '2017-03-10 02:25:25', '2017-03-10 02:25:25', '48c5c3b8-31fb-4646-a50b-1c7c46368498'),
 ('258', '19', '142', NULL, '159', '9', '2017-03-10 02:25:25', '2017-03-10 02:25:25', '7399d4fb-a3ed-4a57-8f4b-2d0303b2aaaa'),
 ('259', '19', '142', NULL, '169', '10', '2017-03-10 02:25:25', '2017-03-10 02:25:25', 'c491e13d-d22b-4e48-8a41-bad985d144e9'),
 ('260', '19', '142', NULL, '168', '11', '2017-03-10 02:25:25', '2017-03-10 02:25:25', 'f8e6450a-fb2b-4410-be6b-69e40195b6c8'),
 ('261', '19', '142', NULL, '167', '12', '2017-03-10 02:25:25', '2017-03-10 02:25:25', '507507f4-4e71-4e87-8e83-b4ffbce0aa13'),
 ('262', '19', '142', NULL, '166', '13', '2017-03-10 02:25:25', '2017-03-10 02:25:25', '394955e3-cd07-4f12-a1a9-0b574eebcfc9'),
 ('315', '21', '91', NULL, '44', '1', '2017-03-10 03:15:20', '2017-03-10 03:15:20', '7ae98e65-9020-4e35-b3c6-35ce461905a7'),
 ('316', '19', '19', NULL, '107', '1', '2017-03-10 03:38:41', '2017-03-10 03:38:41', '1af34690-6c4a-4eea-b7ea-76961e981bd8'),
 ('317', '19', '19', NULL, '106', '2', '2017-03-10 03:38:41', '2017-03-10 03:38:41', '142c39bf-e2b0-4ede-b541-241402f72fa0'),
 ('318', '19', '19', NULL, '108', '3', '2017-03-10 03:38:41', '2017-03-10 03:38:41', '9c8748c9-37cd-4c99-9ae9-fe9e2a739983'),
 ('319', '19', '19', NULL, '110', '4', '2017-03-10 03:38:41', '2017-03-10 03:38:41', '38dea86d-123f-4d82-92a2-2360351f27e4'),
 ('320', '19', '19', NULL, '109', '5', '2017-03-10 03:38:41', '2017-03-10 03:38:41', 'c6bb4404-6806-4a51-bb86-d7186cab27c8'),
 ('321', '19', '19', NULL, '112', '6', '2017-03-10 03:38:41', '2017-03-10 03:38:41', 'babf5e95-da22-4d23-b1c3-4b519dc1dfac'),
 ('322', '19', '19', NULL, '111', '7', '2017-03-10 03:38:41', '2017-03-10 03:38:41', 'd862a882-e619-4c09-b588-147dd6b53a55'),
 ('323', '19', '19', NULL, '113', '8', '2017-03-10 03:38:41', '2017-03-10 03:38:41', '35ecd2f5-31cd-46c3-bc7b-dac6747d4a8e'),
 ('324', '19', '138', NULL, '137', '1', '2017-03-10 03:38:41', '2017-03-10 03:38:41', 'c8d066ce-6085-4069-bb8d-d8c7c1ecc374'),
 ('325', '19', '138', NULL, '136', '2', '2017-03-10 03:38:41', '2017-03-10 03:38:41', 'd044ea80-e935-4121-8e5b-f5a24437fbd8'),
 ('326', '19', '138', NULL, '135', '3', '2017-03-10 03:38:41', '2017-03-10 03:38:41', '590820ff-be25-474f-951a-69e2821dd081'),
 ('327', '19', '138', NULL, '131', '4', '2017-03-10 03:38:41', '2017-03-10 03:38:41', 'de32587b-9933-49cd-bda3-54878cdd3c44'),
 ('328', '19', '138', NULL, '134', '5', '2017-03-10 03:38:41', '2017-03-10 03:38:41', '33a4b149-142c-4ac5-97d1-e88f120b9846'),
 ('329', '19', '138', NULL, '132', '6', '2017-03-10 03:38:41', '2017-03-10 03:38:41', 'e7684996-2be2-4dbd-8fac-5beae472fd2a'),
 ('330', '19', '138', NULL, '130', '7', '2017-03-10 03:38:41', '2017-03-10 03:38:41', 'e4109aca-7698-4688-b166-4165785dcb8b'),
 ('331', '19', '138', NULL, '133', '8', '2017-03-10 03:38:41', '2017-03-10 03:38:41', 'f14a1acf-d82f-4c85-97c0-d96c59a6196d'),
 ('332', '19', '138', NULL, '129', '9', '2017-03-10 03:38:41', '2017-03-10 03:38:41', '9a9b7bd9-8ff3-4f34-8911-a361e1009720'),
 ('333', '19', '138', NULL, '128', '10', '2017-03-10 03:38:41', '2017-03-10 03:38:41', '135b2c0a-dcb6-4877-8b67-6571f537cafa'),
 ('334', '19', '138', NULL, '127', '11', '2017-03-10 03:38:41', '2017-03-10 03:38:41', 'ae26f224-7b82-4639-8fa0-63f478fe0632'),
 ('335', '19', '138', NULL, '126', '12', '2017-03-10 03:38:41', '2017-03-10 03:38:41', '374e6d9b-9c2d-4ad1-8c94-8205677ceaa8'),
 ('336', '19', '138', NULL, '125', '13', '2017-03-10 03:38:41', '2017-03-10 03:38:41', 'e1701525-d316-4b3d-b327-87eb20839919'),
 ('337', '19', '139', NULL, '174', '1', '2017-03-10 03:38:41', '2017-03-10 03:38:41', '86f37ff3-f7f8-43ba-a8b7-989db003ab4e'),
 ('338', '19', '139', NULL, '173', '2', '2017-03-10 03:38:41', '2017-03-10 03:38:41', '9450a245-9264-4266-9891-ae9c0c041460'),
 ('339', '19', '139', NULL, '172', '3', '2017-03-10 03:38:41', '2017-03-10 03:38:41', '65795074-58af-4082-b463-74251ec02c43'),
 ('340', '19', '139', NULL, '171', '4', '2017-03-10 03:38:41', '2017-03-10 03:38:41', 'c615f26d-e7ab-4df6-9024-7a30ade46cbd'),
 ('341', '19', '139', NULL, '170', '5', '2017-03-10 03:38:41', '2017-03-10 03:38:41', 'a0424dd2-bdb5-4867-869e-8e3c384f28b0'),
 ('344', '21', '65', NULL, '64', '1', '2017-03-20 19:15:24', '2017-03-20 19:15:24', 'ce2db7da-7230-452e-bd32-37f4430f393b'),
 ('345', '21', '62', NULL, '61', '1', '2017-03-20 19:15:48', '2017-03-20 19:15:48', '5438255f-8aff-46d2-a7b0-5d0f93c0bd5f'),
 ('346', '21', '57', NULL, '59', '1', '2017-03-20 19:16:10', '2017-03-20 19:16:10', '496ddd94-c3d1-4ed8-af8a-9ad669ba022c'),
 ('351', '21', '55', NULL, '51', '1', '2017-04-06 18:28:00', '2017-04-06 18:28:00', '6b9664fb-914e-452f-ad46-da45ca04f943'),
 ('410', '21', '201', NULL, '234', '1', '2017-04-12 15:59:43', '2017-04-12 15:59:43', '5824fa46-a064-4a99-95f1-06941c5ba6b9'),
 ('411', '21', '202', NULL, '235', '1', '2017-04-12 16:00:37', '2017-04-12 16:00:37', '6871a90a-94ad-4c84-bb5b-5b4965073bdf'),
 ('412', '21', '81', NULL, '238', '1', '2017-04-12 16:05:06', '2017-04-12 16:05:06', '5ccac8c7-22be-4ead-8294-9c1f87eab2a7'),
 ('413', '21', '84', NULL, '239', '1', '2017-04-12 16:05:49', '2017-04-12 16:05:49', 'afc0f49a-7c7b-4215-ae4e-dcae12c27442'),
 ('414', '21', '210', NULL, '240', '1', '2017-04-12 16:06:37', '2017-04-12 16:06:37', '1bb1d9b0-5bbe-4699-98d0-a9f3133c318d'),
 ('431', '21', '97', NULL, '44', '1', '2017-04-14 23:57:18', '2017-04-14 23:57:18', 'd05483a2-0a4b-4e51-89e2-d803ce0a62c5'),
 ('432', '21', '96', NULL, '44', '1', '2017-04-14 23:58:10', '2017-04-14 23:58:10', 'f17ebaa4-6baa-4224-a50a-e215c39b1154'),
 ('433', '21', '243', NULL, '44', '1', '2017-04-15 00:03:11', '2017-04-15 00:03:11', '061e0351-5ef3-44ef-86c0-c7891c373709'),
 ('434', '19', '32', NULL, '214', '1', '2017-04-23 00:25:09', '2017-04-23 00:25:09', 'e5c2d8b8-d3f3-4f03-a523-fa9c5a30eaff'),
 ('435', '19', '32', NULL, '215', '2', '2017-04-23 00:25:09', '2017-04-23 00:25:09', 'c100d8c8-4543-47d6-8289-fccbac7f3ff8'),
 ('436', '19', '32', NULL, '216', '3', '2017-04-23 00:25:09', '2017-04-23 00:25:09', 'a16ee95b-f2e2-49b7-bc50-b56090099314'),
 ('437', '19', '32', NULL, '217', '4', '2017-04-23 00:25:09', '2017-04-23 00:25:09', '8ed2f5b4-4692-4422-83b8-92fa7975504a'),
 ('438', '19', '32', NULL, '218', '5', '2017-04-23 00:25:09', '2017-04-23 00:25:09', '32acbbfa-8166-47c7-8b43-4bd6a80c8764'),
 ('439', '19', '32', NULL, '219', '6', '2017-04-23 00:25:09', '2017-04-23 00:25:09', 'd490fe36-e540-4a49-af87-f1232dca829a'),
 ('440', '19', '32', NULL, '220', '7', '2017-04-23 00:25:09', '2017-04-23 00:25:09', '95cdf067-b294-43cf-9005-9080b4327260'),
 ('441', '19', '32', NULL, '221', '8', '2017-04-23 00:25:09', '2017-04-23 00:25:09', '01cee4c4-645b-4a07-bd64-fbb02cf3f358'),
 ('442', '19', '32', NULL, '222', '9', '2017-04-23 00:25:09', '2017-04-23 00:25:09', '99ab82b8-ce9b-45bb-bdc6-a8148090a9a3'),
 ('443', '19', '32', NULL, '223', '10', '2017-04-23 00:25:09', '2017-04-23 00:25:09', '0ef8c64f-d3d2-46b4-b441-91d7da4ba974'),
 ('444', '19', '33', NULL, '226', '1', '2017-04-23 00:25:09', '2017-04-23 00:25:09', 'ca43eea0-242e-410a-8257-3a80e486ab49'),
 ('445', '19', '33', NULL, '225', '2', '2017-04-23 00:25:09', '2017-04-23 00:25:09', 'c7692262-e177-421e-ac84-1b7dff7941b1'),
 ('446', '19', '33', NULL, '224', '3', '2017-04-23 00:25:09', '2017-04-23 00:25:09', '7b5f00b6-d85c-4995-bddf-4675ecfbfbfd'),
 ('447', '19', '34', NULL, '231', '1', '2017-04-23 00:25:09', '2017-04-23 00:25:09', 'a412edef-7e12-44d1-ab0a-8b0314b622dd'),
 ('448', '19', '34', NULL, '230', '2', '2017-04-23 00:25:09', '2017-04-23 00:25:09', 'b62221ed-8aca-462d-900e-dd30e9533850'),
 ('449', '19', '34', NULL, '229', '3', '2017-04-23 00:25:09', '2017-04-23 00:25:09', '2f10e2cc-2c33-4a7e-812b-e50a875d3b1b');
INSERT INTO `craft_relations` (`id`, `fieldId`, `sourceId`, `sourceLocale`, `targetId`, `sortOrder`, `dateCreated`, `dateUpdated`, `uid`) VALUES
 ('450', '19', '34', NULL, '228', '4', '2017-04-23 00:25:09', '2017-04-23 00:25:09', 'b0720ec0-0450-4025-8235-39dec81d5fc9'),
 ('451', '19', '34', NULL, '227', '5', '2017-04-23 00:25:09', '2017-04-23 00:25:09', '2cf2757f-f214-4665-81c6-06ce9878b701'),
 ('452', '19', '34', NULL, '245', '6', '2017-04-23 00:25:09', '2017-04-23 00:25:09', '06d3dc96-4001-4a76-a2a5-8ffd100a46a1'),
 ('465', '21', '93', NULL, '251', '1', '2017-04-30 18:30:09', '2017-04-30 18:30:09', '3effa7ae-2886-4cc4-adc9-ab62eb61d457'),
 ('466', '21', '92', NULL, '241', '1', '2017-04-30 18:30:26', '2017-04-30 18:30:26', '31dc0251-b383-48c9-a9f8-7b0d7aa47579'),
 ('468', '21', '95', NULL, '250', '1', '2017-04-30 18:30:56', '2017-04-30 18:30:56', 'fcf1c33f-51e7-41d0-914b-abd4436b4e06'),
 ('469', '21', '212', NULL, '239', '1', '2017-04-30 18:31:11', '2017-04-30 18:31:11', 'fbb7bd61-2576-4486-b2a9-e864f7e8d9cd'),
 ('470', '21', '205', NULL, '248', '1', '2017-04-30 18:31:20', '2017-04-30 18:31:20', '4e29b2fc-fd44-40d2-86d5-7f1fd642298f'),
 ('471', '21', '249', NULL, '246', '1', '2017-04-30 18:31:28', '2017-04-30 18:31:28', 'ce745f82-4973-4d44-bcdd-0bab4819f501'),
 ('472', '21', '88', NULL, '252', '1', '2017-05-04 22:49:29', '2017-05-04 22:49:29', '48d6e43b-9a68-446b-98ef-76935dc5967c'),
 ('473', '21', '89', NULL, '38', '1', '2017-05-04 22:49:38', '2017-05-04 22:49:38', 'b3244ed8-d6c7-4b4f-b1a7-cc864b6472e4');



DROP TABLE IF EXISTS `craft_routes`;


--
-- Schema for table `craft_routes`
--
CREATE TABLE `craft_routes` (
  `id` int(11) NOT NULL AUTO_INCREMENT,
  `locale` char(12) COLLATE utf8_unicode_ci DEFAULT NULL,
  `urlParts` varchar(255) COLLATE utf8_unicode_ci NOT NULL,
  `urlPattern` varchar(255) COLLATE utf8_unicode_ci NOT NULL,
  `template` varchar(255) COLLATE utf8_unicode_ci NOT NULL,
  `sortOrder` smallint(6) unsigned DEFAULT NULL,
  `dateCreated` datetime NOT NULL,
  `dateUpdated` datetime NOT NULL,
  `uid` char(36) COLLATE utf8_unicode_ci NOT NULL DEFAULT '0',
  PRIMARY KEY (`id`),
  UNIQUE KEY `craft_routes_urlPattern_unq_idx` (`urlPattern`),
  KEY `craft_routes_locale_idx` (`locale`)
) ENGINE=InnoDB DEFAULT CHARSET=utf8 COLLATE=utf8_unicode_ci;

DROP TABLE IF EXISTS `craft_searchindex`;


--
-- Schema for table `craft_searchindex`
--
CREATE TABLE `craft_searchindex` (
  `elementId` int(11) NOT NULL,
  `attribute` varchar(25) COLLATE utf8_unicode_ci NOT NULL,
  `fieldId` int(11) NOT NULL,
  `locale` char(12) COLLATE utf8_unicode_ci NOT NULL,
  `keywords` text COLLATE utf8_unicode_ci NOT NULL,
  PRIMARY KEY (`elementId`,`attribute`,`fieldId`,`locale`),
  FULLTEXT KEY `craft_searchindex_keywords_idx` (`keywords`)
) ENGINE=MyISAM DEFAULT CHARSET=utf8 COLLATE=utf8_unicode_ci;

--
-- Data for table `craft_searchindex`
--

INSERT INTO `craft_searchindex` (`elementId`, `attribute`, `fieldId`, `locale`, `keywords`) VALUES
 ('1', 'username', '0', 'en_us', ' webmasterseattle '),
 ('1', 'firstname', '0', 'en_us', ''),
 ('1', 'lastname', '0', 'en_us', ''),
 ('1', 'fullname', '0', 'en_us', ''),
 ('1', 'email', '0', 'en_us', ' joe waine gmail com '),
 ('1', 'slug', '0', 'en_us', ''),
 ('2', 'slug', '0', 'en_us', ' homepage '),
 ('2', 'title', '0', 'en_us', ' mbar seattle '),
 ('2', 'field', '1', 'en_us', ' body '),
 ('2', 'field', '3', 'en_us', ' nav category about us events mbarseattle com events booking we are currently fully committed for events until september our apologies for any inconvenience but our event coordination team may not respond to any inquiries for events taking place before september family media '),
 ('202', 'field', '21', 'en_us', ' plane '),
 ('202', 'slug', '0', 'en_us', ' patio shot '),
 ('202', 'title', '0', 'en_us', ' patio seaplane '),
 ('4', 'field', '4', 'en_us', ' nav '),
 ('4', 'slug', '0', 'en_us', ''),
 ('6', 'field', '6', 'en_us', ' category '),
 ('3', 'field', '1', 'en_us', ' craft is the cms that s powering localhost it s beautiful powerful flexible and easy to use and it s made by pixel tonic we can t wait to dive in and see what it s capable of this is even more captivating content which you couldn t see on the news index page because it was entered after a page break and the news index template only likes to show the content on the first page craft a nice alternative to word if you re making a website '),
 ('3', 'field', '2', 'en_us', ''),
 ('3', 'slug', '0', 'en_us', ' we just installed craft '),
 ('3', 'title', '0', 'en_us', ' we just installed craft '),
 ('6', 'slug', '0', 'en_us', ''),
 ('7', 'field', '7', 'en_us', ' family '),
 ('7', 'slug', '0', 'en_us', ''),
 ('8', 'field', '8', 'en_us', ' media '),
 ('8', 'slug', '0', 'en_us', ''),
 ('9', 'field', '9', 'en_us', ''),
 ('9', 'field', '10', 'en_us', ''),
 ('9', 'slug', '0', 'en_us', ''),
 ('10', 'field', '12', 'en_us', ' events booking '),
 ('10', 'slug', '0', 'en_us', ''),
 ('16', 'slug', '0', 'en_us', ' lunch '),
 ('15', 'title', '0', 'en_us', ' beverage '),
 ('15', 'slug', '0', 'en_us', ' breakfast '),
 ('18', 'title', '0', 'en_us', ' dinner '),
 ('18', 'slug', '0', 'en_us', ' dinner '),
 ('17', 'title', '0', 'en_us', ' patio '),
 ('17', 'slug', '0', 'en_us', ' happy hour '),
 ('16', 'title', '0', 'en_us', ' dessert '),
 ('15', 'field', '17', 'en_us', ' mbar negroni campari beefeater gin yzaguirre rojo reserva rocks the stratton manhattan wild turkey 101 montenegro pink bitters cherry on top up mary the vampyre absolut lime tamarind arbol citrus cucumber rocks beez in the trap poli miele landy cognac lemon black lime prickly ash rim up dali s frosted donut absolut kahlua coconut lemongrass rocks ay chihuahua starbucks reseve crema de sotol cynar 70 cream sprinkles heat miser russell s 10 year bourbon calvados cynar 70 spiced honey hot water pineapple absolut elyx appleton estate rum citrus bitters absinthe fire signature cocktails $13 00 2007 sol ezio cerruti moscato langhe italy 3oz 2014 omero pinot noir willamette valley oregon 2015 nada giuseppe nebbiolo langhe italy 2015 cidrerie du vulcain fribourg switzerland 2015 los cucos de la alberquilla cabernet sauvignon jumilla spain 2015 ottella rosesroses veneto italy 2014 dunham cellars chardonnay shirley mays columbia valley wa 2015 chateau thivin beaujolais villages rose 2011 francis tannahill gewurtzraminer columbia valley wa 2015 chateau de la roche sauvignon blanc touraine france 2015 frico bianco by scarpetta 2013 grillo centonze sicily italy 2015 le fay d homme muscadet sevre et maine france wine by the glass gl btl dogfish head brewing burton baton anderson valley barney flats oatmeal stout avery liliko i kepolo wit pfriem brewing pilsner port brewing wipeout ipa draught bottle and can '),
 ('19', 'field', '18', 'en_us', ' signature cocktails $13 00 '),
 ('19', 'field', '19', 'en_us', ' mbar negroni campari beefeater gin yzaguirre rojo reserva rocks the stratton manhattan wild turkey 101 montenegro pink bitters cherry on top up mary the vampyre absolut lime tamarind arbol citrus cucumber rocks beez in the trap poli miele landy cognac lemon black lime prickly ash rim up dali s frosted donut absolut kahlua coconut lemongrass rocks ay chihuahua starbucks reseve crema de sotol cynar 70 cream sprinkles heat miser russell s 10 year bourbon calvados cynar 70 spiced honey hot water pineapple absolut elyx appleton estate rum citrus bitters absinthe fire '),
 ('19', 'slug', '0', 'en_us', ''),
 ('114', 'field', '20', 'en_us', ' 7 '),
 ('16', 'field', '17', 'en_us', ' meyer lemon semifreddo with hazelnut nougat ice cream passionfruit sipping chocolate with parsnip malted milk cornmeal cookies pain perdu soaked in rum orange blossom custard with pineapple ice vanilla ice cream the mbar dark chocolate bar with sesame nougat tamarind caramel cheese robiola with chestnut honey carrot halvah buckwheat crackers the purple one crushed marasche whey sorbet wild huckleberry fruit leather summer savory coffee we offer starbucks reserve roast as a seraphim pour over tea fukamushi sencha earl grey assam darjeeling jasmine green lapsang souchang shu puer tisanes ginger spearmint chamomile desserts '),
 ('115', 'slug', '0', 'en_us', ' pain perdu soaked in rum orange blossom custard with pineapple ice vanilla ice cream '),
 ('115', 'title', '0', 'en_us', ' pain perdu soaked in rum orange blossom custard with pineapple ice vanilla ice cream '),
 ('23', 'slug', '0', 'en_us', ' tabouleh '),
 ('23', 'title', '0', 'en_us', ' lamb ribs '),
 ('23', 'field', '20', 'en_us', ' 5 '),
 ('24', 'field', '20', 'en_us', ' 10 '),
 ('24', 'slug', '0', 'en_us', ' chicken wings '),
 ('24', 'title', '0', 'en_us', ' chicken wings '),
 ('25', 'field', '18', 'en_us', ' desserts '),
 ('25', 'field', '19', 'en_us', ' meyer lemon semifreddo with hazelnut nougat ice cream passionfruit sipping chocolate with parsnip malted milk cornmeal cookies pain perdu soaked in rum orange blossom custard with pineapple ice vanilla ice cream the mbar dark chocolate bar with sesame nougat tamarind caramel cheese robiola with chestnut honey carrot halvah buckwheat crackers the purple one crushed marasche whey sorbet wild huckleberry fruit leather summer savory coffee we offer starbucks reserve roast as a seraphim pour over tea fukamushi sencha earl grey assam darjeeling jasmine green lapsang souchang shu puer tisanes ginger spearmint chamomile '),
 ('25', 'slug', '0', 'en_us', ''),
 ('115', 'field', '20', 'en_us', ' 10 '),
 ('114', 'title', '0', 'en_us', ' the mbar dark chocolate bar with sesame nougat tamarind caramel '),
 ('114', 'slug', '0', 'en_us', ' the mbar dark chocolate bar with sesame nougat tamarin caramel '),
 ('17', 'field', '17', 'en_us', ' mbar bread service grilled seawolf baguette with house cultured butter taggisca olives labneh and calabrian chile oil skirt steak au poivre with cognac cream sichuan peppercorn and grilled lime soft polenta with rabbit foie gras bolognese bianca carrot sauce grilled trout with avocado sumac fenugreek labneh brown butter cauliflower hummus with rice beans allspice and crudite fried potatoes with chiles and cilantro escarole salad with anchovy walnut tarragon strozzapreti with braised oxtail duck confit black truffle butter food '),
 ('29', 'field', '18', 'en_us', ' food '),
 ('29', 'field', '19', 'en_us', ' mbar bread service grilled seawolf baguette with house cultured butter taggisca olives labneh and calabrian chile oil skirt steak au poivre with cognac cream sichuan peppercorn and grilled lime soft polenta with rabbit foie gras bolognese bianca carrot sauce grilled trout with avocado sumac fenugreek labneh brown butter cauliflower hummus with rice beans allspice and crudite fried potatoes with chiles and cilantro escarole salad with anchovy walnut tarragon strozzapreti with braised oxtail duck confit black truffle butter '),
 ('29', 'slug', '0', 'en_us', ''),
 ('125', 'title', '0', 'en_us', ' 2015 le fay d homme muscadet sevre et maine france '),
 ('125', 'slug', '0', 'en_us', ' 2015 le fay dhomme muscadet sevre et maine france '),
 ('125', 'field', '20', 'en_us', ' 12 44 '),
 ('18', 'field', '17', 'en_us', ' mbar bread service 1 4 seawolf baguette labneh calabrian chiles olives cultured butter mbar salumi plate nightly selection with cornichons mustard olive oil poached salmon with shaved raw baby artichoke radish wood sorrel roasted cauliflower hummus with crudite rice beans hedgehog mushroom soup with toasted pine nuts pine bud syrup escarole salad with anchovy walnut tarragon king oyster mushroom baby beets with crushed egg pecan cumin grilled washington aparagus with black garlic molasses black sesame lime soy pauline s favorite braised whidbey island collard greens with house smoked hamhock chiles vinegar to start strozzapretti with rabbit and foie gras bolognese bianca black spaghetti with dungeness crab trout roe lime leaf meyer lemon brioche breadcrumbs 17 26 tagliatelle with huckleberry marinara vodka basil pasta grilled trout with avocado sumac labneh fenugreek pacific octopus with spicy fried potatoes grilled lime calabrian chiles skirt steak with baby turnip spring raab nettles anchovy butter steamed halibut with pine nuts wild leek tahini sauce slow roasted duck leg with shaved watermelon radish cumin rhubarb mains '),
 ('32', 'field', '18', 'en_us', ' to start '),
 ('32', 'field', '19', 'en_us', ' mbar bread service 1 4 seawolf baguette labneh calabrian chiles olives cultured butter mbar salumi plate nightly selection with cornichons mustard olive oil poached salmon with shaved raw baby artichoke radish wood sorrel roasted cauliflower hummus with crudite rice beans hedgehog mushroom soup with toasted pine nuts pine bud syrup escarole salad with anchovy walnut tarragon king oyster mushroom baby beets with crushed egg pecan cumin grilled washington aparagus with black garlic molasses black sesame lime soy pauline s favorite braised whidbey island collard greens with house smoked hamhock chiles vinegar '),
 ('32', 'slug', '0', 'en_us', ''),
 ('33', 'field', '18', 'en_us', ' pasta '),
 ('33', 'field', '19', 'en_us', ' strozzapretti with rabbit and foie gras bolognese bianca black spaghetti with dungeness crab trout roe lime leaf meyer lemon brioche breadcrumbs 17 26 tagliatelle with huckleberry marinara vodka basil '),
 ('33', 'slug', '0', 'en_us', ''),
 ('34', 'field', '18', 'en_us', ' mains '),
 ('34', 'field', '19', 'en_us', ' grilled trout with avocado sumac labneh fenugreek pacific octopus with spicy fried potatoes grilled lime calabrian chiles skirt steak with baby turnip spring raab nettles anchovy butter steamed halibut with pine nuts wild leek tahini sauce slow roasted duck leg with shaved watermelon radish cumin rhubarb '),
 ('34', 'slug', '0', 'en_us', ''),
 ('4', 'field', '13', 'en_us', ''),
 ('91', 'field', '30', 'en_us', ' https www seattlemet com articles 2017 1 19 the unusual way jason stratton conceives mbar s menu '),
 ('88', 'title', '0', 'en_us', ' wassef haroun owner '),
 ('89', 'field', '1', 'en_us', ''),
 ('89', 'field', '21', 'en_us', ' member '),
 ('89', 'slug', '0', 'en_us', ' racha '),
 ('89', 'title', '0', 'en_us', ' racha haroun owner '),
 ('38', 'filename', '0', 'en_us', ' member png '),
 ('38', 'extension', '0', 'en_us', ' png '),
 ('38', 'kind', '0', 'en_us', ' image '),
 ('38', 'slug', '0', 'en_us', ' member '),
 ('38', 'title', '0', 'en_us', ' member '),
 ('91', 'slug', '0', 'en_us', ' seattle metro '),
 ('91', 'title', '0', 'en_us', ' seattle met '),
 ('88', 'slug', '0', 'en_us', ' wassef '),
 ('88', 'field', '21', 'en_us', ' wassef racha '),
 ('88', 'field', '1', 'en_us', ''),
 ('91', 'field', '21', 'en_us', ' screen shot 2017 03 04 at 5 44 26 pm '),
 ('244', 'username', '0', 'en_us', ' wassef '),
 ('45', 'filename', '0', 'en_us', ' screen shot 2017 03 04 at 6 11 07 pm png '),
 ('44', 'extension', '0', 'en_us', ' png '),
 ('44', 'kind', '0', 'en_us', ' image '),
 ('44', 'slug', '0', 'en_us', ' screen shot 2017 03 04 at 5 44 26 pm '),
 ('44', 'title', '0', 'en_us', ' screen shot 2017 03 04 at 5 44 26 pm '),
 ('244', 'lastname', '0', 'en_us', ' haroun ');
INSERT INTO `craft_searchindex` (`elementId`, `attribute`, `fieldId`, `locale`, `keywords`) VALUES
 ('244', 'fullname', '0', 'en_us', ' wassef haroun '),
 ('244', 'email', '0', 'en_us', ' wassef mbarseattle com '),
 ('44', 'filename', '0', 'en_us', ' screen shot 2017 03 04 at 5 44 26 pm png '),
 ('45', 'extension', '0', 'en_us', ' png '),
 ('45', 'kind', '0', 'en_us', ' image '),
 ('45', 'slug', '0', 'en_us', ' screen shot 2017 03 04 at 6 11 07 pm '),
 ('45', 'title', '0', 'en_us', ' screen shot 2017 03 04 at 6 11 07 pm '),
 ('91', 'field', '1', 'en_us', ' seattle met review january 2017 '),
 ('46', 'field', '11', 'en_us', ' about us '),
 ('46', 'slug', '0', 'en_us', ''),
 ('59', 'extension', '0', 'en_us', ' svg '),
 ('59', 'kind', '0', 'en_us', ' image '),
 ('59', 'slug', '0', 'en_us', ' tw '),
 ('59', 'title', '0', 'en_us', ' tw '),
 ('61', 'filename', '0', 'en_us', ' ig svg '),
 ('61', 'extension', '0', 'en_us', ' svg '),
 ('61', 'kind', '0', 'en_us', ' image '),
 ('59', 'filename', '0', 'en_us', ' tw svg '),
 ('62', 'slug', '0', 'en_us', ' instagram '),
 ('62', 'title', '0', 'en_us', ' instagram '),
 ('62', 'field', '22', 'en_us', ' https www instagram com mbarsea '),
 ('62', 'field', '21', 'en_us', ' ig '),
 ('57', 'title', '0', 'en_us', ' twitter '),
 ('49', 'filename', '0', 'en_us', ' about 2 jpg '),
 ('49', 'extension', '0', 'en_us', ' jpg '),
 ('49', 'kind', '0', 'en_us', ' image '),
 ('49', 'slug', '0', 'en_us', ' about 2 '),
 ('49', 'title', '0', 'en_us', ' about 2 '),
 ('65', 'slug', '0', 'en_us', ' facebook '),
 ('51', 'filename', '0', 'en_us', ' about jpg '),
 ('51', 'extension', '0', 'en_us', ' jpg '),
 ('51', 'kind', '0', 'en_us', ' image '),
 ('51', 'slug', '0', 'en_us', ' about '),
 ('51', 'title', '0', 'en_us', ' about '),
 ('207', 'kind', '0', 'en_us', ' image '),
 ('57', 'field', '21', 'en_us', ' tw '),
 ('57', 'field', '22', 'en_us', ' https twitter com mbarsea '),
 ('57', 'slug', '0', 'en_us', ' twitter '),
 ('207', 'extension', '0', 'en_us', ' jpeg '),
 ('207', 'filename', '0', 'en_us', ' seaplane jpeg '),
 ('204', 'title', '0', 'en_us', ' we are closed today may 9th for a private function '),
 ('205', 'field', '1', 'en_us', ''),
 ('205', 'field', '21', 'en_us', ' fullsizeoutput a38 '),
 ('205', 'slug', '0', 'en_us', ' will '),
 ('55', 'title', '0', 'en_us', ' interior dining room views '),
 ('55', 'slug', '0', 'en_us', ' slide 1 '),
 ('55', 'field', '21', 'en_us', ' about '),
 ('55', 'field', '1', 'en_us', ' our dining room and interior bar overlook downtown seattle mopop and seattle center the olympic mountain range queen anne hill south lake union and north capitol hill relax and enjoy the sunset early in the evening or spend the twilight hours dining while encompassed by twinkling stars and city lights '),
 ('61', 'slug', '0', 'en_us', ' ig '),
 ('61', 'title', '0', 'en_us', ' ig '),
 ('65', 'field', '22', 'en_us', ' https www facebook com mbarseattle '),
 ('65', 'field', '21', 'en_us', ' fb '),
 ('64', 'filename', '0', 'en_us', ' fb svg '),
 ('64', 'extension', '0', 'en_us', ' svg '),
 ('64', 'kind', '0', 'en_us', ' image '),
 ('64', 'slug', '0', 'en_us', ' fb '),
 ('64', 'title', '0', 'en_us', ' fb '),
 ('65', 'title', '0', 'en_us', ' facebook '),
 ('76', 'title', '0', 'en_us', ' events booking '),
 ('76', 'slug', '0', 'en_us', ' events booking '),
 ('75', 'title', '0', 'en_us', ' media '),
 ('75', 'slug', '0', 'en_us', ' media '),
 ('74', 'title', '0', 'en_us', ' find us '),
 ('74', 'slug', '0', 'en_us', ' find us '),
 ('73', 'title', '0', 'en_us', ' menu '),
 ('73', 'slug', '0', 'en_us', ' menu '),
 ('72', 'title', '0', 'en_us', ' about '),
 ('72', 'slug', '0', 'en_us', ' about '),
 ('77', 'slug', '0', 'en_us', ' our family '),
 ('77', 'title', '0', 'en_us', ' our family '),
 ('78', 'field', '26', 'en_us', ' tue 4 9pm wed thur 4 10pm fri 4 11pm sat 5 11pm sun 5 9pm '),
 ('78', 'field', '27', 'en_us', ' happy hour 4 6pm on patio weather permitting '),
 ('78', 'field', '28', 'en_us', ' 400 fairview ave n 14th floor seattle wa 98109 '),
 ('78', 'slug', '0', 'en_us', ' schedule items '),
 ('78', 'title', '0', 'en_us', ' schedule items '),
 ('81', 'title', '0', 'en_us', ' slide 1 '),
 ('81', 'slug', '0', 'en_us', ' slide 1 '),
 ('81', 'field', '21', 'en_us', ' 2 '),
 ('80', 'filename', '0', 'en_us', ' event slide 1 png '),
 ('80', 'extension', '0', 'en_us', ' png '),
 ('80', 'kind', '0', 'en_us', ' image '),
 ('80', 'slug', '0', 'en_us', ' event slide 1 '),
 ('80', 'title', '0', 'en_us', ' event slide 1 '),
 ('84', 'title', '0', 'en_us', ' egg '),
 ('84', 'slug', '0', 'en_us', ' slide 2 '),
 ('84', 'field', '21', 'en_us', ' 4 '),
 ('83', 'filename', '0', 'en_us', ' event slide 2 png '),
 ('83', 'extension', '0', 'en_us', ' png '),
 ('83', 'kind', '0', 'en_us', ' image '),
 ('83', 'slug', '0', 'en_us', ' event slide 2 '),
 ('83', 'title', '0', 'en_us', ' event slide 2 '),
 ('87', 'title', '0', 'en_us', ' slide 3 '),
 ('87', 'slug', '0', 'en_us', ' slide 3 '),
 ('87', 'field', '21', 'en_us', ' event slide 3 '),
 ('86', 'filename', '0', 'en_us', ' event slide 3 png '),
 ('86', 'extension', '0', 'en_us', ' png '),
 ('86', 'kind', '0', 'en_us', ' image '),
 ('86', 'slug', '0', 'en_us', ' event slide 3 '),
 ('86', 'title', '0', 'en_us', ' event slide 3 '),
 ('10', 'field', '29', 'en_us', ' we are currently fully committed for events until september our apologies for any inconvenience but our event coordination team may not respond to any inquiries for events taking place before september ');
INSERT INTO `craft_searchindex` (`elementId`, `attribute`, `fieldId`, `locale`, `keywords`) VALUES
 ('204', 'field', '33', 'en_us', ' our ground control bar will remain open to the public and we hope to see you soon '),
 ('202', 'field', '1', 'en_us', ' enjoy unparalleled views of south lake union and sip a martini while watching duck dodge sailboat races quaff a beer and watch the seaplanes land or hangout by the fire and make some new friends '),
 ('91', 'field', '31', 'en_us', ' seattle met review '),
 ('244', 'firstname', '0', 'en_us', ' wassef '),
 ('108', 'field', '20', 'en_us', ''),
 ('108', 'slug', '0', 'en_us', ' mary the vampyre absolut lime tamarind arbol citrus cucumber rocks '),
 ('108', 'title', '0', 'en_us', ' mary the vampyre absolut lime tamarind arbol citrus cucumber rocks '),
 ('109', 'field', '20', 'en_us', ''),
 ('109', 'slug', '0', 'en_us', ' dalis frosted donut absolut kahlua coconut lemongrass rocks '),
 ('109', 'title', '0', 'en_us', ' dali s frosted donut absolut kahlua coconut lemongrass rocks '),
 ('110', 'field', '20', 'en_us', ''),
 ('106', 'field', '20', 'en_us', ''),
 ('106', 'slug', '0', 'en_us', ' the stratton manhattan wild turkey 101 montenegro pink bitters cherry on top up '),
 ('106', 'title', '0', 'en_us', ' the stratton manhattan wild turkey 101 montenegro pink bitters cherry on top up '),
 ('107', 'field', '20', 'en_us', ''),
 ('107', 'slug', '0', 'en_us', ' mbar negroni campari beefeater gin yzaguirre rojo reserva rocks '),
 ('107', 'title', '0', 'en_us', ' mbar negroni campari beefeater gin yzaguirre rojo reserva rocks '),
 ('92', 'field', '1', 'en_us', ''),
 ('92', 'field', '21', 'en_us', ' ani headshot '),
 ('92', 'slug', '0', 'en_us', ' wassef '),
 ('92', 'title', '0', 'en_us', ' anais ani custer general manager '),
 ('93', 'field', '1', 'en_us', ''),
 ('105', 'field', '20', 'en_us', ' 6 '),
 ('105', 'slug', '0', 'en_us', ' mbar bread service grilled seawolf baguette with house cultured butter taggisca olives labneh and calabrian chile oil '),
 ('105', 'title', '0', 'en_us', ' mbar bread service grilled seawolf baguette with house cultured butter taggisca olives labneh and calabrian chile oil '),
 ('93', 'field', '21', 'en_us', ' img 4642 '),
 ('93', 'slug', '0', 'en_us', ' seattle '),
 ('93', 'title', '0', 'en_us', ' jason stratton executive chef '),
 ('102', 'title', '0', 'en_us', ' grilled trout with avocado sumac fenugreek labneh brown butter '),
 ('103', 'field', '20', 'en_us', ' 21 '),
 ('103', 'slug', '0', 'en_us', ' soft polenta with rabbit foie gras bolognese bianca carrot sauce '),
 ('103', 'title', '0', 'en_us', ' soft polenta with rabbit foie gras bolognese bianca carrot sauce '),
 ('104', 'field', '20', 'en_us', ' 33 '),
 ('104', 'slug', '0', 'en_us', ' skirt steak au poivre with cognac cream sichuan peppercorn and grilled lime '),
 ('104', 'title', '0', 'en_us', ' skirt steak au poivre with cognac cream sichuan peppercorn and grilled lime '),
 ('95', 'field', '1', 'en_us', ''),
 ('100', 'field', '20', 'en_us', ' 8 '),
 ('100', 'slug', '0', 'en_us', ' fried potatoes with chiles and cilantro '),
 ('100', 'title', '0', 'en_us', ' fried potatoes with chiles and cilantro '),
 ('101', 'field', '20', 'en_us', ' 11 '),
 ('101', 'slug', '0', 'en_us', ' cauliflower hummus with rice beans allspice and crudite '),
 ('101', 'title', '0', 'en_us', ' cauliflower hummus with rice beans allspice and crudite '),
 ('102', 'field', '20', 'en_us', ' 29 '),
 ('102', 'slug', '0', 'en_us', ' grilled trout with avocado sumac fenugreek labneh brown butter '),
 ('95', 'field', '21', 'en_us', ' fullsizeoutput a3e '),
 ('95', 'slug', '0', 'en_us', ' bellevue '),
 ('95', 'title', '0', 'en_us', ' jon clark beverage director '),
 ('96', 'field', '1', 'en_us', ''),
 ('96', 'field', '21', 'en_us', ' screen shot 2017 03 04 at 5 44 26 pm '),
 ('96', 'field', '31', 'en_us', ' view the article here '),
 ('96', 'field', '30', 'en_us', ' http seattle eater com venue mbar '),
 ('96', 'slug', '0', 'en_us', ' the stranger '),
 ('96', 'title', '0', 'en_us', ' eater seattle '),
 ('97', 'field', '1', 'en_us', ''),
 ('97', 'field', '21', 'en_us', ' screen shot 2017 03 04 at 5 44 26 pm '),
 ('97', 'field', '31', 'en_us', ' view link '),
 ('97', 'field', '30', 'en_us', ' http www seattletimes com life food drink mbar is an engaging supper club in the sky '),
 ('97', 'slug', '0', 'en_us', ' bellevue newspaper '),
 ('97', 'title', '0', 'en_us', ' the seattle times '),
 ('243', 'title', '0', 'en_us', ' seattle magazine '),
 ('243', 'slug', '0', 'en_us', ' seattle magazine '),
 ('243', 'field', '31', 'en_us', ' http www seattlemag com eat and drink tour and taste beirut '),
 ('243', 'field', '30', 'en_us', ' http www seattlemag com eat and drink tour and taste beirut '),
 ('243', 'field', '21', 'en_us', ' screen shot 2017 03 04 at 5 44 26 pm '),
 ('243', 'field', '1', 'en_us', ' a tour of beirut with the mamnoon and mbar teams '),
 ('110', 'slug', '0', 'en_us', ' beez in the trap poli miele landy cognac lemon black lime prickly ash rim up '),
 ('110', 'title', '0', 'en_us', ' beez in the trap poli miele landy cognac lemon black lime prickly ash rim up '),
 ('111', 'field', '20', 'en_us', ''),
 ('111', 'slug', '0', 'en_us', ' heat miser russells 10 year bourbon calvados cynar 70 spiced honey hot water '),
 ('111', 'title', '0', 'en_us', ' heat miser russell s 10 year bourbon calvados cynar 70 spiced honey hot water '),
 ('112', 'field', '20', 'en_us', ''),
 ('112', 'slug', '0', 'en_us', ' ay chihuahua starbucks reseve crema de sotol cynar 70 cream sprinkles '),
 ('112', 'title', '0', 'en_us', ' ay chihuahua starbucks reseve crema de sotol cynar 70 cream sprinkles '),
 ('113', 'field', '20', 'en_us', ' 27 '),
 ('113', 'slug', '0', 'en_us', ' pineapple absolut elyx appleton estate rum citrus bitters absinthe fire '),
 ('113', 'title', '0', 'en_us', ' pineapple absolut elyx appleton estate rum citrus bitters absinthe fire '),
 ('116', 'field', '20', 'en_us', ' 9 '),
 ('116', 'slug', '0', 'en_us', ' sipping chocolate with parsnip malted milk cornmeal '),
 ('116', 'title', '0', 'en_us', ' sipping chocolate with parsnip malted milk cornmeal cookies '),
 ('117', 'field', '20', 'en_us', ' 12 '),
 ('117', 'slug', '0', 'en_us', ' meyer lemon semifreddo with hazelnut nougat ice cream passionfruit '),
 ('117', 'title', '0', 'en_us', ' meyer lemon semifreddo with hazelnut nougat ice cream passionfruit '),
 ('118', 'field', '20', 'en_us', ' 12 '),
 ('118', 'slug', '0', 'en_us', ' cheese robiola with chestnut honey carrot halvah buckwheat crackers '),
 ('118', 'title', '0', 'en_us', ' cheese robiola with chestnut honey carrot halvah buckwheat crackers '),
 ('119', 'field', '20', 'en_us', ' 12 '),
 ('119', 'slug', '0', 'en_us', ' the purple one crushed marasche whey sorbet wild huckleberry fruit leather summer savory '),
 ('119', 'title', '0', 'en_us', ' the purple one crushed marasche whey sorbet wild huckleberry fruit leather summer savory '),
 ('120', 'field', '20', 'en_us', ' 4 5 '),
 ('120', 'slug', '0', 'en_us', ' coffee we offer starbucks reserve roast as a seraphim pour over '),
 ('120', 'title', '0', 'en_us', ' coffee we offer starbucks reserve roast as a seraphim pour over '),
 ('121', 'field', '20', 'en_us', ' 4 5 '),
 ('121', 'slug', '0', 'en_us', ' tea fukamushi sencha earl grey assam darjeeling jasmine green lapsang souchang shu puer '),
 ('121', 'title', '0', 'en_us', ' tea fukamushi sencha earl grey assam darjeeling jasmine green lapsang souchang shu puer '),
 ('122', 'field', '20', 'en_us', ' 4 5 '),
 ('122', 'slug', '0', 'en_us', ' tisanes ginger spearmint chamomile '),
 ('122', 'title', '0', 'en_us', ' tisanes ginger spearmint chamomile '),
 ('123', 'field', '20', 'en_us', ' 11 '),
 ('123', 'slug', '0', 'en_us', ' escarole salad with anchovy walnut tarragon '),
 ('123', 'title', '0', 'en_us', ' escarole salad with anchovy walnut tarragon ');
INSERT INTO `craft_searchindex` (`elementId`, `attribute`, `fieldId`, `locale`, `keywords`) VALUES
 ('124', 'field', '20', 'en_us', ' 24 '),
 ('124', 'slug', '0', 'en_us', ' strozzapreti with braised oxtail duck confit black truffle butter '),
 ('124', 'title', '0', 'en_us', ' strozzapreti with braised oxtail duck confit black truffle butter '),
 ('126', 'field', '20', 'en_us', ' 12 44 '),
 ('126', 'slug', '0', 'en_us', ' 2013 grillo centonze sicily italy '),
 ('126', 'title', '0', 'en_us', ' 2013 grillo centonze sicily italy '),
 ('127', 'field', '20', 'en_us', ' 12 44 '),
 ('127', 'slug', '0', 'en_us', ' 2015 frico bianco by scarpetta '),
 ('127', 'title', '0', 'en_us', ' 2015 frico bianco by scarpetta '),
 ('128', 'field', '20', 'en_us', ' 12 44 '),
 ('128', 'slug', '0', 'en_us', ' 2015 chateau de la roche sauvignon blanc touraine france '),
 ('128', 'title', '0', 'en_us', ' 2015 chateau de la roche sauvignon blanc touraine france '),
 ('129', 'field', '20', 'en_us', ' 12 44 '),
 ('129', 'slug', '0', 'en_us', ' 2011 francis tannahill gewurtzraminer columbia valley wa '),
 ('129', 'title', '0', 'en_us', ' 2011 francis tannahill gewurtzraminer columbia valley wa '),
 ('130', 'field', '20', 'en_us', ' 14 52 '),
 ('130', 'slug', '0', 'en_us', ' 2014 dunham cellars chardonnay shirley mays columbia valley wa '),
 ('130', 'title', '0', 'en_us', ' 2014 dunham cellars chardonnay shirley mays columbia valley wa '),
 ('131', 'field', '20', 'en_us', ' 14 52 '),
 ('131', 'slug', '0', 'en_us', ' 2015 cidrerie du vulcain fribourg switzerland '),
 ('131', 'title', '0', 'en_us', ' 2015 cidrerie du vulcain fribourg switzerland '),
 ('132', 'field', '20', 'en_us', ' 12 44 '),
 ('132', 'slug', '0', 'en_us', ' 2015 ottella rosesroses veneto italy '),
 ('132', 'title', '0', 'en_us', ' 2015 ottella rosesroses veneto italy '),
 ('133', 'field', '20', 'en_us', ' 12 44 '),
 ('133', 'slug', '0', 'en_us', ' chateau thivin beaujolais villages rose '),
 ('133', 'title', '0', 'en_us', ' 2015 chateau thivin beaujolais villages rose '),
 ('134', 'field', '20', 'en_us', ' 12 44 '),
 ('134', 'slug', '0', 'en_us', ' los cucos de la alberquilla cabernet sauvignon jumilla spain '),
 ('134', 'title', '0', 'en_us', ' 2015 los cucos de la alberquilla cabernet sauvignon jumilla spain '),
 ('135', 'field', '20', 'en_us', ' 12 44 '),
 ('135', 'slug', '0', 'en_us', ' 2015 nada giuseppe nebbiolo langhe italy '),
 ('135', 'title', '0', 'en_us', ' 2015 nada giuseppe nebbiolo langhe italy '),
 ('136', 'field', '20', 'en_us', ' 14 52 '),
 ('136', 'slug', '0', 'en_us', ' 2014 omero pinot noir willamette valley oregon '),
 ('136', 'title', '0', 'en_us', ' 2014 omero pinot noir willamette valley oregon '),
 ('137', 'field', '20', 'en_us', ' 14 52 '),
 ('137', 'slug', '0', 'en_us', ' 2007 sol ezio cerruti moscato langhe italy 3oz '),
 ('137', 'title', '0', 'en_us', ' 2007 sol ezio cerruti moscato langhe italy 3oz '),
 ('138', 'field', '18', 'en_us', ' wine by the glass gl btl '),
 ('138', 'field', '19', 'en_us', ' 2007 sol ezio cerruti moscato langhe italy 3oz 2014 omero pinot noir willamette valley oregon 2015 nada giuseppe nebbiolo langhe italy 2015 cidrerie du vulcain fribourg switzerland 2015 los cucos de la alberquilla cabernet sauvignon jumilla spain 2015 ottella rosesroses veneto italy 2014 dunham cellars chardonnay shirley mays columbia valley wa 2015 chateau thivin beaujolais villages rose 2011 francis tannahill gewurtzraminer columbia valley wa 2015 chateau de la roche sauvignon blanc touraine france 2015 frico bianco by scarpetta 2013 grillo centonze sicily italy 2015 le fay d homme muscadet sevre et maine france '),
 ('138', 'slug', '0', 'en_us', ''),
 ('139', 'field', '18', 'en_us', ' draught bottle and can '),
 ('139', 'field', '19', 'en_us', ' dogfish head brewing burton baton anderson valley barney flats oatmeal stout avery liliko i kepolo wit pfriem brewing pilsner port brewing wipeout ipa '),
 ('139', 'slug', '0', 'en_us', ''),
 ('140', 'field', '17', 'en_us', ' 2015 leah jorgensen sauvignon blanc rogue valley or 2014 nicolas potel macon villages blanc macon france 2015 cvne monopole clasico 2014 chateau gilette les justices sauternes france 2007 disnokoe 5 puttonyos tokaj hungary 2015 mac forbes chardonnay yarra valley australia 2013 kracher cuvee auslese 375ml burgenland austria 2014 domaine laroche chablis vieille voye 2014 leah jorgensen blanc de cabernet franc 2004 chateau d orschwihr grand cru riesling alsace france 2013 les vignes derriere montagny 1er cru burgundy france 2015 l insolite chenin blanc saumur france 2013 la roche bezigon chenin blanc loire france 2014 ulacia getariako txakolina getaria spain white wine 2010 colli euganei rosso riserva veneto italy 2015 leah jorgensen tour rain gamay cabernet franc rogue valley or 2013 darioush cabernet sauvignon napa valley ca 2013 woodward canyon cabernet sauvignon columbia valley wa 2015 leah jorgensen southern oregon cabernet france rogue valley or 2010 cvne gran reserva rioja spain 2012 mullineaux syrah swartland south africa 2013 gilbert cellars left bank red columbia valley wa 2013 francis tannahill pinot noir the hermit dundee hills or 2013 continuum napa valley ca 2010 principiano barolo italy 2011 numanthia toro spain 2012 figgins bordeaux blend walla walla wa red wine '),
 ('140', 'slug', '0', 'en_us', ' wine list '),
 ('140', 'title', '0', 'en_us', ' wine list '),
 ('141', 'field', '18', 'en_us', ' white wine '),
 ('141', 'field', '19', 'en_us', ' 2015 leah jorgensen sauvignon blanc rogue valley or 2014 nicolas potel macon villages blanc macon france 2015 cvne monopole clasico 2014 chateau gilette les justices sauternes france 2007 disnokoe 5 puttonyos tokaj hungary 2015 mac forbes chardonnay yarra valley australia 2013 kracher cuvee auslese 375ml burgenland austria 2014 domaine laroche chablis vieille voye 2014 leah jorgensen blanc de cabernet franc 2004 chateau d orschwihr grand cru riesling alsace france 2013 les vignes derriere montagny 1er cru burgundy france 2015 l insolite chenin blanc saumur france 2013 la roche bezigon chenin blanc loire france 2014 ulacia getariako txakolina getaria spain '),
 ('141', 'slug', '0', 'en_us', ''),
 ('142', 'field', '18', 'en_us', ' red wine '),
 ('142', 'field', '19', 'en_us', ' 2010 colli euganei rosso riserva veneto italy 2015 leah jorgensen tour rain gamay cabernet franc rogue valley or 2013 darioush cabernet sauvignon napa valley ca 2013 woodward canyon cabernet sauvignon columbia valley wa 2015 leah jorgensen southern oregon cabernet france rogue valley or 2010 cvne gran reserva rioja spain 2012 mullineaux syrah swartland south africa 2013 gilbert cellars left bank red columbia valley wa 2013 francis tannahill pinot noir the hermit dundee hills or 2013 continuum napa valley ca 2010 principiano barolo italy 2011 numanthia toro spain 2012 figgins bordeaux blend walla walla wa '),
 ('142', 'slug', '0', 'en_us', ''),
 ('143', 'field', '20', 'en_us', ''),
 ('143', 'slug', '0', 'en_us', ' 2014 nicolas potel macon villages blanc macon france '),
 ('143', 'title', '0', 'en_us', ' 2014 nicolas potel macon villages blanc macon france '),
 ('144', 'field', '20', 'en_us', ''),
 ('144', 'slug', '0', 'en_us', ' 2015 leah jorgensen sauvignon blanc rogue valley or '),
 ('144', 'title', '0', 'en_us', ' 2015 leah jorgensen sauvignon blanc rogue valley or '),
 ('145', 'field', '20', 'en_us', ''),
 ('145', 'slug', '0', 'en_us', ' 2014 ulacia getariako txakolina getaria spain '),
 ('145', 'title', '0', 'en_us', ' 2014 ulacia getariako txakolina getaria spain '),
 ('146', 'field', '20', 'en_us', ''),
 ('146', 'slug', '0', 'en_us', ' 2013 la roche bezigon chenin blanc loire france '),
 ('146', 'title', '0', 'en_us', ' 2013 la roche bezigon chenin blanc loire france '),
 ('147', 'field', '20', 'en_us', ''),
 ('147', 'slug', '0', 'en_us', ' cvne monopole clasico '),
 ('147', 'title', '0', 'en_us', ' 2015 cvne monopole clasico '),
 ('148', 'field', '20', 'en_us', ''),
 ('148', 'slug', '0', 'en_us', ' linsolite chenin blanc saumur france '),
 ('148', 'title', '0', 'en_us', ' 2015 l insolite chenin blanc saumur france '),
 ('149', 'field', '20', 'en_us', ''),
 ('149', 'slug', '0', 'en_us', ' les vignes derriere montagny 1er cru burgundy france '),
 ('149', 'title', '0', 'en_us', ' 2013 les vignes derriere montagny 1er cru burgundy france '),
 ('150', 'field', '20', 'en_us', ''),
 ('150', 'slug', '0', 'en_us', ' 2004 chateau dorschwihr grand cru riesling alsace france '),
 ('150', 'title', '0', 'en_us', ' 2004 chateau d orschwihr grand cru riesling alsace france '),
 ('151', 'field', '20', 'en_us', ''),
 ('151', 'slug', '0', 'en_us', ' 2014 leah jorgensen blanc de cabernet franc '),
 ('151', 'title', '0', 'en_us', ' 2014 leah jorgensen blanc de cabernet franc '),
 ('152', 'field', '20', 'en_us', ''),
 ('152', 'slug', '0', 'en_us', ' 2014 domaine laroche chablis vieille voye '),
 ('152', 'title', '0', 'en_us', ' 2014 domaine laroche chablis vieille voye '),
 ('153', 'field', '20', 'en_us', ''),
 ('153', 'slug', '0', 'en_us', ' 2015 mac forbes chardonnay yarra valley australia '),
 ('153', 'title', '0', 'en_us', ' 2015 mac forbes chardonnay yarra valley australia '),
 ('154', 'field', '20', 'en_us', ''),
 ('154', 'slug', '0', 'en_us', ' 2013 kracher cuvee auslese 375ml burgenland austria '),
 ('154', 'title', '0', 'en_us', ' 2013 kracher cuvee auslese 375ml burgenland austria '),
 ('155', 'field', '20', 'en_us', ''),
 ('155', 'slug', '0', 'en_us', ' 2007 disnokoe 5 puttonyos tokaj hungary '),
 ('155', 'title', '0', 'en_us', ' 2007 disnokoe 5 puttonyos tokaj hungary '),
 ('156', 'field', '20', 'en_us', ''),
 ('156', 'slug', '0', 'en_us', ' 2014 chateau gilette les justices sauternes france '),
 ('156', 'title', '0', 'en_us', ' 2014 chateau gilette les justices sauternes france '),
 ('157', 'field', '20', 'en_us', ''),
 ('157', 'slug', '0', 'en_us', ' 2010 colli euganei rosso riserva veneto italy '),
 ('157', 'title', '0', 'en_us', ' 2010 colli euganei rosso riserva veneto italy '),
 ('158', 'field', '20', 'en_us', '');
INSERT INTO `craft_searchindex` (`elementId`, `attribute`, `fieldId`, `locale`, `keywords`) VALUES
 ('158', 'slug', '0', 'en_us', ' 2015 leah jorgensen tour rain gamay cabernet franc rogue valley or '),
 ('158', 'title', '0', 'en_us', ' 2015 leah jorgensen tour rain gamay cabernet franc rogue valley or '),
 ('159', 'field', '20', 'en_us', ''),
 ('159', 'slug', '0', 'en_us', ' 2013 francis tannahill pinot noir the hermit dundee hills or '),
 ('159', 'title', '0', 'en_us', ' 2013 francis tannahill pinot noir the hermit dundee hills or '),
 ('160', 'field', '20', 'en_us', ''),
 ('160', 'slug', '0', 'en_us', ' 2013 gilbert cellars left bank red columbia valley wa '),
 ('160', 'title', '0', 'en_us', ' 2013 gilbert cellars left bank red columbia valley wa '),
 ('161', 'field', '20', 'en_us', ''),
 ('161', 'slug', '0', 'en_us', ' 2012 mullineaux syrah swartland south africa '),
 ('161', 'title', '0', 'en_us', ' 2012 mullineaux syrah swartland south africa '),
 ('162', 'field', '20', 'en_us', ''),
 ('162', 'slug', '0', 'en_us', ' 2010 cvne gran reserva rioja spain '),
 ('162', 'title', '0', 'en_us', ' 2010 cvne gran reserva rioja spain '),
 ('163', 'field', '20', 'en_us', ''),
 ('163', 'slug', '0', 'en_us', ' 2015 leah jorgensen southern oregon cabernet france rogue valley or '),
 ('163', 'title', '0', 'en_us', ' 2015 leah jorgensen southern oregon cabernet france rogue valley or '),
 ('164', 'field', '20', 'en_us', ''),
 ('164', 'slug', '0', 'en_us', ' 2013 woodward canyon cabernet sauvignon columbia valley wa '),
 ('164', 'title', '0', 'en_us', ' 2013 woodward canyon cabernet sauvignon columbia valley wa '),
 ('165', 'field', '20', 'en_us', ''),
 ('165', 'slug', '0', 'en_us', ' 2013 darioush cabernet sauvignon napa valley ca '),
 ('165', 'title', '0', 'en_us', ' 2013 darioush cabernet sauvignon napa valley ca '),
 ('166', 'field', '20', 'en_us', ''),
 ('166', 'slug', '0', 'en_us', ' 2012 figgins bordeaux blend walla walla wa '),
 ('166', 'title', '0', 'en_us', ' 2012 figgins bordeaux blend walla walla wa '),
 ('167', 'field', '20', 'en_us', ''),
 ('167', 'slug', '0', 'en_us', ' 2011 numanthia toro spain '),
 ('167', 'title', '0', 'en_us', ' 2011 numanthia toro spain '),
 ('168', 'field', '20', 'en_us', ''),
 ('168', 'slug', '0', 'en_us', ' 2010 principiano barolo italy '),
 ('168', 'title', '0', 'en_us', ' 2010 principiano barolo italy '),
 ('169', 'field', '20', 'en_us', ''),
 ('169', 'slug', '0', 'en_us', ' 2013 continuum napa valley ca '),
 ('169', 'title', '0', 'en_us', ' 2013 continuum napa valley ca '),
 ('170', 'field', '20', 'en_us', ' 7 '),
 ('170', 'slug', '0', 'en_us', ' port brewing wipeout ipa '),
 ('170', 'title', '0', 'en_us', ' port brewing wipeout ipa '),
 ('171', 'field', '20', 'en_us', ' 7 '),
 ('171', 'slug', '0', 'en_us', ' pfriem brewing pilsner '),
 ('171', 'title', '0', 'en_us', ' pfriem brewing pilsner '),
 ('172', 'field', '20', 'en_us', ' 7 '),
 ('172', 'slug', '0', 'en_us', ' avery lilikoi kepolo wit '),
 ('172', 'title', '0', 'en_us', ' avery liliko i kepolo wit '),
 ('173', 'field', '20', 'en_us', ' 7 '),
 ('173', 'slug', '0', 'en_us', ' anderson valley barney flats oatmeal stout '),
 ('173', 'title', '0', 'en_us', ' anderson valley barney flats oatmeal stout '),
 ('174', 'field', '20', 'en_us', ' 10 '),
 ('174', 'slug', '0', 'en_us', ' dogfish head brewing burton baton '),
 ('174', 'title', '0', 'en_us', ' dogfish head brewing burton baton '),
 ('204', 'slug', '0', 'en_us', ' timed announcement '),
 ('176', 'filename', '0', 'en_us', ' pratt_mbar seattle details 1 jpg '),
 ('176', 'extension', '0', 'en_us', ' jpg '),
 ('176', 'kind', '0', 'en_us', ' image '),
 ('176', 'slug', '0', 'en_us', ' pratt mbar seattle details 1 '),
 ('176', 'title', '0', 'en_us', ' pratt mbar seattle details 1 '),
 ('177', 'filename', '0', 'en_us', ' pratt_mbar seattle details 12 jpg '),
 ('177', 'extension', '0', 'en_us', ' jpg '),
 ('177', 'kind', '0', 'en_us', ' image '),
 ('177', 'slug', '0', 'en_us', ' pratt mbar seattle details 12 '),
 ('177', 'title', '0', 'en_us', ' pratt mbar seattle details 12 '),
 ('178', 'filename', '0', 'en_us', ' pratt_mbar seattle food 16 jpg '),
 ('178', 'extension', '0', 'en_us', ' jpg '),
 ('178', 'kind', '0', 'en_us', ' image '),
 ('178', 'slug', '0', 'en_us', ' pratt mbar seattle food 16 '),
 ('178', 'title', '0', 'en_us', ' pratt mbar seattle food 16 '),
 ('179', 'filename', '0', 'en_us', ' pratt_mbar seattle food 23 jpg '),
 ('179', 'extension', '0', 'en_us', ' jpg '),
 ('179', 'kind', '0', 'en_us', ' image '),
 ('179', 'slug', '0', 'en_us', ' pratt mbar seattle food 23 '),
 ('179', 'title', '0', 'en_us', ' pratt mbar seattle food 23 '),
 ('180', 'filename', '0', 'en_us', ' pratt_mbar seattle food 29 jpg '),
 ('180', 'extension', '0', 'en_us', ' jpg '),
 ('180', 'kind', '0', 'en_us', ' image '),
 ('180', 'slug', '0', 'en_us', ' pratt mbar seattle food 29 '),
 ('180', 'title', '0', 'en_us', ' pratt mbar seattle food 29 '),
 ('181', 'filename', '0', 'en_us', ' pratt_mbar seattle food 31 jpg '),
 ('181', 'extension', '0', 'en_us', ' jpg '),
 ('181', 'kind', '0', 'en_us', ' image '),
 ('181', 'slug', '0', 'en_us', ' pratt mbar seattle food 31 '),
 ('181', 'title', '0', 'en_us', ' pratt mbar seattle food 31 '),
 ('182', 'filename', '0', 'en_us', ' pratt_mbar seattle food 38 jpg '),
 ('182', 'extension', '0', 'en_us', ' jpg '),
 ('182', 'kind', '0', 'en_us', ' image '),
 ('182', 'slug', '0', 'en_us', ' pratt mbar seattle food 38 '),
 ('182', 'title', '0', 'en_us', ' pratt mbar seattle food 38 '),
 ('183', 'filename', '0', 'en_us', ' pratt_mbar seattle food 60 jpg '),
 ('183', 'extension', '0', 'en_us', ' jpg '),
 ('183', 'kind', '0', 'en_us', ' image '),
 ('183', 'slug', '0', 'en_us', ' pratt mbar seattle food 60 '),
 ('183', 'title', '0', 'en_us', ' pratt mbar seattle food 60 '),
 ('184', 'filename', '0', 'en_us', ' pratt_mbar seattle food 64 jpg '),
 ('184', 'extension', '0', 'en_us', ' jpg '),
 ('184', 'kind', '0', 'en_us', ' image '),
 ('184', 'slug', '0', 'en_us', ' pratt mbar seattle food 64 '),
 ('184', 'title', '0', 'en_us', ' pratt mbar seattle food 64 '),
 ('185', 'filename', '0', 'en_us', ' pratt_mbar seattle food 65 jpg '),
 ('185', 'extension', '0', 'en_us', ' jpg '),
 ('185', 'kind', '0', 'en_us', ' image '),
 ('185', 'slug', '0', 'en_us', ' pratt mbar seattle food 65 ');
INSERT INTO `craft_searchindex` (`elementId`, `attribute`, `fieldId`, `locale`, `keywords`) VALUES
 ('185', 'title', '0', 'en_us', ' pratt mbar seattle food 65 '),
 ('186', 'filename', '0', 'en_us', ' pratt_mbar seattle interior exterior 1 jpg '),
 ('186', 'extension', '0', 'en_us', ' jpg '),
 ('186', 'kind', '0', 'en_us', ' image '),
 ('186', 'slug', '0', 'en_us', ' pratt mbar seattle interior exterior 1 '),
 ('186', 'title', '0', 'en_us', ' pratt mbar seattle interior exterior 1 '),
 ('187', 'filename', '0', 'en_us', ' pratt_mbar seattle interior exterior 2 jpg '),
 ('187', 'extension', '0', 'en_us', ' jpg '),
 ('187', 'kind', '0', 'en_us', ' image '),
 ('187', 'slug', '0', 'en_us', ' pratt mbar seattle interior exterior 2 '),
 ('187', 'title', '0', 'en_us', ' pratt mbar seattle interior exterior 2 '),
 ('188', 'filename', '0', 'en_us', ' pratt_mbar seattle interior exterior 5 jpg '),
 ('188', 'extension', '0', 'en_us', ' jpg '),
 ('188', 'kind', '0', 'en_us', ' image '),
 ('188', 'slug', '0', 'en_us', ' pratt mbar seattle interior exterior 5 '),
 ('188', 'title', '0', 'en_us', ' pratt mbar seattle interior exterior 5 '),
 ('189', 'filename', '0', 'en_us', ' pratt_mbar seattle interior exterior 6 jpg '),
 ('189', 'extension', '0', 'en_us', ' jpg '),
 ('189', 'kind', '0', 'en_us', ' image '),
 ('189', 'slug', '0', 'en_us', ' pratt mbar seattle interior exterior 6 '),
 ('189', 'title', '0', 'en_us', ' pratt mbar seattle interior exterior 6 '),
 ('190', 'filename', '0', 'en_us', ' pratt_mbar seattle interior exterior 8 jpg '),
 ('190', 'extension', '0', 'en_us', ' jpg '),
 ('190', 'kind', '0', 'en_us', ' image '),
 ('190', 'slug', '0', 'en_us', ' pratt mbar seattle interior exterior 8 '),
 ('190', 'title', '0', 'en_us', ' pratt mbar seattle interior exterior 8 '),
 ('191', 'filename', '0', 'en_us', ' pratt_mbar seattle interior exterior 12 jpg '),
 ('191', 'extension', '0', 'en_us', ' jpg '),
 ('191', 'kind', '0', 'en_us', ' image '),
 ('191', 'slug', '0', 'en_us', ' pratt mbar seattle interior exterior 12 '),
 ('191', 'title', '0', 'en_us', ' pratt mbar seattle interior exterior 12 '),
 ('192', 'filename', '0', 'en_us', ' pratt_mbar seattle interior exterior 14 jpg '),
 ('192', 'extension', '0', 'en_us', ' jpg '),
 ('192', 'kind', '0', 'en_us', ' image '),
 ('192', 'slug', '0', 'en_us', ' pratt mbar seattle interior exterior 14 '),
 ('192', 'title', '0', 'en_us', ' pratt mbar seattle interior exterior 14 '),
 ('193', 'filename', '0', 'en_us', ' pratt_mbar seattle interior exterior 19 jpg '),
 ('193', 'extension', '0', 'en_us', ' jpg '),
 ('193', 'kind', '0', 'en_us', ' image '),
 ('193', 'slug', '0', 'en_us', ' pratt mbar seattle interior exterior 19 '),
 ('193', 'title', '0', 'en_us', ' pratt mbar seattle interior exterior 19 '),
 ('194', 'filename', '0', 'en_us', ' pratt_mbar seattle interior exterior 23 jpg '),
 ('194', 'extension', '0', 'en_us', ' jpg '),
 ('194', 'kind', '0', 'en_us', ' image '),
 ('194', 'slug', '0', 'en_us', ' pratt mbar seattle interior exterior 23 '),
 ('194', 'title', '0', 'en_us', ' pratt mbar seattle interior exterior 23 '),
 ('195', 'filename', '0', 'en_us', ' pratt_mbar seattle interior exterior 25 jpg '),
 ('195', 'extension', '0', 'en_us', ' jpg '),
 ('195', 'kind', '0', 'en_us', ' image '),
 ('195', 'slug', '0', 'en_us', ' pratt mbar seattle interior exterior 25 '),
 ('195', 'title', '0', 'en_us', ' pratt mbar seattle interior exterior 25 '),
 ('196', 'filename', '0', 'en_us', ' pratt_mbar seattle interior exterior 28 jpg '),
 ('196', 'extension', '0', 'en_us', ' jpg '),
 ('196', 'kind', '0', 'en_us', ' image '),
 ('196', 'slug', '0', 'en_us', ' pratt mbar seattle interior exterior 28 '),
 ('196', 'title', '0', 'en_us', ' pratt mbar seattle interior exterior 28 '),
 ('197', 'filename', '0', 'en_us', ' pratt_mbar seattle interior exterior 29 jpg '),
 ('197', 'extension', '0', 'en_us', ' jpg '),
 ('197', 'kind', '0', 'en_us', ' image '),
 ('197', 'slug', '0', 'en_us', ' pratt mbar seattle interior exterior 29 '),
 ('197', 'title', '0', 'en_us', ' pratt mbar seattle interior exterior 29 '),
 ('198', 'filename', '0', 'en_us', ' pratt_mbar seattle interior 2 jpg '),
 ('198', 'extension', '0', 'en_us', ' jpg '),
 ('198', 'kind', '0', 'en_us', ' image '),
 ('198', 'slug', '0', 'en_us', ' pratt mbar seattle interior 2 '),
 ('198', 'title', '0', 'en_us', ' pratt mbar seattle interior 2 '),
 ('199', 'filename', '0', 'en_us', ' pratt_mbar seattle interior 9 jpg '),
 ('199', 'extension', '0', 'en_us', ' jpg '),
 ('199', 'kind', '0', 'en_us', ' image '),
 ('199', 'slug', '0', 'en_us', ' pratt mbar seattle interior 9 '),
 ('199', 'title', '0', 'en_us', ' pratt mbar seattle interior 9 '),
 ('200', 'filename', '0', 'en_us', ' pratt_mbar seattle interior 15 jpg '),
 ('200', 'extension', '0', 'en_us', ' jpg '),
 ('200', 'kind', '0', 'en_us', ' image '),
 ('200', 'slug', '0', 'en_us', ' pratt mbar seattle interior 15 '),
 ('200', 'title', '0', 'en_us', ' pratt mbar seattle interior 15 '),
 ('201', 'field', '1', 'en_us', ' our heated and covered section of the patio makes for a fantastic outdoor experience no matter the weather whether it s raining sideways and thirty five degrees or blue skies and sunshine the swinging rainbow egg will always be one of the most coveted seats in house the covered section of the patio bar is also available for private parties please fill out the event request form below for more details insider tip if you re still feeling a little chilly we have a selection of handcrafted quilts by local artist joey veltkamp to keep you cozy '),
 ('201', 'field', '21', 'en_us', ' pratt mbar seattle interior exterior 12 '),
 ('201', 'slug', '0', 'en_us', ' rainbow chair '),
 ('201', 'title', '0', 'en_us', ' rainbow chair '),
 ('205', 'title', '0', 'en_us', ' will moseley manager business development '),
 ('207', 'slug', '0', 'en_us', ' seaplane '),
 ('207', 'title', '0', 'en_us', ' seaplane '),
 ('208', 'filename', '0', 'en_us', ' img_2273 jpg '),
 ('208', 'extension', '0', 'en_us', ' jpg '),
 ('208', 'kind', '0', 'en_us', ' image '),
 ('208', 'slug', '0', 'en_us', ' img 2273 '),
 ('208', 'title', '0', 'en_us', ' img 2273 '),
 ('239', 'filename', '0', 'en_us', ' 4 jpg '),
 ('210', 'title', '0', 'en_us', ' exterior cover '),
 ('210', 'field', '21', 'en_us', ' 3 '),
 ('241', 'filename', '0', 'en_us', ' ani headshot jpg '),
 ('210', 'slug', '0', 'en_us', ' exterior cover '),
 ('205', 'field', '34', 'en_us', ' will mamnoonrestaurant com '),
 ('214', 'title', '0', 'en_us', ' mbar bread service 1 4 seawolf baguette labneh calabrian chiles olives cultured butter '),
 ('214', 'slug', '0', 'en_us', ' mbar bread service 1 4 seawolf baguette labneh calabrian chiles olives cultured butter '),
 ('214', 'field', '20', 'en_us', ' 6 '),
 ('212', 'field', '1', 'en_us', ''),
 ('212', 'field', '21', 'en_us', ' 4 '),
 ('212', 'slug', '0', 'en_us', ' izzy hsieh guest relations manager ');
INSERT INTO `craft_searchindex` (`elementId`, `attribute`, `fieldId`, `locale`, `keywords`) VALUES
 ('212', 'title', '0', 'en_us', ' izzy hsieh guest relations manager '),
 ('95', 'field', '34', 'en_us', ' jon mbarseattle com '),
 ('92', 'field', '34', 'en_us', ' ani mbarseattle com where the pasta at '),
 ('257', 'email', '0', 'en_us', ' wassef mamnoonrestaurant com '),
 ('215', 'field', '20', 'en_us', ' 18 '),
 ('215', 'slug', '0', 'en_us', ' mbar salumi plate nightly selection with grilled baguette '),
 ('215', 'title', '0', 'en_us', ' mbar salumi plate nightly selection with cornichons mustard '),
 ('216', 'field', '20', 'en_us', ' 15 '),
 ('216', 'slug', '0', 'en_us', ' olive oil poached salmon with shaved raw baby artichoke radish wood sorrel '),
 ('216', 'title', '0', 'en_us', ' olive oil poached salmon with shaved raw baby artichoke radish wood sorrel '),
 ('217', 'field', '20', 'en_us', ' 11 '),
 ('217', 'slug', '0', 'en_us', ' roasted cauliflower hummus with crudite rice beans '),
 ('217', 'title', '0', 'en_us', ' roasted cauliflower hummus with crudite rice beans '),
 ('218', 'field', '20', 'en_us', ' 11 '),
 ('218', 'slug', '0', 'en_us', ' hedgehog mushroom soup with toasted pine nuts pine bud syrup '),
 ('218', 'title', '0', 'en_us', ' spring vegetable broth with black rice english peas parmegiano reggiano '),
 ('219', 'field', '20', 'en_us', ' 11 '),
 ('219', 'slug', '0', 'en_us', ' escarole salad with anchovy walnut tarragon '),
 ('219', 'title', '0', 'en_us', ' escarole salad with anchovy walnut tarragon '),
 ('220', 'field', '20', 'en_us', ' 14 '),
 ('220', 'slug', '0', 'en_us', ' winter citrus salad with watercress parmigiano reggiano chestnut honey '),
 ('220', 'title', '0', 'en_us', ' winter citrus salad with watercress parmigiano reggiano chestnut honey '),
 ('221', 'field', '20', 'en_us', ' 13 '),
 ('221', 'slug', '0', 'en_us', ' king oyster mushroom baby beets with crushed egg pecan cumin '),
 ('221', 'title', '0', 'en_us', ' king oyster mushroom baby beets with crushed egg pecan cumin '),
 ('222', 'field', '20', 'en_us', ' 11 '),
 ('222', 'slug', '0', 'en_us', ' grilled washington aparagus with black garlic molasses black sesame lime soy '),
 ('222', 'title', '0', 'en_us', ' grilled washington aparagus with black garlic molasses black sesame lime soy '),
 ('223', 'field', '20', 'en_us', ' 11 '),
 ('223', 'slug', '0', 'en_us', ' paulines favorite braised whidbey island collard greens with house smoked hamhock chiles vinegar '),
 ('223', 'title', '0', 'en_us', ' pauline s favorite braised whidbey island collard greens with house smoked hamhock chiles vinegar '),
 ('224', 'field', '20', 'en_us', ' 11 21 '),
 ('224', 'slug', '0', 'en_us', ' tagliatelle with walnut sauce mint chile oil '),
 ('224', 'title', '0', 'en_us', ' tagliatelle with huckleberry marinara vodka basil '),
 ('225', 'field', '20', 'en_us', ' 17 26 '),
 ('225', 'slug', '0', 'en_us', ' black spaghetti with dungeness crab trout roe lime leaf meyer lemon brioche breadcrumbs 17 26 '),
 ('225', 'title', '0', 'en_us', ' black spaghetti with dungeness crab trout roe lime leaf meyer lemon brioche breadcrumbs 17 26 '),
 ('226', 'field', '20', 'en_us', ' 12 23 '),
 ('226', 'slug', '0', 'en_us', ' strozzapretti with rabbit and foie gras bolognese bianca '),
 ('226', 'title', '0', 'en_us', ' strozzapretti with rabbit and foie gras bolognese bianca '),
 ('227', 'field', '20', 'en_us', ' 38 '),
 ('227', 'slug', '0', 'en_us', ' grilled elk chop with chestnuts wild huckleberry '),
 ('227', 'title', '0', 'en_us', ' grilled elk chop with chestnuts wild huckleberry '),
 ('228', 'field', '20', 'en_us', ' 34 '),
 ('228', 'slug', '0', 'en_us', ' steamed halibut with pine nuts wild leek tahini sauce '),
 ('228', 'title', '0', 'en_us', ' steamed halibut with pine nuts wild leek tahini sauce '),
 ('229', 'field', '20', 'en_us', ' 33 '),
 ('229', 'slug', '0', 'en_us', ' skirt steak with baby turnip flowering kale nettles anchovy butter '),
 ('229', 'title', '0', 'en_us', ' skirt steak with baby turnip spring raab nettles anchovy butter '),
 ('230', 'field', '20', 'en_us', ' 27 '),
 ('230', 'slug', '0', 'en_us', ' pacific octopus with spicy fried potatoes grilled lime calabrian chiles '),
 ('230', 'title', '0', 'en_us', ' pacific octopus with spicy fried potatoes grilled lime calabrian chiles '),
 ('231', 'field', '20', 'en_us', ' 29 '),
 ('231', 'slug', '0', 'en_us', ' grilled trout with avocado sumac labneh fenugreek '),
 ('231', 'title', '0', 'en_us', ' grilled trout with avocado sumac labneh fenugreek '),
 ('232', 'field', '5', 'en_us', ''),
 ('232', 'slug', '0', 'en_us', ''),
 ('89', 'field', '34', 'en_us', ' racha haroun was born in london england to a syrian father and iranian mother racha came with her family to houston texas from damascus in 1982 where she attended college and met her husband wassef racha grew up in a household where hospitality was prized and where both cuisines and palates were equally valued and integrated racha is deeply involved in the cultural community of seattle and is a crucial part of the palate menu development and creative process behind the mamnoon aesthetic '),
 ('242', 'filename', '0', 'en_us', ' wassef headshot jpeg '),
 ('242', 'extension', '0', 'en_us', ' jpeg '),
 ('242', 'kind', '0', 'en_us', ' image '),
 ('242', 'slug', '0', 'en_us', ' wassef headshot '),
 ('242', 'title', '0', 'en_us', ' wassef headshot '),
 ('244', 'slug', '0', 'en_us', ''),
 ('246', 'filename', '0', 'en_us', ' fullsizeoutput_a34 jpeg '),
 ('245', 'field', '20', 'en_us', ' 26 '),
 ('245', 'slug', '0', 'en_us', ' slow roasted duck leg with shaved watermelon radish cumin rhubarb '),
 ('233', 'filename', '0', 'en_us', ' fb_img_1491949270186 jpg '),
 ('233', 'extension', '0', 'en_us', ' jpg '),
 ('233', 'kind', '0', 'en_us', ' image '),
 ('233', 'slug', '0', 'en_us', ' fb img 1491949270186 '),
 ('233', 'title', '0', 'en_us', ' fb img 1491949270186 '),
 ('234', 'filename', '0', 'en_us', ' pratt_mbar seattle interior exterior 12 jpg '),
 ('234', 'extension', '0', 'en_us', ' jpg '),
 ('234', 'kind', '0', 'en_us', ' image '),
 ('234', 'slug', '0', 'en_us', ' pratt mbar seattle interior exterior 12 '),
 ('234', 'title', '0', 'en_us', ' pratt mbar seattle interior exterior 12 '),
 ('235', 'filename', '0', 'en_us', ' plane jpg '),
 ('235', 'extension', '0', 'en_us', ' jpg '),
 ('235', 'kind', '0', 'en_us', ' image '),
 ('235', 'slug', '0', 'en_us', ' plane '),
 ('235', 'title', '0', 'en_us', ' plane '),
 ('239', 'kind', '0', 'en_us', ' image '),
 ('238', 'filename', '0', 'en_us', ' 2 jpg '),
 ('238', 'extension', '0', 'en_us', ' jpg '),
 ('238', 'kind', '0', 'en_us', ' image '),
 ('238', 'slug', '0', 'en_us', ' 2 '),
 ('238', 'title', '0', 'en_us', ' 2 '),
 ('239', 'extension', '0', 'en_us', ' jpg '),
 ('239', 'slug', '0', 'en_us', ' 4 '),
 ('239', 'title', '0', 'en_us', ' 4 '),
 ('240', 'filename', '0', 'en_us', ' 3 jpg '),
 ('240', 'extension', '0', 'en_us', ' jpg '),
 ('240', 'kind', '0', 'en_us', ' image '),
 ('240', 'slug', '0', 'en_us', ' 3 '),
 ('240', 'title', '0', 'en_us', ' 3 '),
 ('241', 'extension', '0', 'en_us', ' jpg '),
 ('241', 'kind', '0', 'en_us', ' image '),
 ('241', 'slug', '0', 'en_us', ' ani headshot '),
 ('241', 'title', '0', 'en_us', ' ani headshot ');
INSERT INTO `craft_searchindex` (`elementId`, `attribute`, `fieldId`, `locale`, `keywords`) VALUES
 ('212', 'field', '34', 'en_us', ' izzy mbarseattle com you wanna try a weird snack it s really good i swear '),
 ('245', 'title', '0', 'en_us', ' slow roasted duck leg with shaved watermelon radish cumin rhubarb '),
 ('246', 'extension', '0', 'en_us', ' jpeg '),
 ('246', 'kind', '0', 'en_us', ' image '),
 ('246', 'slug', '0', 'en_us', ' fullsizeoutput a34 '),
 ('246', 'title', '0', 'en_us', ' fullsizeoutput a34 '),
 ('247', 'filename', '0', 'en_us', ' fullsizeoutput_a3a jpeg '),
 ('247', 'extension', '0', 'en_us', ' jpeg '),
 ('247', 'kind', '0', 'en_us', ' image '),
 ('247', 'slug', '0', 'en_us', ' fullsizeoutput a3a '),
 ('247', 'title', '0', 'en_us', ' fullsizeoutput a3a '),
 ('248', 'filename', '0', 'en_us', ' fullsizeoutput_a38 jpeg '),
 ('248', 'extension', '0', 'en_us', ' jpeg '),
 ('248', 'kind', '0', 'en_us', ' image '),
 ('248', 'slug', '0', 'en_us', ' fullsizeoutput a38 '),
 ('248', 'title', '0', 'en_us', ' fullsizeoutput a38 '),
 ('249', 'field', '1', 'en_us', ''),
 ('249', 'field', '21', 'en_us', ' fullsizeoutput a34 '),
 ('249', 'slug', '0', 'en_us', ' anthony reynaga sous chef '),
 ('249', 'title', '0', 'en_us', ' anthony reynaga sous chef '),
 ('250', 'filename', '0', 'en_us', ' fullsizeoutput_a3e jpeg '),
 ('250', 'extension', '0', 'en_us', ' jpeg '),
 ('250', 'kind', '0', 'en_us', ' image '),
 ('250', 'slug', '0', 'en_us', ' fullsizeoutput a3e '),
 ('250', 'title', '0', 'en_us', ' fullsizeoutput a3e '),
 ('251', 'filename', '0', 'en_us', ' img_4642 png '),
 ('251', 'extension', '0', 'en_us', ' png '),
 ('251', 'kind', '0', 'en_us', ' image '),
 ('251', 'slug', '0', 'en_us', ' img 4642 '),
 ('251', 'title', '0', 'en_us', ' img 4642 '),
 ('252', 'filename', '0', 'en_us', ' wassefracha jpg '),
 ('252', 'extension', '0', 'en_us', ' jpg '),
 ('252', 'kind', '0', 'en_us', ' image '),
 ('252', 'slug', '0', 'en_us', ' wassef racha '),
 ('252', 'title', '0', 'en_us', ' wassef racha '),
 ('93', 'field', '34', 'en_us', ' 1738 '),
 ('249', 'field', '34', 'en_us', ' anthony mbarseattle com '),
 ('257', 'username', '0', 'en_us', ' wassef_mbar '),
 ('257', 'firstname', '0', 'en_us', ' wassef '),
 ('257', 'lastname', '0', 'en_us', ' haroun '),
 ('257', 'fullname', '0', 'en_us', ' wassef haroun '),
 ('253', 'field', '26', 'en_us', ' reservations are for our dining room and interior bar only  '),
 ('253', 'field', '27', 'en_us', ' our patio is seated on a first come first serve basis with the exception of event bookings parties must be completed before seating '),
 ('253', 'field', '28', 'en_us', ' our patio is seated on a first come first serve basis withthe exception of event bookings '),
 ('253', 'slug', '0', 'en_us', ' reservations '),
 ('253', 'title', '0', 'en_us', ' reservations '),
 ('255', 'field', '1', 'en_us', ' our app does not collect any user information it enables us to pull data from our instagram feed and display it on mbarseattle com we leverage the instafeed js library to create the api request '),
 ('255', 'title', '0', 'en_us', ' privacy '),
 ('255', 'slug', '0', 'en_us', ' privacy '),
 ('88', 'field', '34', 'en_us', ' wassef haroun was born in syria and raised in lebanon before moving to the united states for school after leaving a career in technology and computer science wassef turned to mamnoon as an experiment to bring the food and traditions of the levant to an american audience and to bridge the apparent gaps between the two cultures he inhabits true to his geek background wassef has his hands in innumerable projects big and small around the restaurant in order to make the mamnoon experience universally compelling '),
 ('10', 'field', '35', 'en_us', ' events mbarseattle com '),
 ('257', 'slug', '0', 'en_us', '');



DROP TABLE IF EXISTS `craft_sections`;


--
-- Schema for table `craft_sections`
--
CREATE TABLE `craft_sections` (
  `id` int(11) NOT NULL AUTO_INCREMENT,
  `structureId` int(11) DEFAULT NULL,
  `name` varchar(255) COLLATE utf8_unicode_ci NOT NULL,
  `handle` varchar(255) COLLATE utf8_unicode_ci NOT NULL,
  `type` enum('single','channel','structure') COLLATE utf8_unicode_ci NOT NULL DEFAULT 'channel',
  `hasUrls` tinyint(1) unsigned NOT NULL DEFAULT '1',
  `template` varchar(500) COLLATE utf8_unicode_ci DEFAULT NULL,
  `enableVersioning` tinyint(1) unsigned NOT NULL DEFAULT '0',
  `dateCreated` datetime NOT NULL,
  `dateUpdated` datetime NOT NULL,
  `uid` char(36) COLLATE utf8_unicode_ci NOT NULL DEFAULT '0',
  PRIMARY KEY (`id`),
  UNIQUE KEY `craft_sections_name_unq_idx` (`name`),
  UNIQUE KEY `craft_sections_handle_unq_idx` (`handle`),
  KEY `craft_sections_structureId_fk` (`structureId`)
) ENGINE=InnoDB AUTO_INCREMENT=21 DEFAULT CHARSET=utf8 COLLATE=utf8_unicode_ci;

--
-- Data for table `craft_sections`
--

INSERT INTO `craft_sections` (`id`, `structureId`, `name`, `handle`, `type`, `hasUrls`, `template`, `enableVersioning`, `dateCreated`, `dateUpdated`, `uid`) VALUES
 ('1', NULL, 'Homepage', 'homepage', 'single', '1', 'index', '1', '2017-03-04 21:05:19', '2017-03-04 21:05:19', '860faab1-625f-427b-ab2e-24b761a9ba43'),
 ('2', NULL, 'News', 'news', 'channel', '1', 'news/_entry', '1', '2017-03-04 21:05:20', '2017-03-04 21:05:20', '612f3e81-e5f0-4860-a86d-5f8843d09584'),
 ('4', '1', 'Menus', 'menus', 'structure', '0', NULL, '1', '2017-03-04 22:42:42', '2017-03-04 22:42:42', 'ae635611-91d6-4bbd-b6b9-9af53c795a15'),
 ('5', NULL, 'Menu Items', 'menuItems', 'channel', '0', NULL, '1', '2017-03-04 22:43:48', '2017-03-04 22:43:48', 'f2977524-9179-48d4-815a-e81aa4654dd4'),
 ('9', '3', 'About Us', 'aboutUs', 'structure', '0', NULL, '1', '2017-03-05 03:09:31', '2017-03-05 03:09:31', 'cceff01c-8c59-49d7-aea4-dc3b8e7aef5e'),
 ('10', '4', 'social links', 'socialLinks', 'structure', '0', NULL, '1', '2017-03-05 03:26:27', '2017-03-05 03:26:27', '2a9cd5eb-27b2-4291-9fff-7aa978139915'),
 ('12', '5', 'top navigation', 'topNavigation', 'structure', '0', NULL, '1', '2017-03-05 04:11:08', '2017-03-05 04:11:08', 'a0bd7241-ed97-4348-8e50-68ec58b8e82b'),
 ('13', NULL, 'schedule module', 'scheduleModule', 'channel', '0', NULL, '1', '2017-03-05 17:18:10', '2017-03-05 17:18:10', 'abf8985a-699d-4955-9a51-ab5f2d50cfd7'),
 ('14', '6', 'events booking slides', 'eventsBookingSlides', 'structure', '0', NULL, '1', '2017-03-05 17:31:55', '2017-03-05 17:31:55', '98bda26b-1b55-4739-a5c9-41c4ed86c67c'),
 ('15', '7', 'our family', 'ourFamily', 'structure', '0', NULL, '1', '2017-03-05 17:57:55', '2017-03-05 17:57:55', 'e8d0bf3a-1838-4e64-8413-89e7e4187068'),
 ('16', '8', 'Media', 'media', 'structure', '0', NULL, '1', '2017-03-05 18:01:51', '2017-03-05 18:01:51', '327a9733-6f5f-4858-85f6-e11454191baa'),
 ('17', NULL, 'Timed Announcements', 'timedAnnouncements', 'channel', '0', NULL, '1', '2017-03-11 01:39:12', '2017-03-11 01:39:12', '20a16635-bb9c-4ff1-a92a-1c1b08c18def'),
 ('18', NULL, 'top schedule module', 'topScheduleModule', 'channel', '0', NULL, '1', '2017-04-30 13:48:36', '2017-04-30 13:48:36', '6e375379-61fb-4398-8b8f-f50795dcbdd3'),
 ('19', NULL, 'privacy policy', 'privacyPolicy', 'channel', '0', NULL, '1', '2017-04-30 17:34:56', '2017-04-30 17:34:56', '6a51a3e8-5f65-4c52-b185-633497c788a2'),
 ('20', NULL, 'Privacy', 'privacy', 'single', '1', 'privacy', '1', '2017-04-30 17:40:57', '2017-04-30 17:40:57', '912fede3-deb7-4fa1-899d-6cfe2d54c94d');



DROP TABLE IF EXISTS `craft_sections_i18n`;


--
-- Schema for table `craft_sections_i18n`
--
CREATE TABLE `craft_sections_i18n` (
  `id` int(11) NOT NULL AUTO_INCREMENT,
  `sectionId` int(11) NOT NULL,
  `locale` char(12) COLLATE utf8_unicode_ci NOT NULL,
  `enabledByDefault` tinyint(1) unsigned NOT NULL DEFAULT '1',
  `urlFormat` text COLLATE utf8_unicode_ci,
  `nestedUrlFormat` text COLLATE utf8_unicode_ci,
  `dateCreated` datetime NOT NULL,
  `dateUpdated` datetime NOT NULL,
  `uid` char(36) COLLATE utf8_unicode_ci NOT NULL DEFAULT '0',
  PRIMARY KEY (`id`),
  UNIQUE KEY `craft_sections_i18n_sectionId_locale_unq_idx` (`sectionId`,`locale`),
  KEY `craft_sections_i18n_locale_fk` (`locale`)
) ENGINE=InnoDB AUTO_INCREMENT=21 DEFAULT CHARSET=utf8 COLLATE=utf8_unicode_ci;

--
-- Data for table `craft_sections_i18n`
--

INSERT INTO `craft_sections_i18n` (`id`, `sectionId`, `locale`, `enabledByDefault`, `urlFormat`, `nestedUrlFormat`, `dateCreated`, `dateUpdated`, `uid`) VALUES
 ('1', '1', 'en_us', '1', '__home__', NULL, '2017-03-04 21:05:19', '2017-03-04 21:05:19', 'e4504482-a996-4032-8302-100416c32de0'),
 ('2', '2', 'en_us', '1', 'news/{postDate.year}/{slug}', NULL, '2017-03-04 21:05:20', '2017-03-04 21:05:20', '9ced1b47-9604-4232-897f-7a5200dd22e6'),
 ('4', '4', 'en_us', '1', NULL, NULL, '2017-03-04 22:42:42', '2017-03-04 22:42:42', '58a22068-1624-41a9-8f8b-400f956ca4c1'),
 ('5', '5', 'en_us', '1', NULL, NULL, '2017-03-04 22:43:48', '2017-03-04 22:43:48', 'b528e55d-47d6-4fc5-8e10-2baf735fbcbe'),
 ('9', '9', 'en_us', '1', NULL, NULL, '2017-03-05 03:09:31', '2017-03-05 03:09:31', 'f9a00d4b-fd61-46ed-bd1a-5e9b08c1b9fb'),
 ('10', '10', 'en_us', '1', NULL, NULL, '2017-03-05 03:26:27', '2017-03-05 03:26:27', 'b4f92662-1cce-4a97-b69d-d9324a54e69f'),
 ('12', '12', 'en_us', '1', NULL, NULL, '2017-03-05 04:11:08', '2017-03-05 04:11:08', 'ee780e39-ce08-4aa1-a15e-4a1e49093d61'),
 ('13', '13', 'en_us', '1', NULL, NULL, '2017-03-05 17:18:10', '2017-03-05 17:18:10', '23706346-9754-4e48-9f49-b8774fc7033a'),
 ('14', '14', 'en_us', '1', NULL, NULL, '2017-03-05 17:31:55', '2017-03-05 17:31:55', 'b6651c3b-a97f-4d1c-90a3-f606a88ae88f'),
 ('15', '15', 'en_us', '1', NULL, NULL, '2017-03-05 17:57:55', '2017-03-05 17:57:55', '12966684-c540-4364-92f2-92b604643db8'),
 ('16', '16', 'en_us', '1', NULL, NULL, '2017-03-05 18:01:51', '2017-03-05 18:01:51', 'cfe79c3f-658a-4cb3-9cb8-2a392157b768'),
 ('17', '17', 'en_us', '1', NULL, NULL, '2017-03-11 01:39:12', '2017-03-11 01:39:12', '78d9e42d-0b6e-4d77-bd77-386edbf8386c'),
 ('18', '18', 'en_us', '1', NULL, NULL, '2017-04-30 13:48:36', '2017-04-30 13:48:36', '2f9e486c-3b6f-4637-979a-91275992fd71'),
 ('19', '19', 'en_us', '1', NULL, NULL, '2017-04-30 17:34:56', '2017-04-30 17:34:56', '046ffa88-613b-4ef8-ac40-d84aa877dcf8'),
 ('20', '20', 'en_us', '1', 'privacy', NULL, '2017-04-30 17:40:57', '2017-04-30 17:40:57', 'c57c5177-a03d-426e-8bec-f3f30e77762a');



DROP TABLE IF EXISTS `craft_sessions`;


--
-- Schema for table `craft_sessions`
--
CREATE TABLE `craft_sessions` (
  `id` int(11) NOT NULL AUTO_INCREMENT,
  `userId` int(11) NOT NULL,
  `token` char(100) COLLATE utf8_unicode_ci NOT NULL,
  `dateCreated` datetime NOT NULL,
  `dateUpdated` datetime NOT NULL,
  `uid` char(36) COLLATE utf8_unicode_ci NOT NULL DEFAULT '0',
  PRIMARY KEY (`id`),
  KEY `craft_sessions_uid_idx` (`uid`),
  KEY `craft_sessions_token_idx` (`token`),
  KEY `craft_sessions_dateUpdated_idx` (`dateUpdated`),
  KEY `craft_sessions_userId_fk` (`userId`)
) ENGINE=InnoDB AUTO_INCREMENT=52 DEFAULT CHARSET=utf8 COLLATE=utf8_unicode_ci;

DROP TABLE IF EXISTS `craft_shunnedmessages`;


--
-- Schema for table `craft_shunnedmessages`
--
CREATE TABLE `craft_shunnedmessages` (
  `id` int(11) NOT NULL AUTO_INCREMENT,
  `userId` int(11) NOT NULL,
  `message` varchar(255) COLLATE utf8_unicode_ci NOT NULL,
  `expiryDate` datetime DEFAULT NULL,
  `dateCreated` datetime NOT NULL,
  `dateUpdated` datetime NOT NULL,
  `uid` char(36) COLLATE utf8_unicode_ci NOT NULL DEFAULT '0',
  PRIMARY KEY (`id`),
  UNIQUE KEY `craft_shunnedmessages_userId_message_unq_idx` (`userId`,`message`)
) ENGINE=InnoDB DEFAULT CHARSET=utf8 COLLATE=utf8_unicode_ci;

DROP TABLE IF EXISTS `craft_structureelements`;


--
-- Schema for table `craft_structureelements`
--
CREATE TABLE `craft_structureelements` (
  `id` int(11) NOT NULL AUTO_INCREMENT,
  `structureId` int(11) NOT NULL,
  `elementId` int(11) DEFAULT NULL,
  `root` int(11) unsigned DEFAULT NULL,
  `lft` int(11) unsigned NOT NULL,
  `rgt` int(11) unsigned NOT NULL,
  `level` smallint(6) unsigned NOT NULL,
  `dateCreated` datetime NOT NULL,
  `dateUpdated` datetime NOT NULL,
  `uid` char(36) COLLATE utf8_unicode_ci NOT NULL DEFAULT '0',
  PRIMARY KEY (`id`),
  UNIQUE KEY `craft_structureelements_structureId_elementId_unq_idx` (`structureId`,`elementId`),
  KEY `craft_structureelements_root_idx` (`root`),
  KEY `craft_structureelements_lft_idx` (`lft`),
  KEY `craft_structureelements_rgt_idx` (`rgt`),
  KEY `craft_structureelements_level_idx` (`level`),
  KEY `craft_structureelements_elementId_fk` (`elementId`)
) ENGINE=InnoDB AUTO_INCREMENT=54 DEFAULT CHARSET=utf8 COLLATE=utf8_unicode_ci;

--
-- Data for table `craft_structureelements`
--

INSERT INTO `craft_structureelements` (`id`, `structureId`, `elementId`, `root`, `lft`, `rgt`, `level`, `dateCreated`, `dateUpdated`, `uid`) VALUES
 ('1', '1', NULL, '1', '1', '12', '0', '2017-03-04 22:47:17', '2017-03-04 22:47:17', '7da4a697-6f30-467a-b44e-90284c7ae6c7'),
 ('2', '1', '15', '1', '10', '11', '1', '2017-03-04 22:47:17', '2017-03-04 22:47:17', '5e2dc014-05cf-48cf-a5f1-f0caa90d5c83'),
 ('3', '1', '16', '1', '4', '5', '1', '2017-03-04 22:47:24', '2017-03-04 22:47:24', '4aa6ca8b-7b28-4ef0-ac65-361a11ae27d1'),
 ('4', '1', '17', '1', '6', '7', '1', '2017-03-04 22:47:32', '2017-03-04 22:47:32', '6d671314-883e-4d89-9005-97c2d8485561'),
 ('5', '1', '18', '1', '2', '3', '1', '2017-03-04 22:47:40', '2017-03-04 22:47:40', '3d4e694e-9b3c-4e8d-872d-f7ee6e0d9618'),
 ('11', '3', NULL, '11', '1', '8', '0', '2017-03-05 03:11:52', '2017-03-05 03:11:52', 'f0a7ed42-b5ab-4047-9305-1cfac46eabdd'),
 ('12', '3', '55', '11', '2', '3', '1', '2017-03-05 03:11:52', '2017-03-05 03:11:52', '00b7ce0b-9c37-4810-b262-b39668463da4'),
 ('14', '4', NULL, '14', '1', '8', '0', '2017-03-05 03:32:34', '2017-03-05 03:32:34', 'eeb69bf4-da4a-46b3-b5c2-b73243c44ac6'),
 ('15', '4', '57', '14', '4', '5', '1', '2017-03-05 03:32:34', '2017-03-05 03:32:34', '12214192-7a53-4c5b-b77f-5347e3b5296a'),
 ('16', '4', '62', '14', '2', '3', '1', '2017-03-05 03:38:13', '2017-03-05 03:38:13', '61189937-6d23-45dc-9392-baba9b44bf75'),
 ('17', '4', '65', '14', '6', '7', '1', '2017-03-05 03:38:38', '2017-03-05 03:38:38', 'f7376bea-9204-449e-9b24-b6b7e0a4c154'),
 ('18', '5', NULL, '18', '1', '14', '0', '2017-03-05 04:11:57', '2017-03-05 04:11:57', '0542ecb7-147d-480a-aebc-03ef22166ef8'),
 ('19', '5', '72', '18', '6', '7', '1', '2017-03-05 04:11:57', '2017-03-05 04:11:57', '6824a03a-85b7-4c9c-a67a-865a8fde265f'),
 ('20', '5', '73', '18', '2', '3', '1', '2017-03-05 04:12:04', '2017-03-05 04:12:04', '8b35f90c-cb35-4341-b62c-897dd50ca141'),
 ('21', '5', '74', '18', '4', '5', '1', '2017-03-05 04:12:12', '2017-03-05 04:12:12', 'dc0e8811-86e7-4b91-aed0-c261758a0f30'),
 ('22', '5', '75', '18', '12', '13', '1', '2017-03-05 04:12:19', '2017-03-05 04:12:19', '4a6059ea-6829-460a-ba66-c2cd77186a25'),
 ('23', '5', '76', '18', '8', '9', '1', '2017-03-05 04:12:28', '2017-03-05 04:12:28', 'ffd9a2fc-ffb8-438d-9b0b-ba95f3c4f426'),
 ('24', '5', '77', '18', '10', '11', '1', '2017-03-05 04:12:48', '2017-03-05 04:12:48', '835e262a-4799-4a43-b473-8773c0a87b95'),
 ('25', '6', NULL, '25', '1', '10', '0', '2017-03-05 17:38:30', '2017-03-05 17:38:30', '9b474fec-3d78-47fb-bae9-fefc6aa27520'),
 ('26', '6', '81', '25', '2', '3', '1', '2017-03-05 17:38:30', '2017-03-05 17:38:30', '3ed9460e-ab7e-49e0-9e78-0b0c26dc9a4d'),
 ('27', '6', '84', '25', '4', '5', '1', '2017-03-05 17:38:47', '2017-03-05 17:38:47', '0b43c17a-b465-4b08-9b20-724f548cf402'),
 ('28', '6', '87', '25', '6', '7', '1', '2017-03-05 17:39:07', '2017-03-05 17:39:07', '5ff19137-8e4e-4b3c-9c71-d79872285e54'),
 ('29', '7', NULL, '29', '1', '18', '0', '2017-03-05 17:58:56', '2017-03-05 17:58:56', 'f1bf0f97-50ea-4593-b4f6-e1b72aca3a24'),
 ('30', '7', '88', '29', '2', '3', '1', '2017-03-05 17:58:56', '2017-03-05 17:58:56', '52841c92-4b31-4b09-ad55-6049626616b1'),
 ('31', '7', '89', '29', '4', '5', '1', '2017-03-05 17:59:09', '2017-03-05 17:59:09', '075be88d-49eb-4e6e-846d-0be9079912a0'),
 ('32', '8', NULL, '32', '1', '10', '0', '2017-03-05 18:02:52', '2017-03-05 18:02:52', '3b57e4b7-0ec3-43a9-b679-b3a8e3c837fa'),
 ('34', '8', '91', '32', '2', '3', '1', '2017-03-05 18:03:14', '2017-03-05 18:03:14', '2be6a6ba-5143-4d64-aa7c-c32a57275628'),
 ('35', '7', '92', '29', '8', '9', '1', '2017-03-07 06:43:48', '2017-03-07 06:43:48', 'e024c3b8-0fd1-4b9e-add1-4a5f29fd830f'),
 ('36', '7', '93', '29', '6', '7', '1', '2017-03-07 06:44:04', '2017-03-07 06:44:04', '1cb3442d-2f6b-40d1-a2e5-071881cbe489'),
 ('38', '7', '95', '29', '10', '11', '1', '2017-03-07 06:44:44', '2017-03-07 06:44:44', '5a2c08c3-7913-4762-8fa3-fc271ff2b23a'),
 ('39', '8', '96', '32', '4', '5', '1', '2017-03-07 06:45:40', '2017-03-07 06:45:40', 'cfcad3e9-c354-459b-a385-7295e9f7bac6'),
 ('40', '8', '97', '32', '6', '7', '1', '2017-03-07 06:46:02', '2017-03-07 06:46:02', '5133b6b8-5165-4794-997b-883365a6361f'),
 ('43', '1', '140', '1', '8', '9', '1', '2017-03-10 02:01:36', '2017-03-10 02:01:36', 'd40515af-168b-4419-91a8-cc7ab75651ed'),
 ('44', '3', '201', '11', '4', '5', '1', '2017-03-15 21:58:20', '2017-03-15 21:58:20', 'fefb5aa2-4670-4170-86ce-2c7ad039a5f9'),
 ('45', '3', '202', '11', '6', '7', '1', '2017-03-20 23:12:43', '2017-03-20 23:12:43', '4e458255-8879-4883-ae37-019dfc81936e'),
 ('47', '7', '205', '29', '14', '15', '1', '2017-03-24 22:50:59', '2017-03-24 22:50:59', 'ae797c23-02e5-454d-924e-3eb119624fa3'),
 ('49', '6', '210', '25', '8', '9', '1', '2017-04-06 19:53:21', '2017-04-06 19:53:21', 'f8a92b23-3086-4b47-9204-6ced6fef50f3'),
 ('51', '7', '212', '29', '12', '13', '1', '2017-04-06 20:02:14', '2017-04-06 20:02:14', 'ee149184-f9aa-468c-b7f4-d309306abd6c'),
 ('52', '8', '243', '32', '8', '9', '1', '2017-04-15 00:01:13', '2017-04-15 00:01:13', '059d6e9b-c2f6-45e4-b47a-dc2023de4bcd'),
 ('53', '7', '249', '29', '16', '17', '1', '2017-04-28 20:11:34', '2017-04-28 20:11:34', 'dd06ea53-0b5e-4b0e-b775-b389d735aaf8');



DROP TABLE IF EXISTS `craft_structures`;


--
-- Schema for table `craft_structures`
--
CREATE TABLE `craft_structures` (
  `id` int(11) NOT NULL AUTO_INCREMENT,
  `maxLevels` smallint(6) unsigned DEFAULT NULL,
  `dateCreated` datetime NOT NULL,
  `dateUpdated` datetime NOT NULL,
  `uid` char(36) COLLATE utf8_unicode_ci NOT NULL DEFAULT '0',
  PRIMARY KEY (`id`)
) ENGINE=InnoDB AUTO_INCREMENT=9 DEFAULT CHARSET=utf8 COLLATE=utf8_unicode_ci;

--
-- Data for table `craft_structures`
--

INSERT INTO `craft_structures` (`id`, `maxLevels`, `dateCreated`, `dateUpdated`, `uid`) VALUES
 ('1', '1', '2017-03-04 22:42:42', '2017-03-04 22:42:42', '5a0367a6-03f7-4ae6-8168-62ba8d56f2e3'),
 ('3', NULL, '2017-03-05 03:09:31', '2017-03-05 03:09:31', '83a60148-5b68-4032-b80c-45362a37b5aa'),
 ('4', '3', '2017-03-05 03:26:27', '2017-03-05 03:26:27', '1564d98e-5367-4084-b73a-0c7d8ca750e3'),
 ('5', '6', '2017-03-05 04:11:08', '2017-03-05 04:11:08', '697f6f46-59cf-4256-80f1-ab10666d1fa1'),
 ('6', NULL, '2017-03-05 17:31:55', '2017-03-05 17:31:55', 'ae0ca116-1e4f-4447-9005-be4fc58f83d8'),
 ('7', NULL, '2017-03-05 17:57:55', '2017-03-05 17:57:55', '2e94a4ac-c3d4-4be4-8675-ceb0b309d70b'),
 ('8', NULL, '2017-03-05 18:01:51', '2017-03-05 18:01:51', 'c0eef593-111d-40c3-9ca9-0fbb2d68fc2f');



DROP TABLE IF EXISTS `craft_systemsettings`;


--
-- Schema for table `craft_systemsettings`
--
CREATE TABLE `craft_systemsettings` (
  `id` int(11) NOT NULL AUTO_INCREMENT,
  `category` varchar(15) COLLATE utf8_unicode_ci NOT NULL,
  `settings` text COLLATE utf8_unicode_ci,
  `dateCreated` datetime NOT NULL,
  `dateUpdated` datetime NOT NULL,
  `uid` char(36) COLLATE utf8_unicode_ci NOT NULL DEFAULT '0',
  PRIMARY KEY (`id`),
  UNIQUE KEY `craft_systemsettings_category_unq_idx` (`category`)
) ENGINE=InnoDB AUTO_INCREMENT=2 DEFAULT CHARSET=utf8 COLLATE=utf8_unicode_ci;

--
-- Data for table `craft_systemsettings`
--

INSERT INTO `craft_systemsettings` (`id`, `category`, `settings`, `dateCreated`, `dateUpdated`, `uid`) VALUES
 ('1', 'email', '{\"protocol\":\"php\",\"emailAddress\":\"joe.waine@gmail.com\",\"senderName\":\"MBAR\"}', '2017-03-04 21:05:19', '2017-03-04 21:05:19', 'de3f8604-8f1d-49eb-b516-e37e86ef365d');



DROP TABLE IF EXISTS `craft_taggroups`;


--
-- Schema for table `craft_taggroups`
--
CREATE TABLE `craft_taggroups` (
  `id` int(11) NOT NULL AUTO_INCREMENT,
  `name` varchar(255) COLLATE utf8_unicode_ci NOT NULL,
  `handle` varchar(255) COLLATE utf8_unicode_ci NOT NULL,
  `fieldLayoutId` int(10) DEFAULT NULL,
  `dateCreated` datetime NOT NULL,
  `dateUpdated` datetime NOT NULL,
  `uid` char(36) COLLATE utf8_unicode_ci NOT NULL DEFAULT '0',
  PRIMARY KEY (`id`),
  UNIQUE KEY `craft_taggroups_name_unq_idx` (`name`),
  UNIQUE KEY `craft_taggroups_handle_unq_idx` (`handle`),
  KEY `craft_taggroups_fieldLayoutId_fk` (`fieldLayoutId`)
) ENGINE=InnoDB AUTO_INCREMENT=2 DEFAULT CHARSET=utf8 COLLATE=utf8_unicode_ci;

--
-- Data for table `craft_taggroups`
--

INSERT INTO `craft_taggroups` (`id`, `name`, `handle`, `fieldLayoutId`, `dateCreated`, `dateUpdated`, `uid`) VALUES
 ('1', 'Default', 'default', '1', '2017-03-04 21:05:19', '2017-03-04 21:05:19', 'c217c9e6-de4b-42ee-8beb-b429eaaeaf1a');



DROP TABLE IF EXISTS `craft_tags`;


--
-- Schema for table `craft_tags`
--
CREATE TABLE `craft_tags` (
  `id` int(11) NOT NULL,
  `groupId` int(11) NOT NULL,
  `dateCreated` datetime NOT NULL,
  `dateUpdated` datetime NOT NULL,
  `uid` char(36) COLLATE utf8_unicode_ci NOT NULL DEFAULT '0',
  PRIMARY KEY (`id`),
  KEY `craft_tags_groupId_fk` (`groupId`)
) ENGINE=InnoDB DEFAULT CHARSET=utf8 COLLATE=utf8_unicode_ci;

DROP TABLE IF EXISTS `craft_tasks`;


--
-- Schema for table `craft_tasks`
--
CREATE TABLE `craft_tasks` (
  `id` int(11) NOT NULL AUTO_INCREMENT,
  `root` int(11) unsigned DEFAULT NULL,
  `lft` int(11) unsigned NOT NULL,
  `rgt` int(11) unsigned NOT NULL,
  `level` smallint(6) unsigned NOT NULL,
  `currentStep` int(11) unsigned DEFAULT NULL,
  `totalSteps` int(11) unsigned DEFAULT NULL,
  `status` enum('pending','error','running') COLLATE utf8_unicode_ci DEFAULT NULL,
  `type` varchar(150) COLLATE utf8_unicode_ci NOT NULL,
  `description` varchar(255) COLLATE utf8_unicode_ci DEFAULT NULL,
  `settings` mediumtext COLLATE utf8_unicode_ci,
  `dateCreated` datetime NOT NULL,
  `dateUpdated` datetime NOT NULL,
  `uid` char(36) COLLATE utf8_unicode_ci NOT NULL DEFAULT '0',
  PRIMARY KEY (`id`),
  KEY `craft_tasks_root_idx` (`root`),
  KEY `craft_tasks_lft_idx` (`lft`),
  KEY `craft_tasks_rgt_idx` (`rgt`),
  KEY `craft_tasks_level_idx` (`level`)
) ENGINE=InnoDB DEFAULT CHARSET=utf8 COLLATE=utf8_unicode_ci;

DROP TABLE IF EXISTS `craft_templatecachecriteria`;


--
-- Schema for table `craft_templatecachecriteria`
--
CREATE TABLE `craft_templatecachecriteria` (
  `id` int(11) NOT NULL AUTO_INCREMENT,
  `cacheId` int(11) NOT NULL,
  `type` varchar(150) COLLATE utf8_unicode_ci NOT NULL,
  `criteria` text COLLATE utf8_unicode_ci NOT NULL,
  PRIMARY KEY (`id`),
  KEY `craft_templatecachecriteria_cacheId_fk` (`cacheId`),
  KEY `craft_templatecachecriteria_type_idx` (`type`)
) ENGINE=InnoDB DEFAULT CHARSET=utf8 COLLATE=utf8_unicode_ci;

DROP TABLE IF EXISTS `craft_templatecacheelements`;


--
-- Schema for table `craft_templatecacheelements`
--
CREATE TABLE `craft_templatecacheelements` (
  `cacheId` int(11) NOT NULL,
  `elementId` int(11) NOT NULL,
  KEY `craft_templatecacheelements_cacheId_fk` (`cacheId`),
  KEY `craft_templatecacheelements_elementId_fk` (`elementId`)
) ENGINE=InnoDB DEFAULT CHARSET=utf8 COLLATE=utf8_unicode_ci;

DROP TABLE IF EXISTS `craft_templatecaches`;


--
-- Schema for table `craft_templatecaches`
--
CREATE TABLE `craft_templatecaches` (
  `id` int(11) NOT NULL AUTO_INCREMENT,
  `cacheKey` varchar(255) COLLATE utf8_unicode_ci NOT NULL,
  `locale` char(12) COLLATE utf8_unicode_ci NOT NULL,
  `path` varchar(255) COLLATE utf8_unicode_ci DEFAULT NULL,
  `expiryDate` datetime NOT NULL,
  `body` mediumtext COLLATE utf8_unicode_ci NOT NULL,
  PRIMARY KEY (`id`),
  KEY `craft_templatecaches_expiryDate_cacheKey_locale_path_idx` (`expiryDate`,`cacheKey`,`locale`,`path`),
  KEY `craft_templatecaches_locale_fk` (`locale`)
) ENGINE=InnoDB DEFAULT CHARSET=utf8 COLLATE=utf8_unicode_ci;

DROP TABLE IF EXISTS `craft_tokens`;


--
-- Schema for table `craft_tokens`
--
CREATE TABLE `craft_tokens` (
  `id` int(11) NOT NULL AUTO_INCREMENT,
  `token` char(32) COLLATE utf8_unicode_ci NOT NULL,
  `route` text COLLATE utf8_unicode_ci,
  `usageLimit` tinyint(3) unsigned DEFAULT NULL,
  `usageCount` tinyint(3) unsigned DEFAULT NULL,
  `expiryDate` datetime NOT NULL,
  `dateCreated` datetime NOT NULL,
  `dateUpdated` datetime NOT NULL,
  `uid` char(36) COLLATE utf8_unicode_ci NOT NULL DEFAULT '0',
  PRIMARY KEY (`id`),
  UNIQUE KEY `craft_tokens_token_unq_idx` (`token`),
  KEY `craft_tokens_expiryDate_idx` (`expiryDate`)
) ENGINE=InnoDB DEFAULT CHARSET=utf8 COLLATE=utf8_unicode_ci;

DROP TABLE IF EXISTS `craft_usergroups`;


--
-- Schema for table `craft_usergroups`
--
CREATE TABLE `craft_usergroups` (
  `id` int(11) NOT NULL AUTO_INCREMENT,
  `name` varchar(255) COLLATE utf8_unicode_ci NOT NULL,
  `handle` varchar(255) COLLATE utf8_unicode_ci NOT NULL,
  `dateCreated` datetime NOT NULL,
  `dateUpdated` datetime NOT NULL,
  `uid` char(36) COLLATE utf8_unicode_ci NOT NULL DEFAULT '0',
  PRIMARY KEY (`id`),
  UNIQUE KEY `craft_usergroups_name_unq_idx` (`name`),
  UNIQUE KEY `craft_usergroups_handle_unq_idx` (`handle`)
) ENGINE=InnoDB DEFAULT CHARSET=utf8 COLLATE=utf8_unicode_ci;

DROP TABLE IF EXISTS `craft_usergroups_users`;


--
-- Schema for table `craft_usergroups_users`
--
CREATE TABLE `craft_usergroups_users` (
  `id` int(11) NOT NULL AUTO_INCREMENT,
  `groupId` int(11) NOT NULL,
  `userId` int(11) NOT NULL,
  `dateCreated` datetime NOT NULL,
  `dateUpdated` datetime NOT NULL,
  `uid` char(36) COLLATE utf8_unicode_ci NOT NULL DEFAULT '0',
  PRIMARY KEY (`id`),
  UNIQUE KEY `craft_usergroups_users_groupId_userId_unq_idx` (`groupId`,`userId`),
  KEY `craft_usergroups_users_userId_fk` (`userId`)
) ENGINE=InnoDB DEFAULT CHARSET=utf8 COLLATE=utf8_unicode_ci;

DROP TABLE IF EXISTS `craft_userpermissions`;


--
-- Schema for table `craft_userpermissions`
--
CREATE TABLE `craft_userpermissions` (
  `id` int(11) NOT NULL AUTO_INCREMENT,
  `name` varchar(255) COLLATE utf8_unicode_ci NOT NULL,
  `dateCreated` datetime NOT NULL,
  `dateUpdated` datetime NOT NULL,
  `uid` char(36) COLLATE utf8_unicode_ci NOT NULL DEFAULT '0',
  PRIMARY KEY (`id`),
  UNIQUE KEY `craft_userpermissions_name_unq_idx` (`name`)
) ENGINE=InnoDB AUTO_INCREMENT=25 DEFAULT CHARSET=utf8 COLLATE=utf8_unicode_ci;

--
-- Data for table `craft_userpermissions`
--

INSERT INTO `craft_userpermissions` (`id`, `name`, `dateCreated`, `dateUpdated`, `uid`) VALUES
 ('1', 'accesssitewhensystemisoff', '2017-05-05 00:25:33', '2017-05-05 00:25:33', '2f922d3d-1b58-461f-b3c2-849ee49682b1'),
 ('2', 'accesscp', '2017-05-05 00:25:33', '2017-05-05 00:25:33', '0f63f307-4bf5-481c-981e-c079a77cb797'),
 ('3', 'editusers', '2017-05-05 00:25:33', '2017-05-05 00:25:33', '98413bb6-180b-48ca-9f7d-e4e8815d9884'),
 ('4', 'deleteusers', '2017-05-05 00:25:33', '2017-05-05 00:25:33', '9445efa7-dac3-4a7b-b0ac-813118572774'),
 ('5', 'editentries:9', '2017-05-05 00:25:33', '2017-05-05 00:25:33', '0191cf83-5291-4a18-9e08-b65fba98ea9a'),
 ('6', 'editentries:14', '2017-05-05 00:25:33', '2017-05-05 00:25:33', '99bb7077-a8e5-403e-afc5-b5ef73bfe974'),
 ('7', 'editentries:1', '2017-05-05 00:25:33', '2017-05-05 00:25:33', '36e82502-ffeb-4b6f-8016-0bb52668237b'),
 ('8', 'editentries:16', '2017-05-05 00:25:33', '2017-05-05 00:25:33', 'ed0bd6b6-eb75-43ab-822f-1b6aa3a57a22'),
 ('9', 'editentries:5', '2017-05-05 00:25:33', '2017-05-05 00:25:33', '1d99c0da-05c3-4dcb-a20d-212e614d2419'),
 ('10', 'editentries:4', '2017-05-05 00:25:33', '2017-05-05 00:25:33', '8b3d100c-dc80-43a6-8fa6-1a8d45ba53ce'),
 ('11', 'editentries:2', '2017-05-05 00:25:33', '2017-05-05 00:25:33', '58b2677d-9fad-493f-a1f9-1e8f9309a9d7'),
 ('12', 'editentries:15', '2017-05-05 00:25:33', '2017-05-05 00:25:33', '686850e0-1123-421d-a234-3a818e25c200'),
 ('13', 'editentries:20', '2017-05-05 00:25:33', '2017-05-05 00:25:33', '79676a6d-ea79-4936-9d0b-18fc3f18ef90'),
 ('14', 'editentries:19', '2017-05-05 00:25:33', '2017-05-05 00:25:33', '21b86f24-b241-4810-8b2c-cff92c381eb9'),
 ('15', 'editentries:13', '2017-05-05 00:25:33', '2017-05-05 00:25:33', '264d5a26-741c-4214-8d23-62e2c4a48021'),
 ('16', 'editentries:10', '2017-05-05 00:25:33', '2017-05-05 00:25:33', '1acbbe6c-54a9-4475-8d76-f9a8b7949e65'),
 ('17', 'editentries:17', '2017-05-05 00:25:33', '2017-05-05 00:25:33', 'e376c62b-3e4c-4809-bbc0-a4e6b88c9a68'),
 ('18', 'editentries:12', '2017-05-05 00:25:33', '2017-05-05 00:25:33', '61de5532-95a0-4b6b-ab91-d90207022e5c'),
 ('19', 'editentries:18', '2017-05-05 00:25:33', '2017-05-05 00:25:33', '0fdda07c-2f0e-46c1-a590-756f038c67d0'),
 ('20', 'viewassetsource:1', '2017-05-05 00:25:33', '2017-05-05 00:25:33', 'a8b38d95-73b3-48fa-95c8-56282b38cbf1'),
 ('21', 'viewassetsource:2', '2017-05-05 00:25:33', '2017-05-05 00:25:33', 'eb2d890b-c588-4724-a58a-cd26d2104573'),
 ('22', 'viewassetsource:3', '2017-05-05 00:25:33', '2017-05-05 00:25:33', '3bed4480-6cec-432a-90ca-44321e316ac6'),
 ('23', 'viewassetsource:4', '2017-05-05 00:25:33', '2017-05-05 00:25:33', '7e0690c8-3641-4dd7-9051-5aa7bb51f64c'),
 ('24', 'viewassetsource:5', '2017-05-05 00:25:33', '2017-05-05 00:25:33', '9a956118-7f19-4d37-89df-e2e8755600d2');



DROP TABLE IF EXISTS `craft_userpermissions_usergroups`;


--
-- Schema for table `craft_userpermissions_usergroups`
--
CREATE TABLE `craft_userpermissions_usergroups` (
  `id` int(11) NOT NULL AUTO_INCREMENT,
  `permissionId` int(11) NOT NULL,
  `groupId` int(11) NOT NULL,
  `dateCreated` datetime NOT NULL,
  `dateUpdated` datetime NOT NULL,
  `uid` char(36) COLLATE utf8_unicode_ci NOT NULL DEFAULT '0',
  PRIMARY KEY (`id`),
  UNIQUE KEY `craft_userpermissions_usergroups_permissionId_groupId_unq_idx` (`permissionId`,`groupId`),
  KEY `craft_userpermissions_usergroups_groupId_fk` (`groupId`)
) ENGINE=InnoDB DEFAULT CHARSET=utf8 COLLATE=utf8_unicode_ci;

DROP TABLE IF EXISTS `craft_userpermissions_users`;


--
-- Schema for table `craft_userpermissions_users`
--
CREATE TABLE `craft_userpermissions_users` (
  `id` int(11) NOT NULL AUTO_INCREMENT,
  `permissionId` int(11) NOT NULL,
  `userId` int(11) NOT NULL,
  `dateCreated` datetime NOT NULL,
  `dateUpdated` datetime NOT NULL,
  `uid` char(36) COLLATE utf8_unicode_ci NOT NULL DEFAULT '0',
  PRIMARY KEY (`id`),
  UNIQUE KEY `craft_userpermissions_users_permissionId_userId_unq_idx` (`permissionId`,`userId`),
  KEY `craft_userpermissions_users_userId_fk` (`userId`)
) ENGINE=InnoDB DEFAULT CHARSET=utf8 COLLATE=utf8_unicode_ci;

DROP TABLE IF EXISTS `craft_users`;


--
-- Schema for table `craft_users`
--
CREATE TABLE `craft_users` (
  `id` int(11) NOT NULL,
  `username` varchar(100) COLLATE utf8_unicode_ci NOT NULL,
  `photo` varchar(100) COLLATE utf8_unicode_ci DEFAULT NULL,
  `firstName` varchar(100) COLLATE utf8_unicode_ci DEFAULT NULL,
  `lastName` varchar(100) COLLATE utf8_unicode_ci DEFAULT NULL,
  `email` varchar(255) COLLATE utf8_unicode_ci NOT NULL,
  `password` char(255) COLLATE utf8_unicode_ci DEFAULT NULL,
  `preferredLocale` char(12) COLLATE utf8_unicode_ci DEFAULT NULL,
  `weekStartDay` tinyint(1) unsigned NOT NULL DEFAULT '0',
  `admin` tinyint(1) unsigned NOT NULL DEFAULT '0',
  `client` tinyint(1) unsigned NOT NULL DEFAULT '0',
  `locked` tinyint(1) unsigned NOT NULL DEFAULT '0',
  `suspended` tinyint(1) unsigned NOT NULL DEFAULT '0',
  `pending` tinyint(1) unsigned NOT NULL DEFAULT '0',
  `archived` tinyint(1) unsigned NOT NULL DEFAULT '0',
  `lastLoginDate` datetime DEFAULT NULL,
  `lastLoginAttemptIPAddress` varchar(45) COLLATE utf8_unicode_ci DEFAULT NULL,
  `invalidLoginWindowStart` datetime DEFAULT NULL,
  `invalidLoginCount` tinyint(4) unsigned DEFAULT NULL,
  `lastInvalidLoginDate` datetime DEFAULT NULL,
  `lockoutDate` datetime DEFAULT NULL,
  `verificationCode` char(100) COLLATE utf8_unicode_ci DEFAULT NULL,
  `verificationCodeIssuedDate` datetime DEFAULT NULL,
  `unverifiedEmail` varchar(255) COLLATE utf8_unicode_ci DEFAULT NULL,
  `passwordResetRequired` tinyint(1) unsigned NOT NULL DEFAULT '0',
  `lastPasswordChangeDate` datetime DEFAULT NULL,
  `dateCreated` datetime NOT NULL,
  `dateUpdated` datetime NOT NULL,
  `uid` char(36) COLLATE utf8_unicode_ci NOT NULL DEFAULT '0',
  PRIMARY KEY (`id`),
  UNIQUE KEY `craft_users_username_unq_idx` (`username`),
  UNIQUE KEY `craft_users_email_unq_idx` (`email`),
  KEY `craft_users_verificationCode_idx` (`verificationCode`),
  KEY `craft_users_uid_idx` (`uid`),
  KEY `craft_users_preferredLocale_fk` (`preferredLocale`)
) ENGINE=InnoDB DEFAULT CHARSET=utf8 COLLATE=utf8_unicode_ci;

--
-- Data for table `craft_users`
--

INSERT INTO `craft_users` (`id`, `username`, `photo`, `firstName`, `lastName`, `email`, `password`, `preferredLocale`, `weekStartDay`, `admin`, `client`, `locked`, `suspended`, `pending`, `archived`, `lastLoginDate`, `lastLoginAttemptIPAddress`, `invalidLoginWindowStart`, `invalidLoginCount`, `lastInvalidLoginDate`, `lockoutDate`, `verificationCode`, `verificationCodeIssuedDate`, `unverifiedEmail`, `passwordResetRequired`, `lastPasswordChangeDate`, `dateCreated`, `dateUpdated`, `uid`) VALUES
 ('1', 'webmasterSeattle', NULL, NULL, NULL, 'joe.waine@gmail.com', '$2y$13$Msh7kKMxGIMoetgFTz5lSOrAiKyrPdNmWQg.AqYf2pwSayniOCUHa', NULL, '0', '1', '0', '0', '0', '0', '0', '2017-06-11 12:40:41', '157.157.140.2', NULL, NULL, NULL, NULL, NULL, NULL, NULL, '0', '2017-03-04 21:05:16', '2017-03-04 21:05:16', '2017-06-11 12:40:41', 'bdc63deb-66e6-4575-b801-c56ec1943536'),
 ('244', 'wassef', NULL, 'wassef', 'haroun', 'wassef@mbarseattle.com', NULL, NULL, '0', '1', '0', '0', '0', '1', '0', NULL, NULL, NULL, NULL, NULL, NULL, '$2y$13$g4Hze0ufHAcGoHnfbdqQBOGPertTHkOq0cARgbNwig7nCky3zHwPy', '2017-05-05 00:27:24', 'wassef@mbarseattle.com', '0', NULL, '2017-04-18 21:49:33', '2017-05-05 00:27:24', '8de34f46-701f-4f7a-9ffb-c344a611d162'),
 ('257', 'wassef_mbar', NULL, 'wassef', 'haroun', 'wassef@mamnoonrestaurant.com', NULL, NULL, '0', '1', '0', '0', '0', '1', '0', NULL, NULL, NULL, NULL, NULL, NULL, '$2y$13$PnqJiKyYFrPRw.x7yZ.QveiZ9x0dBxmSci3QBen4HfRv.OwMHsDF6', '2017-05-08 19:43:06', 'wassef@mamnoonrestaurant.com', '0', NULL, '2017-05-07 18:58:22', '2017-05-08 19:43:06', '06c199cf-b169-4168-ba10-6aa8ff7a03b1');



DROP TABLE IF EXISTS `craft_widgets`;


--
-- Schema for table `craft_widgets`
--
CREATE TABLE `craft_widgets` (
  `id` int(11) NOT NULL AUTO_INCREMENT,
  `userId` int(11) NOT NULL,
  `type` varchar(150) COLLATE utf8_unicode_ci NOT NULL,
  `sortOrder` smallint(6) unsigned DEFAULT NULL,
  `colspan` tinyint(4) unsigned DEFAULT NULL,
  `settings` text COLLATE utf8_unicode_ci,
  `enabled` tinyint(1) unsigned NOT NULL DEFAULT '1',
  `dateCreated` datetime NOT NULL,
  `dateUpdated` datetime NOT NULL,
  `uid` char(36) COLLATE utf8_unicode_ci NOT NULL DEFAULT '0',
  PRIMARY KEY (`id`),
  KEY `craft_widgets_userId_fk` (`userId`)
) ENGINE=InnoDB AUTO_INCREMENT=5 DEFAULT CHARSET=utf8 COLLATE=utf8_unicode_ci;

--
-- Data for table `craft_widgets`
--

INSERT INTO `craft_widgets` (`id`, `userId`, `type`, `sortOrder`, `colspan`, `settings`, `enabled`, `dateCreated`, `dateUpdated`, `uid`) VALUES
 ('1', '1', 'RecentEntries', '1', NULL, NULL, '1', '2017-03-04 21:05:27', '2017-03-04 21:05:27', 'c66d1e51-5efc-4346-b533-cd5923c1ca76'),
 ('2', '1', 'GetHelp', '2', NULL, NULL, '1', '2017-03-04 21:05:27', '2017-03-04 21:05:27', 'ed1d5eba-5229-4e62-b78e-7e6c720c70a6'),
 ('3', '1', 'Updates', '3', NULL, NULL, '1', '2017-03-04 21:05:27', '2017-03-04 21:05:27', '5d23abc3-b96e-440a-ae4c-31cb377c467c'),
 ('4', '1', 'Feed', '4', NULL, '{\"url\":\"https:\\/\\/craftcms.com\\/news.rss\",\"title\":\"Craft News\"}', '1', '2017-03-04 21:05:27', '2017-03-04 21:05:27', '988c4947-2a7b-4905-8699-8551668711b7');


--
-- Constraints for tables
--


--
-- Constraints for table `craft_assetfiles`
--
ALTER TABLE `craft_assetfiles`
	ADD CONSTRAINT `craft_assetfiles_folderId_fk` FOREIGN KEY (`folderId`) REFERENCES `craft_assetfolders` (`id`) ON DELETE CASCADE,
	ADD CONSTRAINT `craft_assetfiles_id_fk` FOREIGN KEY (`id`) REFERENCES `craft_elements` (`id`) ON DELETE CASCADE,
	ADD CONSTRAINT `craft_assetfiles_sourceId_fk` FOREIGN KEY (`sourceId`) REFERENCES `craft_assetsources` (`id`) ON DELETE CASCADE;

--
-- Constraints for table `craft_assetfolders`
--
ALTER TABLE `craft_assetfolders`
	ADD CONSTRAINT `craft_assetfolders_parentId_fk` FOREIGN KEY (`parentId`) REFERENCES `craft_assetfolders` (`id`) ON DELETE CASCADE,
	ADD CONSTRAINT `craft_assetfolders_sourceId_fk` FOREIGN KEY (`sourceId`) REFERENCES `craft_assetsources` (`id`) ON DELETE CASCADE;

--
-- Constraints for table `craft_assetindexdata`
--
ALTER TABLE `craft_assetindexdata`
	ADD CONSTRAINT `craft_assetindexdata_sourceId_fk` FOREIGN KEY (`sourceId`) REFERENCES `craft_assetsources` (`id`) ON DELETE CASCADE;

--
-- Constraints for table `craft_assetsources`
--
ALTER TABLE `craft_assetsources`
	ADD CONSTRAINT `craft_assetsources_fieldLayoutId_fk` FOREIGN KEY (`fieldLayoutId`) REFERENCES `craft_fieldlayouts` (`id`) ON DELETE SET NULL;

--
-- Constraints for table `craft_categories`
--
ALTER TABLE `craft_categories`
	ADD CONSTRAINT `craft_categories_groupId_fk` FOREIGN KEY (`groupId`) REFERENCES `craft_categorygroups` (`id`) ON DELETE CASCADE,
	ADD CONSTRAINT `craft_categories_id_fk` FOREIGN KEY (`id`) REFERENCES `craft_elements` (`id`) ON DELETE CASCADE;

--
-- Constraints for table `craft_categorygroups`
--
ALTER TABLE `craft_categorygroups`
	ADD CONSTRAINT `craft_categorygroups_fieldLayoutId_fk` FOREIGN KEY (`fieldLayoutId`) REFERENCES `craft_fieldlayouts` (`id`) ON DELETE SET NULL,
	ADD CONSTRAINT `craft_categorygroups_structureId_fk` FOREIGN KEY (`structureId`) REFERENCES `craft_structures` (`id`) ON DELETE CASCADE;

--
-- Constraints for table `craft_categorygroups_i18n`
--
ALTER TABLE `craft_categorygroups_i18n`
	ADD CONSTRAINT `craft_categorygroups_i18n_groupId_fk` FOREIGN KEY (`groupId`) REFERENCES `craft_categorygroups` (`id`) ON DELETE CASCADE,
	ADD CONSTRAINT `craft_categorygroups_i18n_locale_fk` FOREIGN KEY (`locale`) REFERENCES `craft_locales` (`locale`) ON DELETE CASCADE ON UPDATE CASCADE;

--
-- Constraints for table `craft_content`
--
ALTER TABLE `craft_content`
	ADD CONSTRAINT `craft_content_elementId_fk` FOREIGN KEY (`elementId`) REFERENCES `craft_elements` (`id`) ON DELETE CASCADE,
	ADD CONSTRAINT `craft_content_locale_fk` FOREIGN KEY (`locale`) REFERENCES `craft_locales` (`locale`) ON DELETE CASCADE ON UPDATE CASCADE;

--
-- Constraints for table `craft_elements_i18n`
--
ALTER TABLE `craft_elements_i18n`
	ADD CONSTRAINT `craft_elements_i18n_elementId_fk` FOREIGN KEY (`elementId`) REFERENCES `craft_elements` (`id`) ON DELETE CASCADE,
	ADD CONSTRAINT `craft_elements_i18n_locale_fk` FOREIGN KEY (`locale`) REFERENCES `craft_locales` (`locale`) ON DELETE CASCADE ON UPDATE CASCADE;

--
-- Constraints for table `craft_emailmessages`
--
ALTER TABLE `craft_emailmessages`
	ADD CONSTRAINT `craft_emailmessages_locale_fk` FOREIGN KEY (`locale`) REFERENCES `craft_locales` (`locale`) ON DELETE CASCADE ON UPDATE CASCADE;

--
-- Constraints for table `craft_entries`
--
ALTER TABLE `craft_entries`
	ADD CONSTRAINT `craft_entries_authorId_fk` FOREIGN KEY (`authorId`) REFERENCES `craft_users` (`id`) ON DELETE CASCADE,
	ADD CONSTRAINT `craft_entries_id_fk` FOREIGN KEY (`id`) REFERENCES `craft_elements` (`id`) ON DELETE CASCADE,
	ADD CONSTRAINT `craft_entries_sectionId_fk` FOREIGN KEY (`sectionId`) REFERENCES `craft_sections` (`id`) ON DELETE CASCADE,
	ADD CONSTRAINT `craft_entries_typeId_fk` FOREIGN KEY (`typeId`) REFERENCES `craft_entrytypes` (`id`) ON DELETE CASCADE;

--
-- Constraints for table `craft_entrydrafts`
--
ALTER TABLE `craft_entrydrafts`
	ADD CONSTRAINT `craft_entrydrafts_creatorId_fk` FOREIGN KEY (`creatorId`) REFERENCES `craft_users` (`id`) ON DELETE CASCADE,
	ADD CONSTRAINT `craft_entrydrafts_entryId_fk` FOREIGN KEY (`entryId`) REFERENCES `craft_entries` (`id`) ON DELETE CASCADE,
	ADD CONSTRAINT `craft_entrydrafts_locale_fk` FOREIGN KEY (`locale`) REFERENCES `craft_locales` (`locale`) ON DELETE CASCADE ON UPDATE CASCADE,
	ADD CONSTRAINT `craft_entrydrafts_sectionId_fk` FOREIGN KEY (`sectionId`) REFERENCES `craft_sections` (`id`) ON DELETE CASCADE;

--
-- Constraints for table `craft_entrytypes`
--
ALTER TABLE `craft_entrytypes`
	ADD CONSTRAINT `craft_entrytypes_fieldLayoutId_fk` FOREIGN KEY (`fieldLayoutId`) REFERENCES `craft_fieldlayouts` (`id`) ON DELETE SET NULL,
	ADD CONSTRAINT `craft_entrytypes_sectionId_fk` FOREIGN KEY (`sectionId`) REFERENCES `craft_sections` (`id`) ON DELETE CASCADE;

--
-- Constraints for table `craft_entryversions`
--
ALTER TABLE `craft_entryversions`
	ADD CONSTRAINT `craft_entryversions_creatorId_fk` FOREIGN KEY (`creatorId`) REFERENCES `craft_users` (`id`) ON DELETE SET NULL,
	ADD CONSTRAINT `craft_entryversions_entryId_fk` FOREIGN KEY (`entryId`) REFERENCES `craft_entries` (`id`) ON DELETE CASCADE,
	ADD CONSTRAINT `craft_entryversions_locale_fk` FOREIGN KEY (`locale`) REFERENCES `craft_locales` (`locale`) ON DELETE CASCADE ON UPDATE CASCADE,
	ADD CONSTRAINT `craft_entryversions_sectionId_fk` FOREIGN KEY (`sectionId`) REFERENCES `craft_sections` (`id`) ON DELETE CASCADE;

--
-- Constraints for table `craft_fieldlayoutfields`
--
ALTER TABLE `craft_fieldlayoutfields`
	ADD CONSTRAINT `craft_fieldlayoutfields_fieldId_fk` FOREIGN KEY (`fieldId`) REFERENCES `craft_fields` (`id`) ON DELETE CASCADE,
	ADD CONSTRAINT `craft_fieldlayoutfields_layoutId_fk` FOREIGN KEY (`layoutId`) REFERENCES `craft_fieldlayouts` (`id`) ON DELETE CASCADE,
	ADD CONSTRAINT `craft_fieldlayoutfields_tabId_fk` FOREIGN KEY (`tabId`) REFERENCES `craft_fieldlayouttabs` (`id`) ON DELETE CASCADE;

--
-- Constraints for table `craft_fieldlayouttabs`
--
ALTER TABLE `craft_fieldlayouttabs`
	ADD CONSTRAINT `craft_fieldlayouttabs_layoutId_fk` FOREIGN KEY (`layoutId`) REFERENCES `craft_fieldlayouts` (`id`) ON DELETE CASCADE;

--
-- Constraints for table `craft_fields`
--
ALTER TABLE `craft_fields`
	ADD CONSTRAINT `craft_fields_groupId_fk` FOREIGN KEY (`groupId`) REFERENCES `craft_fieldgroups` (`id`) ON DELETE CASCADE;

--
-- Constraints for table `craft_globalsets`
--
ALTER TABLE `craft_globalsets`
	ADD CONSTRAINT `craft_globalsets_fieldLayoutId_fk` FOREIGN KEY (`fieldLayoutId`) REFERENCES `craft_fieldlayouts` (`id`) ON DELETE SET NULL,
	ADD CONSTRAINT `craft_globalsets_id_fk` FOREIGN KEY (`id`) REFERENCES `craft_elements` (`id`) ON DELETE CASCADE;

--
-- Constraints for table `craft_matrixblocks`
--
ALTER TABLE `craft_matrixblocks`
	ADD CONSTRAINT `craft_matrixblocks_fieldId_fk` FOREIGN KEY (`fieldId`) REFERENCES `craft_fields` (`id`) ON DELETE CASCADE,
	ADD CONSTRAINT `craft_matrixblocks_id_fk` FOREIGN KEY (`id`) REFERENCES `craft_elements` (`id`) ON DELETE CASCADE,
	ADD CONSTRAINT `craft_matrixblocks_ownerId_fk` FOREIGN KEY (`ownerId`) REFERENCES `craft_elements` (`id`) ON DELETE CASCADE,
	ADD CONSTRAINT `craft_matrixblocks_ownerLocale_fk` FOREIGN KEY (`ownerLocale`) REFERENCES `craft_locales` (`locale`) ON DELETE CASCADE ON UPDATE CASCADE,
	ADD CONSTRAINT `craft_matrixblocks_typeId_fk` FOREIGN KEY (`typeId`) REFERENCES `craft_matrixblocktypes` (`id`) ON DELETE CASCADE;

--
-- Constraints for table `craft_matrixblocktypes`
--
ALTER TABLE `craft_matrixblocktypes`
	ADD CONSTRAINT `craft_matrixblocktypes_fieldId_fk` FOREIGN KEY (`fieldId`) REFERENCES `craft_fields` (`id`) ON DELETE CASCADE,
	ADD CONSTRAINT `craft_matrixblocktypes_fieldLayoutId_fk` FOREIGN KEY (`fieldLayoutId`) REFERENCES `craft_fieldlayouts` (`id`) ON DELETE SET NULL;

--
-- Constraints for table `craft_matrixcontent_foodmenu`
--
ALTER TABLE `craft_matrixcontent_foodmenu`
	ADD CONSTRAINT `craft_matrixcontent_foodmenu_elementId_fk` FOREIGN KEY (`elementId`) REFERENCES `craft_elements` (`id`) ON DELETE CASCADE,
	ADD CONSTRAINT `craft_matrixcontent_foodmenu_locale_fk` FOREIGN KEY (`locale`) REFERENCES `craft_locales` (`locale`) ON DELETE CASCADE ON UPDATE CASCADE;

--
-- Constraints for table `craft_matrixcontent_homepagemodules`
--
ALTER TABLE `craft_matrixcontent_homepagemodules`
	ADD CONSTRAINT `craft_matrixcontent_homepagemodules_elementId_fk` FOREIGN KEY (`elementId`) REFERENCES `craft_elements` (`id`) ON DELETE CASCADE,
	ADD CONSTRAINT `craft_matrixcontent_homepagemodules_locale_fk` FOREIGN KEY (`locale`) REFERENCES `craft_locales` (`locale`) ON DELETE CASCADE ON UPDATE CASCADE;

--
-- Constraints for table `craft_matrixcontent_menugroup`
--
ALTER TABLE `craft_matrixcontent_menugroup`
	ADD CONSTRAINT `craft_matrixcontent_menugroup_elementId_fk` FOREIGN KEY (`elementId`) REFERENCES `craft_elements` (`id`) ON DELETE CASCADE,
	ADD CONSTRAINT `craft_matrixcontent_menugroup_locale_fk` FOREIGN KEY (`locale`) REFERENCES `craft_locales` (`locale`) ON DELETE CASCADE ON UPDATE CASCADE;

--
-- Constraints for table `craft_matrixcontent_topnavigation`
--
ALTER TABLE `craft_matrixcontent_topnavigation`
	ADD CONSTRAINT `craft_matrixcontent_topnavigation_elementId_fk` FOREIGN KEY (`elementId`) REFERENCES `craft_elements` (`id`) ON DELETE CASCADE,
	ADD CONSTRAINT `craft_matrixcontent_topnavigation_locale_fk` FOREIGN KEY (`locale`) REFERENCES `craft_locales` (`locale`) ON DELETE CASCADE ON UPDATE CASCADE;

--
-- Constraints for table `craft_migrations`
--
ALTER TABLE `craft_migrations`
	ADD CONSTRAINT `craft_migrations_pluginId_fk` FOREIGN KEY (`pluginId`) REFERENCES `craft_plugins` (`id`) ON DELETE CASCADE;

--
-- Constraints for table `craft_relations`
--
ALTER TABLE `craft_relations`
	ADD CONSTRAINT `craft_relations_fieldId_fk` FOREIGN KEY (`fieldId`) REFERENCES `craft_fields` (`id`) ON DELETE CASCADE,
	ADD CONSTRAINT `craft_relations_sourceId_fk` FOREIGN KEY (`sourceId`) REFERENCES `craft_elements` (`id`) ON DELETE CASCADE,
	ADD CONSTRAINT `craft_relations_sourceLocale_fk` FOREIGN KEY (`sourceLocale`) REFERENCES `craft_locales` (`locale`) ON DELETE CASCADE ON UPDATE CASCADE,
	ADD CONSTRAINT `craft_relations_targetId_fk` FOREIGN KEY (`targetId`) REFERENCES `craft_elements` (`id`) ON DELETE CASCADE;

--
-- Constraints for table `craft_routes`
--
ALTER TABLE `craft_routes`
	ADD CONSTRAINT `craft_routes_locale_fk` FOREIGN KEY (`locale`) REFERENCES `craft_locales` (`locale`) ON DELETE CASCADE ON UPDATE CASCADE;

--
-- Constraints for table `craft_sections`
--
ALTER TABLE `craft_sections`
	ADD CONSTRAINT `craft_sections_structureId_fk` FOREIGN KEY (`structureId`) REFERENCES `craft_structures` (`id`) ON DELETE SET NULL;

--
-- Constraints for table `craft_sections_i18n`
--
ALTER TABLE `craft_sections_i18n`
	ADD CONSTRAINT `craft_sections_i18n_locale_fk` FOREIGN KEY (`locale`) REFERENCES `craft_locales` (`locale`) ON DELETE CASCADE ON UPDATE CASCADE,
	ADD CONSTRAINT `craft_sections_i18n_sectionId_fk` FOREIGN KEY (`sectionId`) REFERENCES `craft_sections` (`id`) ON DELETE CASCADE;

--
-- Constraints for table `craft_sessions`
--
ALTER TABLE `craft_sessions`
	ADD CONSTRAINT `craft_sessions_userId_fk` FOREIGN KEY (`userId`) REFERENCES `craft_users` (`id`) ON DELETE CASCADE;

--
-- Constraints for table `craft_shunnedmessages`
--
ALTER TABLE `craft_shunnedmessages`
	ADD CONSTRAINT `craft_shunnedmessages_userId_fk` FOREIGN KEY (`userId`) REFERENCES `craft_users` (`id`) ON DELETE CASCADE;

--
-- Constraints for table `craft_structureelements`
--
ALTER TABLE `craft_structureelements`
	ADD CONSTRAINT `craft_structureelements_elementId_fk` FOREIGN KEY (`elementId`) REFERENCES `craft_elements` (`id`) ON DELETE CASCADE,
	ADD CONSTRAINT `craft_structureelements_structureId_fk` FOREIGN KEY (`structureId`) REFERENCES `craft_structures` (`id`) ON DELETE CASCADE;

--
-- Constraints for table `craft_taggroups`
--
ALTER TABLE `craft_taggroups`
	ADD CONSTRAINT `craft_taggroups_fieldLayoutId_fk` FOREIGN KEY (`fieldLayoutId`) REFERENCES `craft_fieldlayouts` (`id`) ON DELETE SET NULL;

--
-- Constraints for table `craft_tags`
--
ALTER TABLE `craft_tags`
	ADD CONSTRAINT `craft_tags_groupId_fk` FOREIGN KEY (`groupId`) REFERENCES `craft_taggroups` (`id`) ON DELETE CASCADE,
	ADD CONSTRAINT `craft_tags_id_fk` FOREIGN KEY (`id`) REFERENCES `craft_elements` (`id`) ON DELETE CASCADE;

--
-- Constraints for table `craft_templatecachecriteria`
--
ALTER TABLE `craft_templatecachecriteria`
	ADD CONSTRAINT `craft_templatecachecriteria_cacheId_fk` FOREIGN KEY (`cacheId`) REFERENCES `craft_templatecaches` (`id`) ON DELETE CASCADE;

--
-- Constraints for table `craft_templatecacheelements`
--
ALTER TABLE `craft_templatecacheelements`
	ADD CONSTRAINT `craft_templatecacheelements_cacheId_fk` FOREIGN KEY (`cacheId`) REFERENCES `craft_templatecaches` (`id`) ON DELETE CASCADE,
	ADD CONSTRAINT `craft_templatecacheelements_elementId_fk` FOREIGN KEY (`elementId`) REFERENCES `craft_elements` (`id`) ON DELETE CASCADE;

--
-- Constraints for table `craft_templatecaches`
--
ALTER TABLE `craft_templatecaches`
	ADD CONSTRAINT `craft_templatecaches_locale_fk` FOREIGN KEY (`locale`) REFERENCES `craft_locales` (`locale`) ON DELETE CASCADE ON UPDATE CASCADE;

--
-- Constraints for table `craft_usergroups_users`
--
ALTER TABLE `craft_usergroups_users`
	ADD CONSTRAINT `craft_usergroups_users_groupId_fk` FOREIGN KEY (`groupId`) REFERENCES `craft_usergroups` (`id`) ON DELETE CASCADE,
	ADD CONSTRAINT `craft_usergroups_users_userId_fk` FOREIGN KEY (`userId`) REFERENCES `craft_users` (`id`) ON DELETE CASCADE;

--
-- Constraints for table `craft_userpermissions_usergroups`
--
ALTER TABLE `craft_userpermissions_usergroups`
	ADD CONSTRAINT `craft_userpermissions_usergroups_groupId_fk` FOREIGN KEY (`groupId`) REFERENCES `craft_usergroups` (`id`) ON DELETE CASCADE,
	ADD CONSTRAINT `craft_userpermissions_usergroups_permissionId_fk` FOREIGN KEY (`permissionId`) REFERENCES `craft_userpermissions` (`id`) ON DELETE CASCADE;

--
-- Constraints for table `craft_userpermissions_users`
--
ALTER TABLE `craft_userpermissions_users`
	ADD CONSTRAINT `craft_userpermissions_users_permissionId_fk` FOREIGN KEY (`permissionId`) REFERENCES `craft_userpermissions` (`id`) ON DELETE CASCADE,
	ADD CONSTRAINT `craft_userpermissions_users_userId_fk` FOREIGN KEY (`userId`) REFERENCES `craft_users` (`id`) ON DELETE CASCADE;

--
-- Constraints for table `craft_users`
--
ALTER TABLE `craft_users`
	ADD CONSTRAINT `craft_users_id_fk` FOREIGN KEY (`id`) REFERENCES `craft_elements` (`id`) ON DELETE CASCADE,
	ADD CONSTRAINT `craft_users_preferredLocale_fk` FOREIGN KEY (`preferredLocale`) REFERENCES `craft_locales` (`locale`) ON DELETE SET NULL ON UPDATE CASCADE;

--
-- Constraints for table `craft_widgets`
--
ALTER TABLE `craft_widgets`
	ADD CONSTRAINT `craft_widgets_userId_fk` FOREIGN KEY (`userId`) REFERENCES `craft_users` (`id`) ON DELETE CASCADE;

SET FOREIGN_KEY_CHECKS = 1;
